/*
 Navicat MySQL Data Transfer

 Source Server         : 本地mysql
 Source Server Type    : MySQL
 Source Server Version : 50730
 Source Host           : localhost:3306
 Source Schema         : durian

 Target Server Type    : MySQL
 Target Server Version : 50730
 File Encoding         : 65001

 Date: 09/08/2020 18:55:31
*/

SET NAMES utf8mb4;
SET FOREIGN_KEY_CHECKS = 0;

-- ----------------------------
-- Table structure for persistent_logins
-- ----------------------------
DROP TABLE IF EXISTS `persistent_logins`;
CREATE TABLE `persistent_logins`  (
  `username` varchar(64) CHARACTER SET utf8mb4 COLLATE utf8mb4_general_ci NOT NULL,
  `series` varchar(64) CHARACTER SET utf8mb4 COLLATE utf8mb4_general_ci NOT NULL,
  `token` varchar(64) CHARACTER SET utf8mb4 COLLATE utf8mb4_general_ci NOT NULL,
  `last_used` timestamp(0) NOT NULL DEFAULT CURRENT_TIMESTAMP(0) ON UPDATE CURRENT_TIMESTAMP(0),
  PRIMARY KEY (`series`) USING BTREE
) ENGINE = InnoDB CHARACTER SET = utf8mb4 COLLATE = utf8mb4_general_ci ROW_FORMAT = DYNAMIC;

-- ----------------------------
-- Records of persistent_logins
-- ----------------------------
INSERT INTO `persistent_logins` VALUES ('swing', '0U4Dd7IDjRddz5iJtp2Tuw==', 'b2SoMKGlY8NpLGBBN7wACA==', '2020-08-09 14:57:42');
INSERT INTO `persistent_logins` VALUES ('swing', 'aBw6XqhXaOV/3DurFDb0xA==', 'Y19Ac/ex1rYIzJrMPULj0g==', '2020-08-09 17:46:45');
INSERT INTO `persistent_logins` VALUES ('swing', 'B5uc6Q2Ln9g1IFkGwhzzOw==', 'bLwZ4A09HKYwXlTzwieX9A==', '2020-08-09 18:30:14');
INSERT INTO `persistent_logins` VALUES ('qian', 'Uc0iVwwjksisLcS7nXXi6A==', 'TFflyCfMtQ15AfBXxxtq/Q==', '2020-08-05 10:30:38');
INSERT INTO `persistent_logins` VALUES ('qian', 'XZMDuzCaSbFZ9yldtC3R3Q==', 'R/meYKZvoHsIzMl8loPcLA==', '2020-08-09 18:28:28');

-- ----------------------------
-- Table structure for quartz_job
-- ----------------------------
DROP TABLE IF EXISTS `quartz_job`;
CREATE TABLE `quartz_job`  (
  `id` bigint(20) NOT NULL AUTO_INCREMENT COMMENT '任务ID',
  `job_name` varchar(64) CHARACTER SET utf8mb4 COLLATE utf8mb4_general_ci NOT NULL DEFAULT '' COMMENT '任务名称',
  `job_group` varchar(64) CHARACTER SET utf8mb4 COLLATE utf8mb4_general_ci NOT NULL DEFAULT 'DEFAULT' COMMENT '任务组名',
  `invoke_target` varchar(500) CHARACTER SET utf8mb4 COLLATE utf8mb4_general_ci NOT NULL COMMENT '调用目标字符串',
  `cron_expression` varchar(255) CHARACTER SET utf8mb4 COLLATE utf8mb4_general_ci NULL DEFAULT '' COMMENT 'cron执行表达式',
  `misfire_policy` char(1) CHARACTER SET utf8mb4 COLLATE utf8mb4_general_ci NULL DEFAULT '3' COMMENT '计划执行策略（A立即执行 B执行一次 C放弃执行）',
  `is_concurrent` tinyint(1) NULL DEFAULT 1 COMMENT '是否并发执行（1是 0否）',
  `is_use` tinyint(1) NULL DEFAULT 0 COMMENT '使用状态（1使用 2停用）',
  `order_num` int(4) NULL DEFAULT NULL COMMENT '显示顺序',
  `create_by` varchar(64) CHARACTER SET utf8mb4 COLLATE utf8mb4_general_ci NULL DEFAULT '' COMMENT '创建者',
  `create_time` datetime(0) NULL DEFAULT NULL COMMENT '创建时间',
  `update_by` varchar(64) CHARACTER SET utf8mb4 COLLATE utf8mb4_general_ci NULL DEFAULT '' COMMENT '更新者',
  `update_time` datetime(0) NULL DEFAULT NULL COMMENT '更新时间',
  `remark` varchar(500) CHARACTER SET utf8mb4 COLLATE utf8mb4_general_ci NULL DEFAULT '' COMMENT '备注信息',
  PRIMARY KEY (`id`, `job_name`, `job_group`) USING BTREE
) ENGINE = InnoDB AUTO_INCREMENT = 4 CHARACTER SET = utf8mb4 COLLATE = utf8mb4_general_ci COMMENT = '定时任务调度表' ROW_FORMAT = DYNAMIC;

-- ----------------------------
-- Records of quartz_job
-- ----------------------------
INSERT INTO `quartz_job` VALUES (1, '系统默认（无参）', 'DEFAULT', 'ryTask.ryNoParams', '0/10 * * * * ?', 'A', 1, 1, 1, 'swing', '2018-03-16 11:33:00', 'swing', '2020-07-17 10:21:03', '测试');
INSERT INTO `quartz_job` VALUES (2, '系统默认（有参）', 'DEFAULT', 'ryTask.ryParams(\'ry\')', '0/15 * * * * ?', 'A', 1, 1, 2, 'swing', '2018-03-16 11:33:00', 'swing', '2018-03-16 11:33:00', '测试');
INSERT INTO `quartz_job` VALUES (3, '系统默认（多参）', 'DEFAULT', 'ryTask.ryMultipleParams(\'ry\', true, 2000L, 316.50D, 100)', '0/20 * * * * ?', 'A', 1, 1, 3, 'swing', '2018-03-16 11:33:00', 'swing', '2018-03-16 11:33:00', '测试');

-- ----------------------------
-- Table structure for quartz_job_log
-- ----------------------------
DROP TABLE IF EXISTS `quartz_job_log`;
CREATE TABLE `quartz_job_log`  (
  `id` bigint(20) NOT NULL AUTO_INCREMENT COMMENT '任务日志ID',
  `job_id` bigint(20) NOT NULL COMMENT '任务id',
  `job_message` varchar(500) CHARACTER SET utf8mb4 COLLATE utf8mb4_general_ci NULL DEFAULT NULL COMMENT '日志信息',
  `is_success` tinyint(1) NULL DEFAULT 0 COMMENT '执行状态（1成功 0失败）',
  `exception_info` varchar(2000) CHARACTER SET utf8mb4 COLLATE utf8mb4_general_ci NULL DEFAULT '' COMMENT '异常信息',
  `create_time` datetime(0) NULL DEFAULT NULL COMMENT '创建时间',
  PRIMARY KEY (`id`) USING BTREE
) ENGINE = InnoDB AUTO_INCREMENT = 5 CHARACTER SET = utf8mb4 COLLATE = utf8mb4_general_ci COMMENT = '定时任务调度日志表' ROW_FORMAT = DYNAMIC;

-- ----------------------------
-- Records of quartz_job_log
-- ----------------------------
INSERT INTO `quartz_job_log` VALUES (1, 1, '系统默认（无参） 总共耗时：4毫秒', 1, '', '2020-07-17 10:16:11');
INSERT INTO `quartz_job_log` VALUES (2, 2, '系统默认（无参） 总共耗时：0毫秒', 1, '', '2020-07-17 10:20:40');
INSERT INTO `quartz_job_log` VALUES (3, 3, '系统默认（无参） 总共耗时：0毫秒', 1, '', '2020-07-17 10:20:50');
INSERT INTO `quartz_job_log` VALUES (4, 4, '系统默认（无参） 总共耗时：1毫秒', 1, '', '2020-07-17 10:21:00');

-- ----------------------------
-- Table structure for sys_config
-- ----------------------------
DROP TABLE IF EXISTS `sys_config`;
CREATE TABLE `sys_config`  (
  `id` bigint(20) NOT NULL AUTO_INCREMENT COMMENT '参数主键',
  `config_name` varchar(100) CHARACTER SET utf8mb4 COLLATE utf8mb4_general_ci NULL DEFAULT '' COMMENT '参数名称',
  `config_key` varchar(100) CHARACTER SET utf8mb4 COLLATE utf8mb4_general_ci NULL DEFAULT '' COMMENT '参数键名',
  `config_value` varchar(500) CHARACTER SET utf8mb4 COLLATE utf8mb4_general_ci NULL DEFAULT '' COMMENT '参数键值',
  `is_inner` tinyint(1) NULL DEFAULT NULL COMMENT '系统内置（1是 0否）',
  `is_use` tinyint(1) NULL DEFAULT NULL COMMENT '是否使用',
  `order_num` int(4) NULL DEFAULT NULL COMMENT '显示顺序',
  `create_by` varchar(64) CHARACTER SET utf8mb4 COLLATE utf8mb4_general_ci NULL DEFAULT '' COMMENT '创建者',
  `create_time` datetime(0) NULL DEFAULT NULL COMMENT '创建时间',
  `update_by` varchar(64) CHARACTER SET utf8mb4 COLLATE utf8mb4_general_ci NULL DEFAULT '' COMMENT '更新者',
  `update_time` datetime(0) NULL DEFAULT NULL COMMENT '更新时间',
  `remark` varchar(500) CHARACTER SET utf8mb4 COLLATE utf8mb4_general_ci NULL DEFAULT NULL COMMENT '备注',
  PRIMARY KEY (`id`) USING BTREE,
  UNIQUE INDEX `uk_config_name`(`config_name`) USING BTREE,
  UNIQUE INDEX `uk_config_key`(`config_key`) USING BTREE
) ENGINE = InnoDB AUTO_INCREMENT = 45 CHARACTER SET = utf8mb4 COLLATE = utf8mb4_general_ci COMMENT = '参数配置表' ROW_FORMAT = DYNAMIC;

-- ----------------------------
-- Records of sys_config
-- ----------------------------
INSERT INTO `sys_config` VALUES (43, '用户管理-初始账号', 'sys_user_init_username', 'swing', 1, 1, 1, 'swing', '2020-07-14 19:46:11', 'swing', '2020-07-14 19:46:11', '登录界面的默认填充账号');
INSERT INTO `sys_config` VALUES (44, '用户管理-初始密码', 'sys_user_init_password', '123456', 1, 1, 2, 'swing', '2020-07-14 19:47:49', 'swing', '2020-07-14 19:47:49', '登录界面默认账户的密码');

-- ----------------------------
-- Table structure for sys_dept
-- ----------------------------
DROP TABLE IF EXISTS `sys_dept`;
CREATE TABLE `sys_dept`  (
  `id` bigint(20) NOT NULL AUTO_INCREMENT COMMENT '部门id',
  `parent_id` bigint(20) NOT NULL DEFAULT 0 COMMENT '父部门id',
  `dept_name` varchar(30) CHARACTER SET utf8mb4 COLLATE utf8mb4_general_ci NOT NULL DEFAULT '' COMMENT '部门名称',
  `leader` varchar(20) CHARACTER SET utf8mb4 COLLATE utf8mb4_general_ci NOT NULL COMMENT '负责人',
  `phone` varchar(11) CHARACTER SET utf8mb4 COLLATE utf8mb4_general_ci NOT NULL COMMENT '联系电话',
  `email` varchar(50) CHARACTER SET utf8mb4 COLLATE utf8mb4_general_ci NOT NULL COMMENT '邮箱',
  `is_use` tinyint(1) NOT NULL DEFAULT 1 COMMENT '数据是否（1 使用，0停用）',
  `order_num` int(4) NULL DEFAULT 0 COMMENT '显示顺序',
  `create_by` varchar(64) CHARACTER SET utf8mb4 COLLATE utf8mb4_general_ci NULL DEFAULT '' COMMENT '创建者',
  `create_time` datetime(0) NULL DEFAULT NULL COMMENT '创建时间',
  `update_by` varchar(64) CHARACTER SET utf8mb4 COLLATE utf8mb4_general_ci NULL DEFAULT '' COMMENT '更新者',
  `update_time` datetime(0) NULL DEFAULT NULL COMMENT '更新时间',
  `remark` varchar(500) CHARACTER SET utf8mb4 COLLATE utf8mb4_general_ci NULL DEFAULT NULL COMMENT '备注',
  PRIMARY KEY (`id`) USING BTREE,
  UNIQUE INDEX `uk_parent_id_dept_name`(`parent_id`, `dept_name`) USING BTREE
) ENGINE = InnoDB AUTO_INCREMENT = 266 CHARACTER SET = utf8mb4 COLLATE = utf8mb4_general_ci COMMENT = '部门表' ROW_FORMAT = DYNAMIC;

-- ----------------------------
-- Records of sys_dept
-- ----------------------------
INSERT INTO `sys_dept` VALUES (100, 0, '黑龙江大学', 'swing', '18845124018', '18845124018@163.com', 1, 0, 'swing', '2018-03-16 11:33:00', 'test', '2020-05-09 12:29:55', NULL);
INSERT INTO `sys_dept` VALUES (101, 100, '电子工程学院', 'swing', '18845124023', '18845124018@163.com', 1, 1, 'swing', '2018-03-16 11:33:00', 'swing', '2020-08-05 12:04:17', '');
INSERT INTO `sys_dept` VALUES (102, 100, '金融管理学院', 'swing', '18845124018', '18845124018@163.com', 1, 2, 'swing', '2018-03-16 11:33:00', 'swing', '2020-08-05 12:04:35', '');
INSERT INTO `sys_dept` VALUES (103, 101, '自动化', 'swing', '18845124018', '18845124018@163.com', 1, 3, 'swing', '2018-03-16 11:33:00', 'swing', '2020-08-05 12:05:04', '');
INSERT INTO `sys_dept` VALUES (104, 101, '集成', 'qianqian', '18845124018', '18845124018@163.com', 1, 2, 'swing', '2018-03-16 11:33:00', 'swing', '2020-08-05 12:05:14', '');
INSERT INTO `sys_dept` VALUES (108, 102, '市场', 'swing', '18845124018', '18845124018@163.com', 1, 1, 'swing', '2018-03-16 11:33:00', 'swing', '2020-08-05 12:08:02', '');
INSERT INTO `sys_dept` VALUES (109, 102, '财务', 'swing', '18845124018', '18845124018@163.com', 1, 2, 'swing', '2018-03-16 11:33:00', 'swing', '2020-08-05 12:08:07', '');
INSERT INTO `sys_dept` VALUES (112, 100, '软件学院', 'swing', '18845124019', '18845124018@163.com', 1, 1, 'swing', '2020-04-15 16:12:50', 'swing', '2020-08-05 12:04:50', '');
INSERT INTO `sys_dept` VALUES (263, 101, '电科', 'swing', '18845124018', '12678126@172.com', 1, 3, 'swing', '2020-08-05 12:05:41', 'swing', '2020-08-08 19:20:35', '');
INSERT INTO `sys_dept` VALUES (264, 112, '计算机科学', 'swing', '18845124876', '177543622@43.com', 1, 3, 'swing', '2020-08-05 12:07:44', 'swing', '2020-08-05 12:07:44', '');
INSERT INTO `sys_dept` VALUES (265, 100, '数学院', 'swing', '17765653425', '17765653425@163.com', 1, 1, 'swing', '2020-08-08 20:24:06', 'swing', '2020-08-08 20:24:06', '');

-- ----------------------------
-- Table structure for sys_dict_data
-- ----------------------------
DROP TABLE IF EXISTS `sys_dict_data`;
CREATE TABLE `sys_dict_data`  (
  `id` bigint(20) NOT NULL AUTO_INCREMENT COMMENT '字典编码',
  `type_id` bigint(20) NULL DEFAULT NULL COMMENT '字典类型id',
  `data_key` varchar(100) CHARACTER SET utf8mb4 COLLATE utf8mb4_general_ci NULL DEFAULT '' COMMENT '字典标签',
  `data_value` varchar(100) CHARACTER SET utf8mb4 COLLATE utf8mb4_general_ci NULL DEFAULT '' COMMENT '字典键值',
  `css_class` varchar(100) CHARACTER SET utf8mb4 COLLATE utf8mb4_general_ci NULL DEFAULT NULL COMMENT 'css样式',
  `list_class` varchar(100) CHARACTER SET utf8mb4 COLLATE utf8mb4_general_ci NULL DEFAULT NULL COMMENT '显示样式',
  `is_default` tinyint(1) NULL DEFAULT 0 COMMENT '是否默认（1是 0否）',
  `is_use` tinyint(1) NULL DEFAULT 1 COMMENT '状态（1正常 0停用）',
  `order_num` int(4) NULL DEFAULT 0 COMMENT '字典排序',
  `create_by` varchar(64) CHARACTER SET utf8mb4 COLLATE utf8mb4_general_ci NULL DEFAULT '' COMMENT '创建者',
  `create_time` datetime(0) NULL DEFAULT NULL COMMENT '创建时间',
  `update_by` varchar(64) CHARACTER SET utf8mb4 COLLATE utf8mb4_general_ci NULL DEFAULT '' COMMENT '更新者',
  `update_time` datetime(0) NULL DEFAULT NULL COMMENT '更新时间',
  `remark` varchar(500) CHARACTER SET utf8mb4 COLLATE utf8mb4_general_ci NULL DEFAULT NULL COMMENT '备注',
  PRIMARY KEY (`id`) USING BTREE,
  UNIQUE INDEX `uk_type_id_data_key`(`type_id`, `data_key`) USING BTREE
) ENGINE = InnoDB AUTO_INCREMENT = 49 CHARACTER SET = utf8mb4 COLLATE = utf8mb4_general_ci COMMENT = '字典数据表' ROW_FORMAT = DYNAMIC;

-- ----------------------------
-- Records of sys_dict_data
-- ----------------------------
INSERT INTO `sys_dict_data` VALUES (1, 1, '男', 'M', '', 'primary', 0, 1, 1, 'swing', '2018-03-16 11:33:00', 'swing', '2020-07-14 19:06:28', '测试');
INSERT INTO `sys_dict_data` VALUES (2, 1, '女', 'W', '', 'success', 1, 1, 2, 'swing', '2018-03-16 11:33:00', 'swing', '2020-07-14 19:06:28', '测试');
INSERT INTO `sys_dict_data` VALUES (3, 1, '未知', 'N', '', 'warning', 0, 1, 3, 'swing', '2018-03-16 11:33:00', 'swing', '2020-07-14 19:06:28', '测试');
INSERT INTO `sys_dict_data` VALUES (4, 2, '审核中', 'A', '', 'warning', 0, 1, 1, 'swing', '2018-03-16 11:33:00', 'swing', '2020-08-08 12:42:16', '审核中');
INSERT INTO `sys_dict_data` VALUES (5, 2, '未通过', 'C', '', 'danger', 0, 1, 3, 'swing', '2018-03-16 11:33:00', 'swing', '2020-08-08 12:42:16', '未通过');
INSERT INTO `sys_dict_data` VALUES (6, 3, '使用', 'true', '', 'primary', 1, 1, 1, 'swing', '2018-03-16 11:33:00', 'swing', '2020-07-14 19:26:56', '测试');
INSERT INTO `sys_dict_data` VALUES (7, 3, '停用', 'false', '', 'danger', 0, 1, 2, 'swing', '2018-03-16 11:33:00', 'swing', '2020-07-14 19:26:56', '测试');
INSERT INTO `sys_dict_data` VALUES (8, 4, '上学期', 'true', '', 'primary', 1, 1, 1, 'swing', '2018-03-16 11:33:00', 'swing', '2020-08-08 12:54:23', '上学期');
INSERT INTO `sys_dict_data` VALUES (9, 4, '下学期', 'false', '', 'success', 0, 1, 2, 'swing', '2018-03-16 11:33:00', 'swing', '2020-08-08 12:54:23', '下学期');
INSERT INTO `sys_dict_data` VALUES (10, 5, '选择题', 'A', '', 'info', 1, 1, 1, 'swing', '2018-03-16 11:33:00', 'swing', '2020-08-08 12:38:48', '选择题');
INSERT INTO `sys_dict_data` VALUES (11, 5, '填空题', 'B', '', 'primary', 0, 1, 2, 'swing', '2018-03-16 11:33:00', 'swing', '2020-08-08 12:38:48', '填空题');
INSERT INTO `sys_dict_data` VALUES (12, 6, '是', 'true', '', 'primary', 1, 1, 1, 'swing', '2018-03-16 11:33:00', 'swing', '2020-07-14 19:45:21', '测试');
INSERT INTO `sys_dict_data` VALUES (13, 6, '否', 'false', '', 'danger', 0, 1, 2, 'swing', '2018-03-16 11:33:00', 'swing', '2020-07-14 19:45:21', '测试');
INSERT INTO `sys_dict_data` VALUES (14, 7, '通知', '1', '', 'info', 0, 1, 2, 'swing', '2018-03-16 11:33:00', 'swing', '2020-07-14 19:57:49', '测试');
INSERT INTO `sys_dict_data` VALUES (15, 7, '公告', '2', '', 'success', 1, 1, 1, 'swing', '2018-03-16 11:33:00', 'swing', '2020-07-14 19:57:49', '测试');
INSERT INTO `sys_dict_data` VALUES (16, 8, '通识必修', 'A', '', 'danger', 1, 1, 1, 'swing', '2018-03-16 11:33:00', 'swing', '2020-08-08 18:23:55', '通识必修');
INSERT INTO `sys_dict_data` VALUES (17, 8, '通识选修', 'B', '', 'warning', 0, 1, 2, 'swing', '2018-03-16 11:33:00', 'swing', '2020-08-08 20:43:14', '通识选修');
INSERT INTO `sys_dict_data` VALUES (18, 9, '其他', 'J', '', 'info', 0, 1, 99, 'swing', '2018-03-16 11:33:00', 'swing', '2020-07-15 18:32:13', '测试');
INSERT INTO `sys_dict_data` VALUES (19, 9, '新增', 'A', '', 'info', 1, 1, 1, 'swing', '2018-03-16 11:33:00', 'swing', '2020-07-15 18:31:02', '测试');
INSERT INTO `sys_dict_data` VALUES (20, 9, '修改', 'B', '', 'warning', 0, 1, 2, 'swing', '2018-03-16 11:33:00', 'swing', '2020-07-16 12:41:44', '测试');
INSERT INTO `sys_dict_data` VALUES (21, 9, '删除', 'C', '', 'danger', 0, 1, 3, 'swing', '2018-03-16 11:33:00', 'swing', '2020-07-15 18:31:16', '测试');
INSERT INTO `sys_dict_data` VALUES (22, 9, '授权', 'D', '', 'primary', 0, 1, 4, 'swing', '2018-03-16 11:33:00', 'swing', '2020-07-15 18:31:38', '测试');
INSERT INTO `sys_dict_data` VALUES (23, 9, '导出', 'E', '', 'warning', 0, 1, 5, 'swing', '2018-03-16 11:33:00', 'swing', '2020-07-15 18:31:43', '测试');
INSERT INTO `sys_dict_data` VALUES (24, 9, '导入', 'F', '', 'warning', 0, 1, 6, 'swing', '2018-03-16 11:33:00', 'swing', '2020-07-15 18:31:47', '测试');
INSERT INTO `sys_dict_data` VALUES (25, 9, '强退', 'G', '', 'danger', 0, 1, 7, 'swing', '2018-03-16 11:33:00', 'swing', '2020-07-15 18:31:51', '测试');
INSERT INTO `sys_dict_data` VALUES (26, 9, '生成代码', 'H', '', 'warning', 0, 1, 8, 'swing', '2018-03-16 11:33:00', 'swing', '2020-07-15 18:31:57', '测试');
INSERT INTO `sys_dict_data` VALUES (27, 9, '清空数据', 'I', '', 'danger', 0, 1, 9, 'swing', '2018-03-16 11:33:00', 'swing', '2020-07-15 18:32:03', '测试');
INSERT INTO `sys_dict_data` VALUES (28, 10, '成功', '0', '', 'primary', 0, 1, 1, 'swing', '2018-03-16 11:33:00', 'swing', '2018-03-16 11:33:00', '测试');
INSERT INTO `sys_dict_data` VALUES (29, 10, '失败', '1', '', 'danger', 0, 1, 2, 'swing', '2018-03-16 11:33:00', 'swing', '2020-07-14 16:42:13', '测试');
INSERT INTO `sys_dict_data` VALUES (38, 40, 'primary', 'primary', ' ', 'primary', 1, 1, 0, 'swing', '2020-07-14 11:29:00', 'swing', '2020-07-14 19:05:17', 'primary');
INSERT INTO `sys_dict_data` VALUES (39, 40, 'danger', 'danger', ' ', 'danger', 0, 1, 0, 'swing', '2020-07-14 11:30:00', 'swing', '2020-07-14 19:05:17', 'danger');
INSERT INTO `sys_dict_data` VALUES (40, 40, 'warning', 'warning', ' ', 'warning', 0, 1, 0, 'swing', '2020-07-14 11:31:10', 'swing', '2020-07-14 19:05:17', 'warning');
INSERT INTO `sys_dict_data` VALUES (41, 40, 'success', 'success', ' ', 'success', 0, 1, 0, 'swing', '2020-07-14 11:31:44', 'swing', '2020-07-14 19:05:17', 'success');
INSERT INTO `sys_dict_data` VALUES (42, 40, 'info', 'info', ' ', 'info', 0, 1, 0, 'swing', '2020-07-14 11:32:05', 'swing', '2020-07-14 19:05:17', 'info');
INSERT INTO `sys_dict_data` VALUES (43, 41, '成功', 'true', NULL, 'primary', 1, 1, 1, 'swing', '2020-07-15 11:11:46', 'swing', '2020-07-15 11:12:35', '');
INSERT INTO `sys_dict_data` VALUES (44, 41, '失败', 'false', NULL, 'danger', 0, 1, 2, 'swing', '2020-07-15 11:12:31', 'swing', '2020-07-15 11:12:35', '失败');
INSERT INTO `sys_dict_data` VALUES (45, 5, '计算题', 'C', NULL, 'success', 0, 1, 3, 'swing', '2020-08-08 12:38:39', 'swing', '2020-08-08 12:38:48', '计算题');
INSERT INTO `sys_dict_data` VALUES (46, 2, '审核通过', 'B', NULL, 'primary', 1, 1, 2, 'swing', '2020-08-08 12:41:59', 'swing', '2020-08-08 12:42:16', '审核通过');
INSERT INTO `sys_dict_data` VALUES (47, 8, '专业必修', 'C', NULL, 'primary', 0, 1, 3, 'swing', '2020-08-08 18:23:13', 'swing', '2020-08-08 18:23:55', '专业必修');
INSERT INTO `sys_dict_data` VALUES (48, 8, '专业选修', 'D', NULL, 'success', 0, 1, 4, 'swing', '2020-08-08 18:23:43', 'swing', '2020-08-08 18:23:55', '专业选修');

-- ----------------------------
-- Table structure for sys_dict_type
-- ----------------------------
DROP TABLE IF EXISTS `sys_dict_type`;
CREATE TABLE `sys_dict_type`  (
  `id` bigint(20) NOT NULL AUTO_INCREMENT COMMENT '类型主键',
  `type_name` varchar(100) CHARACTER SET utf8mb4 COLLATE utf8mb4_general_ci NULL DEFAULT '' COMMENT '类型名称',
  `type_sign` varchar(100) CHARACTER SET utf8mb4 COLLATE utf8mb4_general_ci NULL DEFAULT '' COMMENT '类型标识',
  `is_use` tinyint(1) NULL DEFAULT 1 COMMENT '状态（1正常 0停用）',
  `order_num` int(4) NULL DEFAULT NULL COMMENT '显示状态',
  `create_by` varchar(64) CHARACTER SET utf8mb4 COLLATE utf8mb4_general_ci NULL DEFAULT '' COMMENT '创建者',
  `create_time` datetime(0) NULL DEFAULT NULL COMMENT '创建时间',
  `update_by` varchar(64) CHARACTER SET utf8mb4 COLLATE utf8mb4_general_ci NULL DEFAULT '' COMMENT '更新者',
  `update_time` datetime(0) NULL DEFAULT NULL COMMENT '更新时间',
  `remark` varchar(500) CHARACTER SET utf8mb4 COLLATE utf8mb4_general_ci NULL DEFAULT NULL COMMENT '备注',
  PRIMARY KEY (`id`) USING BTREE,
  UNIQUE INDEX `uk_type_name`(`type_name`) USING BTREE,
  UNIQUE INDEX `uk_type_sign`(`type_sign`) USING BTREE
) ENGINE = InnoDB AUTO_INCREMENT = 42 CHARACTER SET = utf8mb4 COLLATE = utf8mb4_general_ci COMMENT = '字典类型表' ROW_FORMAT = DYNAMIC;

-- ----------------------------
-- Records of sys_dict_type
-- ----------------------------
INSERT INTO `sys_dict_type` VALUES (1, '用户性别', 'sys_user_gender', 1, 4, 'swing', '2020-07-11 18:33:34', 'swing', '2020-07-14 19:06:12', '测试');
INSERT INTO `sys_dict_type` VALUES (2, '题目审核状态', 'tiku_question_audit_status', 1, 13, 'swing', '2020-07-11 18:33:37', 'swing', '2020-08-08 12:53:05', '题目审核状态');
INSERT INTO `sys_dict_type` VALUES (3, '使用状态', 'sys_use_status', 1, 1, 'swing', '2020-07-11 18:33:40', 'swing', '2020-07-14 19:03:11', '翻译通用字段 is_use 表示该条目是否使用');
INSERT INTO `sys_dict_type` VALUES (4, '题目学期', 'tiku_question_year', 1, 13, 'swing', '2020-07-11 18:33:43', 'swing', '2020-08-08 12:52:42', '题目学期');
INSERT INTO `sys_dict_type` VALUES (5, '题目题型', 'tiku_question_type', 1, 11, 'swing', '2020-07-11 18:33:46', 'swing', '2020-08-08 12:37:09', '题目题型');
INSERT INTO `sys_dict_type` VALUES (6, '是否', 'sys_yes_no', 1, 3, 'swing', '2020-07-11 18:33:50', 'swing', '2020-07-14 19:04:51', '测试');
INSERT INTO `sys_dict_type` VALUES (7, '通知类型', 'sys_notice_type', 1, 5, 'swing', '2020-07-11 18:33:57', 'swing', '2020-07-14 19:57:18', '测试');
INSERT INTO `sys_dict_type` VALUES (8, '课程类型', 'tiku_course_type', 1, 13, 'swing', '2020-07-11 18:34:00', 'swing', '2020-08-08 18:21:13', '课程类型');
INSERT INTO `sys_dict_type` VALUES (9, '操作类型', 'sys_business_type', 1, 7, 'swing', '2020-07-11 18:34:08', 'swing', '2020-07-16 11:57:15', '测试');
INSERT INTO `sys_dict_type` VALUES (10, '系统状态', 'sys_common_status', 1, 13, 'swing', '2020-07-11 18:34:11', 'swing', '2020-07-14 19:04:07', '测试');
INSERT INTO `sys_dict_type` VALUES (40, '字典回显样式', 'dict_list_class', 1, 2, 'swing', '2020-07-14 10:45:48', 'swing', '2020-07-14 19:04:28', '字典数据回显样式');
INSERT INTO `sys_dict_type` VALUES (41, '登录结果', 'sys_login_log_result', 1, 6, 'swing', '2020-07-15 11:11:19', 'swing', '2020-07-15 11:11:19', '登录结果');

-- ----------------------------
-- Table structure for sys_log_login
-- ----------------------------
DROP TABLE IF EXISTS `sys_log_login`;
CREATE TABLE `sys_log_login`  (
  `id` bigint(20) NOT NULL AUTO_INCREMENT COMMENT '访问ID',
  `username` varchar(50) CHARACTER SET utf8 COLLATE utf8_general_ci NULL DEFAULT '' COMMENT '用户账号',
  `client_type` char(1) CHARACTER SET utf8 COLLATE utf8_general_ci NULL DEFAULT NULL COMMENT '客户端类型',
  `is_success` tinyint(1) NULL DEFAULT 1 COMMENT '是否成功（1成功 失败）',
  `message` varchar(255) CHARACTER SET utf8 COLLATE utf8_general_ci NULL DEFAULT '' COMMENT '提示消息',
  `ip` varchar(50) CHARACTER SET utf8 COLLATE utf8_general_ci NULL DEFAULT '' COMMENT '登录IP地址',
  `location` varchar(255) CHARACTER SET utf8 COLLATE utf8_general_ci NULL DEFAULT '' COMMENT '登录地点',
  `os` varchar(50) CHARACTER SET utf8 COLLATE utf8_general_ci NULL DEFAULT '' COMMENT '操作系统',
  `browser` varchar(50) CHARACTER SET utf8 COLLATE utf8_general_ci NULL DEFAULT '' COMMENT '浏览器类型',
  `create_time` datetime(0) NULL DEFAULT NULL COMMENT '访问时间',
  PRIMARY KEY (`id`) USING BTREE
) ENGINE = InnoDB AUTO_INCREMENT = 504 CHARACTER SET = utf8 COLLATE = utf8_general_ci COMMENT = '系统访问记录' ROW_FORMAT = DYNAMIC;

-- ----------------------------
-- Records of sys_log_login
-- ----------------------------
INSERT INTO `sys_log_login` VALUES (310, 'swing', 'A', 0, '验证码错误', '127.0.0.1', '-保留-', 'Windows 10', 'Chrome 8', '2020-07-15 11:25:05');
INSERT INTO `sys_log_login` VALUES (311, 'swing', 'A', 1, '登录成功', '127.0.0.1', '-保留-', 'Windows 10', 'Chrome 8', '2020-07-15 11:25:08');
INSERT INTO `sys_log_login` VALUES (312, 'swing', 'A', 0, '验证码错误', '127.0.0.1', '-保留-', 'Windows 10', 'Chrome 8', '2020-07-15 11:25:50');
INSERT INTO `sys_log_login` VALUES (313, 'swing', 'A', 0, '验证码错误', '127.0.0.1', '-保留-', 'Windows 10', 'Chrome 8', '2020-07-15 11:25:57');
INSERT INTO `sys_log_login` VALUES (314, 'swing', 'A', 0, '验证码错误', '127.0.0.1', '-保留-', 'Windows 10', 'Chrome 8', '2020-07-15 11:26:05');
INSERT INTO `sys_log_login` VALUES (315, 'swing', 'A', 0, '验证码错误', '127.0.0.1', '-保留-', 'Windows 10', 'Chrome 8', '2020-07-15 11:26:15');
INSERT INTO `sys_log_login` VALUES (316, 'swing', 'A', 1, '登录成功', '127.0.0.1', '-保留-', 'Windows 10', 'Chrome 8', '2020-07-15 11:26:23');
INSERT INTO `sys_log_login` VALUES (317, 'swing', 'A', 1, '登录成功', '127.0.0.1', '-保留-', 'Windows 10', 'Chrome 8', '2020-07-15 11:26:32');
INSERT INTO `sys_log_login` VALUES (318, 'swing', 'A', 0, '验证码错误', '127.0.0.1', '-保留-', 'Windows 10', 'Chrome 8', '2020-07-15 11:26:39');
INSERT INTO `sys_log_login` VALUES (319, 'swing', 'A', 0, '验证码错误', '127.0.0.1', '-保留-', 'Windows 10', 'Chrome 8', '2020-07-15 11:26:59');
INSERT INTO `sys_log_login` VALUES (320, 'swing', 'A', 0, '验证码错误', '127.0.0.1', '-保留-', 'Windows 10', 'Chrome 8', '2020-07-15 11:27:00');
INSERT INTO `sys_log_login` VALUES (321, 'swing', 'A', 0, '验证码错误', '127.0.0.1', '-保留-', 'Windows 10', 'Chrome 8', '2020-07-15 11:27:01');
INSERT INTO `sys_log_login` VALUES (322, 'swing', 'A', 0, '验证码错误', '127.0.0.1', '-保留-', 'Windows 10', 'Chrome 8', '2020-07-15 11:27:02');
INSERT INTO `sys_log_login` VALUES (323, 'swing', 'A', 0, '验证码错误', '127.0.0.1', '-保留-', 'Windows 10', 'Chrome 8', '2020-07-15 11:27:02');
INSERT INTO `sys_log_login` VALUES (324, 'swing', 'A', 0, '验证码错误', '127.0.0.1', '-保留-', 'Windows 10', 'Chrome 8', '2020-07-15 11:27:02');
INSERT INTO `sys_log_login` VALUES (325, 'swing', 'A', 0, '验证码错误', '127.0.0.1', '-保留-', 'Windows 10', 'Chrome 8', '2020-07-15 11:27:03');
INSERT INTO `sys_log_login` VALUES (326, 'swing', 'A', 0, '验证码错误', '127.0.0.1', '-保留-', 'Windows 10', 'Chrome 8', '2020-07-15 11:27:03');
INSERT INTO `sys_log_login` VALUES (327, 'swing', 'A', 0, '验证码错误', '127.0.0.1', '-保留-', 'Windows 10', 'Chrome 8', '2020-07-15 11:27:04');
INSERT INTO `sys_log_login` VALUES (328, 'swing', 'A', 0, '验证码错误', '127.0.0.1', '-保留-', 'Windows 10', 'Chrome 8', '2020-07-15 11:27:04');
INSERT INTO `sys_log_login` VALUES (329, 'swing', 'A', 0, '验证码错误', '127.0.0.1', '-保留-', 'Windows 10', 'Chrome 8', '2020-07-15 11:27:04');
INSERT INTO `sys_log_login` VALUES (330, 'swing', 'A', 0, '验证码错误', '127.0.0.1', '-保留-', 'Windows 10', 'Chrome 8', '2020-07-15 11:27:05');
INSERT INTO `sys_log_login` VALUES (331, 'swing', 'A', 0, '验证码错误', '127.0.0.1', '-保留-', 'Windows 10', 'Chrome 8', '2020-07-15 11:27:05');
INSERT INTO `sys_log_login` VALUES (332, 'swing', 'A', 0, '验证码错误', '127.0.0.1', '-保留-', 'Windows 10', 'Chrome 8', '2020-07-15 11:27:06');
INSERT INTO `sys_log_login` VALUES (333, 'swing', 'A', 0, '验证码错误', '127.0.0.1', '-保留-', 'Windows 10', 'Chrome 8', '2020-07-15 11:27:06');
INSERT INTO `sys_log_login` VALUES (334, 'swing', 'A', 0, '验证码错误', '127.0.0.1', '-保留-', 'Windows 10', 'Chrome 8', '2020-07-15 11:27:06');
INSERT INTO `sys_log_login` VALUES (335, 'swing', 'A', 0, '验证码错误', '127.0.0.1', '-保留-', 'Windows 10', 'Chrome 8', '2020-07-15 11:27:07');
INSERT INTO `sys_log_login` VALUES (336, 'swing', 'A', 0, '验证码错误', '127.0.0.1', '-保留-', 'Windows 10', 'Chrome 8', '2020-07-15 11:27:07');
INSERT INTO `sys_log_login` VALUES (337, 'swing', 'A', 0, '验证码错误', '127.0.0.1', '-保留-', 'Windows 10', 'Chrome 8', '2020-07-15 11:27:07');
INSERT INTO `sys_log_login` VALUES (338, 'swing', 'A', 0, '验证码错误', '127.0.0.1', '-保留-', 'Windows 10', 'Chrome 8', '2020-07-15 11:27:08');
INSERT INTO `sys_log_login` VALUES (339, 'swing', 'A', 1, '登录成功', '127.0.0.1', '-保留-', 'Windows 10', 'Chrome 8', '2020-07-15 11:27:23');
INSERT INTO `sys_log_login` VALUES (340, 'qianqian', 'A', 0, '验证码错误', '127.0.0.1', '-保留-', 'Windows 10', 'Chrome 8', '2020-07-15 11:29:49');
INSERT INTO `sys_log_login` VALUES (341, 'qianqian', 'A', 1, '登录成功', '127.0.0.1', '-保留-', 'Windows 10', 'Chrome 8', '2020-07-15 11:29:52');
INSERT INTO `sys_log_login` VALUES (342, 'swing', 'A', 1, '登录成功', '127.0.0.1', '-保留-', 'Windows 10', 'Chrome 8', '2020-07-15 11:32:27');
INSERT INTO `sys_log_login` VALUES (343, 'qianqian', 'A', 0, '认证失败', '127.0.0.1', '-保留-', 'Windows 10', 'Chrome 8', '2020-07-16 10:58:59');
INSERT INTO `sys_log_login` VALUES (344, 'qianqian', 'A', 0, '认证失败', '127.0.0.1', '-保留-', 'Windows 10', 'Chrome 8', '2020-07-16 10:59:23');
INSERT INTO `sys_log_login` VALUES (345, 'qianqian', 'A', 1, '登录成功', '127.0.0.1', '-保留-', 'Windows 10', 'Chrome 8', '2020-07-16 11:02:38');
INSERT INTO `sys_log_login` VALUES (346, 'qianqian', 'A', 1, '登录成功', '127.0.0.1', '-保留-', 'Windows 10', 'Chrome 8', '2020-07-16 11:03:02');
INSERT INTO `sys_log_login` VALUES (347, 'qianqian', 'A', 0, '认证失败', '127.0.0.1', '-保留-', 'Windows 10', 'Chrome 8', '2020-07-16 11:04:21');
INSERT INTO `sys_log_login` VALUES (348, 'qianqian', 'A', 0, '认证失败', '127.0.0.1', '-保留-', 'Windows 10', 'Chrome 8', '2020-07-16 11:16:05');
INSERT INTO `sys_log_login` VALUES (349, 'swing2', 'A', 0, '认证失败', '127.0.0.1', '-保留-', 'Windows 10', 'Chrome 8', '2020-07-16 11:16:34');
INSERT INTO `sys_log_login` VALUES (350, 'swingf', 'A', 0, '认证失败', '127.0.0.1', '-保留-', 'Windows 10', 'Chrome 8', '2020-07-16 11:17:29');
INSERT INTO `sys_log_login` VALUES (351, 'qianqian', 'A', 0, '认证失败', '127.0.0.1', '-保留-', 'Windows 10', 'Chrome 8', '2020-07-16 11:18:33');
INSERT INTO `sys_log_login` VALUES (352, 'swingf', 'A', 0, '认证失败', '127.0.0.1', '-保留-', 'Windows 10', 'Chrome 8', '2020-07-16 11:19:44');
INSERT INTO `sys_log_login` VALUES (353, 'qianqian', 'A', 0, '认证失败', '127.0.0.1', '-保留-', 'Windows 10', 'Chrome 8', '2020-07-16 11:19:58');
INSERT INTO `sys_log_login` VALUES (354, 'qianqian', 'A', 0, '认证失败', '127.0.0.1', '-保留-', 'Windows 10', 'Chrome 8', '2020-07-16 11:21:21');
INSERT INTO `sys_log_login` VALUES (355, 'qianqianf', 'A', 0, '认证失败', '127.0.0.1', '-保留-', 'Windows 10', 'Chrome 8', '2020-07-16 11:22:12');
INSERT INTO `sys_log_login` VALUES (356, 'qianqianf', 'A', 0, '认证失败', '127.0.0.1', '-保留-', 'Windows 10', 'Chrome 8', '2020-07-16 11:23:02');
INSERT INTO `sys_log_login` VALUES (357, 'swing2', 'A', 0, '认证失败', '127.0.0.1', '-保留-', 'Windows 10', 'Chrome 8', '2020-07-16 11:24:47');
INSERT INTO `sys_log_login` VALUES (358, 'qianqian', 'A', 0, '验证码失效', '127.0.0.1', '-保留-', 'Windows 10', 'Chrome 8', '2020-07-16 12:44:27');
INSERT INTO `sys_log_login` VALUES (359, 'qianqian', 'A', 1, '登录成功', '127.0.0.1', '-保留-', 'Windows 10', 'Chrome 8', '2020-07-16 12:44:30');
INSERT INTO `sys_log_login` VALUES (360, 'swing', 'A', 1, '登录成功', '127.0.0.1', '-保留-', 'Windows 10', 'Chrome 8', '2020-07-16 13:08:06');
INSERT INTO `sys_log_login` VALUES (361, 'swing', 'A', 1, '登录成功', '127.0.0.1', '-保留-', 'Windows 10', 'Chrome 8', '2020-07-16 13:08:11');
INSERT INTO `sys_log_login` VALUES (362, 'swing', 'A', 1, '登录成功', '127.0.0.1', '-保留-', 'Windows 10', 'Chrome 8', '2020-07-16 13:33:37');
INSERT INTO `sys_log_login` VALUES (363, 'qianqian', 'A', 0, '认证失败', '127.0.0.1', '-保留-', 'Windows 10', 'Chrome 8', '2020-07-16 17:30:26');
INSERT INTO `sys_log_login` VALUES (364, 'qianqian', 'A', 0, '认证失败', '127.0.0.1', '-保留-', 'Windows 10', 'Chrome 8', '2020-07-16 17:30:35');
INSERT INTO `sys_log_login` VALUES (365, 'qian', 'A', 0, '认证失败', '127.0.0.1', '-保留-', 'Windows 10', 'Chrome 8', '2020-07-16 17:30:43');
INSERT INTO `sys_log_login` VALUES (366, 'qian', 'A', 0, '认证失败', '127.0.0.1', '-保留-', 'Windows 10', 'Chrome 8', '2020-07-16 17:30:48');
INSERT INTO `sys_log_login` VALUES (367, 'qian', 'A', 1, '登录成功', '127.0.0.1', '-保留-', 'Windows 10', 'Chrome 8', '2020-07-16 17:30:58');
INSERT INTO `sys_log_login` VALUES (368, 'swing', 'A', 1, '登录成功', '127.0.0.1', '-保留-', 'Windows 10', 'Chrome 8', '2020-07-16 18:05:24');
INSERT INTO `sys_log_login` VALUES (369, 'swing', 'A', 1, '登录成功', '127.0.0.1', '-保留-', 'Windows 10', 'Chrome 8', '2020-07-16 19:05:01');
INSERT INTO `sys_log_login` VALUES (370, 'swing', 'A', 1, '登录成功', '127.0.0.1', '-保留-', 'Windows 10', 'Chrome 8', '2020-07-17 21:22:02');
INSERT INTO `sys_log_login` VALUES (371, 'swing', 'A', 1, '登录成功', '127.0.0.1', '-保留-', 'Windows 10', 'Chrome 8', '2020-07-17 21:30:18');
INSERT INTO `sys_log_login` VALUES (372, 'swing', 'A', 1, '登录成功', '127.0.0.1', '-保留-', 'Windows 10', 'Chrome 8', '2020-07-17 21:47:41');
INSERT INTO `sys_log_login` VALUES (373, 'swing', 'A', 1, '登录成功', '127.0.0.1', '-保留-', 'Windows 10', 'Chrome 8', '2020-07-18 14:06:20');
INSERT INTO `sys_log_login` VALUES (374, 'swing', 'A', 1, '登录成功', '127.0.0.1', '-保留-', 'Windows 10', 'Chrome 8', '2020-07-18 14:12:35');
INSERT INTO `sys_log_login` VALUES (375, 'swing', 'A', 1, '登录成功', '127.0.0.1', '-保留-', 'Windows 10', 'Chrome 8', '2020-07-18 14:14:22');
INSERT INTO `sys_log_login` VALUES (376, 'swing', 'A', 1, '登录成功', '127.0.0.1', '-保留-', 'Windows 10', 'Chrome 8', '2020-07-18 14:19:14');
INSERT INTO `sys_log_login` VALUES (377, 'swing', 'A', 0, '验证码错误', '127.0.0.1', '-保留-', 'Windows 10', 'Chrome 8', '2020-07-18 14:22:26');
INSERT INTO `sys_log_login` VALUES (378, 'swing', 'A', 1, '登录成功', '127.0.0.1', '-保留-', 'Windows 10', 'Chrome 8', '2020-07-18 14:22:39');
INSERT INTO `sys_log_login` VALUES (379, 'swing', 'A', 0, '验证码错误', '127.0.0.1', '-保留-', 'Windows 10', 'Chrome 8', '2020-07-18 14:45:17');
INSERT INTO `sys_log_login` VALUES (380, 'swing', 'A', 1, '登录成功', '127.0.0.1', '-保留-', 'Windows 10', 'Chrome 8', '2020-07-18 14:45:25');
INSERT INTO `sys_log_login` VALUES (381, 'swing', 'A', 1, '登录成功', '127.0.0.1', '-保留-', 'Windows 10', 'Chrome 8', '2020-07-18 14:50:24');
INSERT INTO `sys_log_login` VALUES (382, 'swing', 'A', 0, '验证码失效', '127.0.0.1', '-保留-', 'Windows 10', 'Chrome 8', '2020-07-18 15:00:54');
INSERT INTO `sys_log_login` VALUES (383, 'swing', 'A', 1, '登录成功', '127.0.0.1', '-保留-', 'Windows 10', 'Chrome 8', '2020-07-18 15:01:00');
INSERT INTO `sys_log_login` VALUES (384, 'swing', 'A', 0, '验证码失效', '127.0.0.1', '-保留-', 'Windows 10', 'Chrome 8', '2020-07-18 15:02:53');
INSERT INTO `sys_log_login` VALUES (385, 'swing', 'A', 1, '登录成功', '127.0.0.1', '-保留-', 'Windows 10', 'Chrome 8', '2020-07-18 15:02:57');
INSERT INTO `sys_log_login` VALUES (386, 'swing', 'A', 1, '登录成功', '127.0.0.1', '-保留-', 'Windows 10', 'Chrome 8', '2020-07-18 15:13:52');
INSERT INTO `sys_log_login` VALUES (387, 'swing', 'A', 1, '登录成功', '127.0.0.1', '-保留-', 'Windows 10', 'Chrome 8', '2020-07-18 15:16:32');
INSERT INTO `sys_log_login` VALUES (388, 'swing', 'A', 0, '验证码错误', '127.0.0.1', '-保留-', 'Windows 10', 'Chrome 8', '2020-07-18 15:19:34');
INSERT INTO `sys_log_login` VALUES (389, 'swing', 'A', 1, '登录成功', '127.0.0.1', '-保留-', 'Windows 10', 'Chrome 8', '2020-07-18 15:19:38');
INSERT INTO `sys_log_login` VALUES (390, 'swing', 'A', 0, '验证码失效', '127.0.0.1', '-保留-', 'Windows 10', 'Chrome 8', '2020-07-18 15:25:01');
INSERT INTO `sys_log_login` VALUES (391, 'swing', 'A', 0, '验证码错误', '127.0.0.1', '-保留-', 'Windows 10', 'Chrome 8', '2020-07-18 15:25:05');
INSERT INTO `sys_log_login` VALUES (392, 'swing', 'A', 1, '登录成功', '127.0.0.1', '-保留-', 'Windows 10', 'Chrome 8', '2020-07-18 15:25:08');
INSERT INTO `sys_log_login` VALUES (393, 'swing', 'A', 1, '登录成功', '127.0.0.1', '-保留-', 'Windows 10', 'Chrome 8', '2020-07-18 15:25:24');
INSERT INTO `sys_log_login` VALUES (394, 'swing', 'A', 1, '登录成功', '127.0.0.1', '-保留-', 'Windows 10', 'Chrome 8', '2020-07-18 15:31:20');
INSERT INTO `sys_log_login` VALUES (395, 'swing', 'A', 0, '验证码失效', '127.0.0.1', '-保留-', 'Windows 10', 'Chrome 8', '2020-07-18 15:48:23');
INSERT INTO `sys_log_login` VALUES (396, 'swing', 'A', 0, '验证码错误', '127.0.0.1', '-保留-', 'Windows 10', 'Chrome 8', '2020-07-18 15:48:27');
INSERT INTO `sys_log_login` VALUES (397, 'swing', 'A', 1, '登录成功', '127.0.0.1', '-保留-', 'Windows 10', 'Chrome 8', '2020-07-18 15:48:30');
INSERT INTO `sys_log_login` VALUES (398, 'swing', 'A', 0, '验证码错误', '127.0.0.1', '-保留-', 'Windows 10', 'Chrome 8', '2020-07-18 16:12:20');
INSERT INTO `sys_log_login` VALUES (399, 'swing', 'A', 1, '登录成功', '127.0.0.1', '-保留-', 'Windows 10', 'Chrome 8', '2020-07-18 16:12:24');
INSERT INTO `sys_log_login` VALUES (400, 'swing', 'A', 1, '登录成功', '127.0.0.1', '-保留-', 'Windows 10', 'Chrome 8', '2020-07-18 16:14:42');
INSERT INTO `sys_log_login` VALUES (401, 'swing', 'A', 1, '登录成功', '127.0.0.1', '-保留-', 'Windows 10', 'Chrome 8', '2020-07-18 18:33:01');
INSERT INTO `sys_log_login` VALUES (402, 'swing', 'A', 1, '登录成功', '127.0.0.1', '-保留-', 'Windows 10', 'Chrome 8', '2020-07-18 18:34:28');
INSERT INTO `sys_log_login` VALUES (403, 'swing', 'A', 1, '登录成功', '127.0.0.1', '-保留-', 'Windows 10', 'Chrome 8', '2020-07-18 18:37:38');
INSERT INTO `sys_log_login` VALUES (404, 'swing', 'A', 1, '登录成功', '127.0.0.1', '-保留-', 'Windows 10', 'Chrome 8', '2020-07-18 19:11:59');
INSERT INTO `sys_log_login` VALUES (405, 'swing', 'A', 0, '验证码失效', '127.0.0.1', '-保留-', 'Windows 10', 'Chrome 8', '2020-07-18 19:20:58');
INSERT INTO `sys_log_login` VALUES (406, 'swing', 'A', 1, '登录成功', '127.0.0.1', '-保留-', 'Windows 10', 'Chrome 8', '2020-07-18 19:23:15');
INSERT INTO `sys_log_login` VALUES (407, 'swing', 'A', 1, '登录成功', '127.0.0.1', '-保留-', 'Windows 10', 'Chrome 8', '2020-07-18 19:27:34');
INSERT INTO `sys_log_login` VALUES (408, 'swing', 'A', 1, '登录成功', '127.0.0.1', '-保留-', 'Windows 10', 'Chrome 8', '2020-07-18 19:31:04');
INSERT INTO `sys_log_login` VALUES (409, 'swing', 'A', 1, '登录成功', '127.0.0.1', '-保留-', 'Windows 10', 'Chrome 8', '2020-07-18 19:37:09');
INSERT INTO `sys_log_login` VALUES (410, 'swing', 'A', 1, '登录成功', '127.0.0.1', '-保留-', 'Windows 10', 'Chrome 8', '2020-07-18 20:27:59');
INSERT INTO `sys_log_login` VALUES (411, 'swing', 'A', 1, '登录成功', '127.0.0.1', '-保留-', 'Windows 10', 'Chrome 8', '2020-07-18 20:31:39');
INSERT INTO `sys_log_login` VALUES (412, 'swing', 'A', 1, '登录成功', '127.0.0.1', '-保留-', 'Windows 10', 'Chrome 8', '2020-07-19 11:54:13');
INSERT INTO `sys_log_login` VALUES (413, 'swing', 'A', 1, '登录成功', '127.0.0.1', '-保留-', 'Windows 10', 'Chrome 8', '2020-07-19 12:04:03');
INSERT INTO `sys_log_login` VALUES (414, 'swing', 'A', 1, '登录成功', '127.0.0.1', '-保留-', 'Windows 10', 'Chrome 8', '2020-07-19 12:45:51');
INSERT INTO `sys_log_login` VALUES (415, 'swing', 'A', 0, '验证码错误', '127.0.0.1', '-保留-', 'Windows 10', 'Chrome 8', '2020-08-04 17:15:18');
INSERT INTO `sys_log_login` VALUES (416, 'swing', 'A', 1, '登录成功', '127.0.0.1', '-保留-', 'Windows 10', 'Chrome 8', '2020-08-04 17:15:24');
INSERT INTO `sys_log_login` VALUES (417, 'swing', 'A', 1, '登录成功', '127.0.0.1', '-保留-', 'Windows 10', 'Chrome 8', '2020-08-04 18:13:14');
INSERT INTO `sys_log_login` VALUES (418, 'swing', 'A', 1, '登录成功', '127.0.0.1', '-保留-', 'Windows 10', 'Chrome 8', '2020-08-04 19:09:31');
INSERT INTO `sys_log_login` VALUES (419, 'swing', 'A', 1, '登录成功', '127.0.0.1', '-保留-', 'Windows 10', 'Chrome 8', '2020-08-04 22:04:19');
INSERT INTO `sys_log_login` VALUES (420, 'swing', 'A', 1, '登录成功', '127.0.0.1', '-保留-', 'Windows 10', 'Chrome 8', '2020-08-04 22:10:37');
INSERT INTO `sys_log_login` VALUES (421, 'swing', 'A', 1, '登录成功', '127.0.0.1', '-保留-', 'Windows 10', 'Chrome 8', '2020-08-05 09:40:21');
INSERT INTO `sys_log_login` VALUES (422, 'swing', 'A', 0, '验证码错误', '127.0.0.1', '-保留-', 'Windows 10', 'Chrome 8', '2020-08-05 10:22:59');
INSERT INTO `sys_log_login` VALUES (423, 'swing', 'A', 0, '验证码错误', '127.0.0.1', '-保留-', 'Windows 10', 'Chrome 8', '2020-08-05 10:23:01');
INSERT INTO `sys_log_login` VALUES (424, 'swing', 'A', 1, '登录成功', '127.0.0.1', '-保留-', 'Windows 10', 'Chrome 8', '2020-08-05 10:23:07');
INSERT INTO `sys_log_login` VALUES (425, 'qian', 'A', 1, '登录成功', '127.0.0.1', '-保留-', 'Windows 10', 'Chrome 8', '2020-08-05 10:30:38');
INSERT INTO `sys_log_login` VALUES (426, 'swing', 'A', 1, '登录成功', '127.0.0.1', '-保留-', 'Windows 10', 'Chrome 8', '2020-08-05 11:05:08');
INSERT INTO `sys_log_login` VALUES (427, 'swing', 'A', 1, '登录成功', '127.0.0.1', '-保留-', 'Windows 10', 'Chrome 8', '2020-08-05 11:17:22');
INSERT INTO `sys_log_login` VALUES (428, 'swing', 'A', 1, '登录成功', '127.0.0.1', '-保留-', 'Windows 10', 'Chrome 8', '2020-08-07 18:35:36');
INSERT INTO `sys_log_login` VALUES (429, 'swing', 'A', 0, '验证码错误', '127.0.0.1', '-保留-', 'Windows 10', 'Chrome 8', '2020-08-08 10:43:06');
INSERT INTO `sys_log_login` VALUES (430, 'swing', 'A', 0, '验证码错误', '127.0.0.1', '-保留-', 'Windows 10', 'Chrome 8', '2020-08-08 10:43:13');
INSERT INTO `sys_log_login` VALUES (431, 'swing', 'A', 1, '登录成功', '127.0.0.1', '-保留-', 'Windows 10', 'Chrome 8', '2020-08-08 10:43:16');
INSERT INTO `sys_log_login` VALUES (432, 'swing', 'A', 0, '验证码失效', '127.0.0.1', '-保留-', 'Windows 10', 'Chrome 8', '2020-08-08 10:45:43');
INSERT INTO `sys_log_login` VALUES (433, 'swing', 'A', 0, '验证码错误', '127.0.0.1', '-保留-', 'Windows 10', 'Chrome 8', '2020-08-08 10:55:49');
INSERT INTO `sys_log_login` VALUES (434, 'swing', 'A', 0, '验证码错误', '127.0.0.1', '-保留-', 'Windows 10', 'Chrome 8', '2020-08-08 10:55:55');
INSERT INTO `sys_log_login` VALUES (435, 'swing', 'A', 0, '验证码错误', '127.0.0.1', '-保留-', 'Windows 10', 'Chrome 8', '2020-08-08 10:55:59');
INSERT INTO `sys_log_login` VALUES (436, 'swing', 'A', 0, '验证码错误', '127.0.0.1', '-保留-', 'Windows 10', 'Chrome 8', '2020-08-08 10:56:02');
INSERT INTO `sys_log_login` VALUES (437, 'swing', 'A', 0, '验证码错误', '127.0.0.1', '-保留-', 'Windows 10', 'Chrome 8', '2020-08-08 10:56:04');
INSERT INTO `sys_log_login` VALUES (438, 'swing', 'A', 0, '验证码错误', '127.0.0.1', '-保留-', 'Windows 10', 'Chrome 8', '2020-08-08 10:56:09');
INSERT INTO `sys_log_login` VALUES (439, 'swing', 'A', 0, '验证码错误', '127.0.0.1', '-保留-', 'Windows 10', 'Chrome 8', '2020-08-08 10:56:12');
INSERT INTO `sys_log_login` VALUES (440, 'swing', 'A', 1, '登录成功', '127.0.0.1', '-保留-', 'Windows 10', 'Chrome 8', '2020-08-08 11:06:41');
INSERT INTO `sys_log_login` VALUES (441, 'swing', 'A', 0, '验证码错误', '127.0.0.1', '-保留-', 'Windows 10', 'Chrome 8', '2020-08-08 11:08:28');
INSERT INTO `sys_log_login` VALUES (442, 'swing', 'A', 0, '验证码错误', '127.0.0.1', '-保留-', 'Windows 10', 'Chrome 8', '2020-08-08 11:08:39');
INSERT INTO `sys_log_login` VALUES (443, 'swing', 'A', 0, '验证码失效', '127.0.0.1', '-保留-', 'Windows 10', 'Chrome 8', '2020-08-08 11:10:40');
INSERT INTO `sys_log_login` VALUES (444, 'swing', 'A', 0, '认证失败', '127.0.0.1', '-保留-', 'Windows 10', 'Chrome 8', '2020-08-08 11:10:51');
INSERT INTO `sys_log_login` VALUES (445, 'swing', 'A', 0, '验证码错误', '127.0.0.1', '-保留-', 'Windows 10', 'Chrome 8', '2020-08-08 11:11:50');
INSERT INTO `sys_log_login` VALUES (446, 'swing', 'A', 0, '验证码错误', '127.0.0.1', '-保留-', 'Windows 10', 'Chrome 8', '2020-08-08 11:11:51');
INSERT INTO `sys_log_login` VALUES (447, 'swing', 'A', 0, '验证码错误', '127.0.0.1', '-保留-', 'Windows 10', 'Chrome 8', '2020-08-08 11:11:52');
INSERT INTO `sys_log_login` VALUES (448, 'swing', 'A', 0, '验证码错误', '127.0.0.1', '-保留-', 'Windows 10', 'Chrome 8', '2020-08-08 11:11:55');
INSERT INTO `sys_log_login` VALUES (449, 'swing', 'A', 0, '验证码错误', '127.0.0.1', '-保留-', 'Windows 10', 'Chrome 8', '2020-08-08 11:12:08');
INSERT INTO `sys_log_login` VALUES (450, 'swing', 'A', 0, '验证码错误', '127.0.0.1', '-保留-', 'Windows 10', 'Chrome 8', '2020-08-08 11:13:20');
INSERT INTO `sys_log_login` VALUES (451, 'swing', 'A', 0, '验证码错误', '127.0.0.1', '-保留-', 'Windows 10', 'Chrome 8', '2020-08-08 11:13:23');
INSERT INTO `sys_log_login` VALUES (452, 'swing', 'A', 0, '验证码错误', '127.0.0.1', '-保留-', 'Windows 10', 'Chrome 8', '2020-08-08 11:13:31');
INSERT INTO `sys_log_login` VALUES (453, 'swing', 'A', 0, '验证码错误', '127.0.0.1', '-保留-', 'Windows 10', 'Chrome 8', '2020-08-08 11:14:30');
INSERT INTO `sys_log_login` VALUES (454, 'swing', 'A', 0, '验证码错误', '127.0.0.1', '-保留-', 'Windows 10', 'Chrome 8', '2020-08-08 11:14:34');
INSERT INTO `sys_log_login` VALUES (455, 'swing', 'A', 0, '验证码错误', '127.0.0.1', '-保留-', 'Windows 10', 'Chrome 8', '2020-08-08 11:14:40');
INSERT INTO `sys_log_login` VALUES (456, 'swing', 'A', 0, '验证码错误', '127.0.0.1', '-保留-', 'Windows 10', 'Chrome 8', '2020-08-08 11:17:37');
INSERT INTO `sys_log_login` VALUES (457, 'swing', 'A', 0, '验证码错误', '127.0.0.1', '-保留-', 'Windows 10', 'Chrome 8', '2020-08-08 11:17:39');
INSERT INTO `sys_log_login` VALUES (458, 'swing', 'A', 0, '验证码错误', '127.0.0.1', '-保留-', 'Windows 10', 'Chrome 8', '2020-08-08 11:17:43');
INSERT INTO `sys_log_login` VALUES (459, 'swing', 'A', 0, '验证码错误', '127.0.0.1', '-保留-', 'Windows 10', 'Chrome 8', '2020-08-08 11:17:45');
INSERT INTO `sys_log_login` VALUES (460, 'swing', 'A', 0, '验证码错误', '127.0.0.1', '-保留-', 'Windows 10', 'Chrome 8', '2020-08-08 11:18:32');
INSERT INTO `sys_log_login` VALUES (461, 'swing', 'A', 0, '验证码错误', '127.0.0.1', '-保留-', 'Windows 10', 'Chrome 8', '2020-08-08 11:18:56');
INSERT INTO `sys_log_login` VALUES (462, 'swing', 'A', 0, '验证码错误', '127.0.0.1', '-保留-', 'Windows 10', 'Chrome 8', '2020-08-08 11:19:05');
INSERT INTO `sys_log_login` VALUES (463, 'swing', 'A', 0, '验证码错误', '127.0.0.1', '-保留-', 'Windows 10', 'Chrome 8', '2020-08-08 11:20:42');
INSERT INTO `sys_log_login` VALUES (464, 'swing', 'A', 0, '验证码错误', '127.0.0.1', '-保留-', 'Windows 10', 'Chrome 8', '2020-08-08 11:21:01');
INSERT INTO `sys_log_login` VALUES (465, 'swing', 'A', 0, '验证码错误', '127.0.0.1', '-保留-', 'Windows 10', 'Chrome 8', '2020-08-08 11:21:21');
INSERT INTO `sys_log_login` VALUES (466, 'swing', 'A', 0, '验证码错误', '127.0.0.1', '-保留-', 'Windows 10', 'Chrome 8', '2020-08-08 11:26:40');
INSERT INTO `sys_log_login` VALUES (467, 'swing', 'A', 0, '验证码错误', '127.0.0.1', '-保留-', 'Windows 10', 'Chrome 8', '2020-08-08 11:26:42');
INSERT INTO `sys_log_login` VALUES (468, 'swing', 'A', 0, '验证码错误', '127.0.0.1', '-保留-', 'Windows 10', 'Chrome 8', '2020-08-08 11:27:41');
INSERT INTO `sys_log_login` VALUES (469, 'swing', 'A', 0, '验证码错误', '127.0.0.1', '-保留-', 'Windows 10', 'Chrome 8', '2020-08-08 11:28:47');
INSERT INTO `sys_log_login` VALUES (470, 'swing', 'A', 0, '验证码错误', '127.0.0.1', '-保留-', 'Windows 10', 'Chrome 8', '2020-08-08 11:28:49');
INSERT INTO `sys_log_login` VALUES (471, 'swing', 'A', 0, '验证码错误', '127.0.0.1', '-保留-', 'Windows 10', 'Chrome 8', '2020-08-08 11:29:52');
INSERT INTO `sys_log_login` VALUES (472, 'swing', 'A', 0, '验证码错误', '127.0.0.1', '-保留-', 'Windows 10', 'Chrome 8', '2020-08-08 11:29:54');
INSERT INTO `sys_log_login` VALUES (473, 'swing', 'A', 0, '验证码错误', '127.0.0.1', '-保留-', 'Windows 10', 'Chrome 8', '2020-08-08 11:31:17');
INSERT INTO `sys_log_login` VALUES (474, 'swing', 'A', 0, '验证码错误', '127.0.0.1', '-保留-', 'Windows 10', 'Chrome 8', '2020-08-08 11:31:18');
INSERT INTO `sys_log_login` VALUES (475, 'swing', 'A', 0, '验证码错误', '127.0.0.1', '-保留-', 'Windows 10', 'Chrome 8', '2020-08-08 11:32:32');
INSERT INTO `sys_log_login` VALUES (476, 'swing', 'A', 0, '验证码错误', '127.0.0.1', '-保留-', 'Windows 10', 'Chrome 8', '2020-08-08 11:32:35');
INSERT INTO `sys_log_login` VALUES (477, 'swing', 'A', 0, '验证码错误', '127.0.0.1', '-保留-', 'Windows 10', 'Chrome 8', '2020-08-08 11:32:37');
INSERT INTO `sys_log_login` VALUES (478, 'swingf', 'A', 0, '认证失败', '127.0.0.1', '-保留-', 'Windows 10', 'Chrome 8', '2020-08-08 11:32:47');
INSERT INTO `sys_log_login` VALUES (479, 'swingf', 'A', 0, '验证码失效', '127.0.0.1', '-保留-', 'Windows 10', 'Chrome 8', '2020-08-08 11:34:02');
INSERT INTO `sys_log_login` VALUES (480, 'swing', 'A', 1, '登录成功', '127.0.0.1', '-保留-', 'Windows 10', 'Chrome 8', '2020-08-08 11:34:10');
INSERT INTO `sys_log_login` VALUES (481, 'swing', 'A', 1, '登录成功', '127.0.0.1', '-保留-', 'Windows 10', 'Chrome 8', '2020-08-08 12:01:16');
INSERT INTO `sys_log_login` VALUES (482, 'swing', 'A', 1, '登录成功', '127.0.0.1', '-保留-', 'Windows 10', 'Chrome 8', '2020-08-08 13:12:15');
INSERT INTO `sys_log_login` VALUES (483, 'swing', 'A', 1, '登录成功', '127.0.0.1', '-保留-', 'Windows 10', 'Chrome 8', '2020-08-08 15:25:33');
INSERT INTO `sys_log_login` VALUES (484, 'swing', 'A', 1, '登录成功', '127.0.0.1', '-保留-', 'Windows 10', 'Chrome 8', '2020-08-08 17:50:40');
INSERT INTO `sys_log_login` VALUES (485, 'swing', 'A', 1, '登录成功', '127.0.0.1', '-保留-', 'Windows 10', 'Chrome 8', '2020-08-08 19:39:11');
INSERT INTO `sys_log_login` VALUES (486, 'swing', 'A', 1, '登录成功', '127.0.0.1', '-保留-', 'Windows 10', 'Chrome 8', '2020-08-08 20:52:41');
INSERT INTO `sys_log_login` VALUES (487, 'swing', 'A', 1, '登录成功', '127.0.0.1', '-保留-', 'Windows 10', 'Chrome 8', '2020-08-08 20:56:36');
INSERT INTO `sys_log_login` VALUES (488, 'swing', 'A', 1, '登录成功', '127.0.0.1', '-保留-', 'Windows 10', 'Chrome 8', '2020-08-08 21:28:48');
INSERT INTO `sys_log_login` VALUES (489, 'swing', 'A', 1, '登录成功', '127.0.0.1', '-保留-', 'Windows 10', 'Chrome 8', '2020-08-08 22:25:52');
INSERT INTO `sys_log_login` VALUES (490, 'swing', 'A', 1, '登录成功', '127.0.0.1', '-保留-', 'Windows 10', 'Chrome 8', '2020-08-09 08:43:15');
INSERT INTO `sys_log_login` VALUES (491, 'swing', 'A', 1, '登录成功', '127.0.0.1', '-保留-', 'Windows 10', 'Chrome 8', '2020-08-09 09:35:22');
INSERT INTO `sys_log_login` VALUES (492, 'swing', 'A', 1, '登录成功', '127.0.0.1', '-保留-', 'Windows 10', 'Chrome 8', '2020-08-09 10:33:12');
INSERT INTO `sys_log_login` VALUES (493, 'swing', 'A', 1, '登录成功', '127.0.0.1', '-保留-', 'Windows 10', 'Chrome 8', '2020-08-09 10:40:16');
INSERT INTO `sys_log_login` VALUES (494, 'swing', 'A', 1, '登录成功', '127.0.0.1', '-保留-', 'Windows 10', 'Chrome 8', '2020-08-09 13:37:58');
INSERT INTO `sys_log_login` VALUES (495, 'swing', 'A', 1, '登录成功', '127.0.0.1', '-保留-', 'Windows 10', 'Chrome 8', '2020-08-09 14:08:51');
INSERT INTO `sys_log_login` VALUES (496, 'swing', 'A', 0, '验证码错误', '127.0.0.1', '-保留-', 'Windows 10', 'Chrome 8', '2020-08-09 14:14:46');
INSERT INTO `sys_log_login` VALUES (497, 'swing', 'A', 1, '登录成功', '127.0.0.1', '-保留-', 'Windows 10', 'Chrome 8', '2020-08-09 14:14:50');
INSERT INTO `sys_log_login` VALUES (498, 'swing', 'A', 1, '登录成功', '127.0.0.1', '-保留-', 'Windows 10', 'Chrome 8', '2020-08-09 14:54:42');
INSERT INTO `sys_log_login` VALUES (499, 'swing', 'A', 1, '登录成功', '127.0.0.1', '-保留-', 'Windows 10', 'Chrome 8', '2020-08-09 14:57:42');
INSERT INTO `sys_log_login` VALUES (500, 'swing', 'A', 1, '登录成功', '127.0.0.1', '-保留-', 'Windows 10', 'Chrome 8', '2020-08-09 17:24:42');
INSERT INTO `sys_log_login` VALUES (501, 'qian', 'A', 0, '验证码错误', '127.0.0.1', '-保留-', 'Windows 10', 'Chrome 8', '2020-08-09 17:57:18');
INSERT INTO `sys_log_login` VALUES (502, 'qian', 'A', 1, '登录成功', '127.0.0.1', '-保留-', 'Windows 10', 'Chrome 8', '2020-08-09 17:57:22');
INSERT INTO `sys_log_login` VALUES (503, 'swing', 'A', 1, '登录成功', '127.0.0.1', '-保留-', 'Windows 10', 'Chrome 8', '2020-08-09 18:28:50');

-- ----------------------------
-- Table structure for sys_log_operate
-- ----------------------------
DROP TABLE IF EXISTS `sys_log_operate`;
CREATE TABLE `sys_log_operate`  (
  `id` bigint(20) NOT NULL AUTO_INCREMENT COMMENT '日志主键',
  `operater` varchar(50) CHARACTER SET utf8 COLLATE utf8_general_ci NULL DEFAULT '' COMMENT '操作者',
  `module` varchar(50) CHARACTER SET utf8 COLLATE utf8_general_ci NULL DEFAULT '' COMMENT '操作模块名',
  `business_type` char(1) CHARACTER SET utf8 COLLATE utf8_general_ci NULL DEFAULT '0' COMMENT '业务类型（I新增 U修改 D删除 O 其他）',
  `request_method` varchar(10) CHARACTER SET utf8 COLLATE utf8_general_ci NULL DEFAULT '' COMMENT '请求方式',
  `request_url` varchar(255) CHARACTER SET utf8 COLLATE utf8_general_ci NULL DEFAULT '' COMMENT '请求URL',
  `request_param` varchar(2000) CHARACTER SET utf8 COLLATE utf8_general_ci NULL DEFAULT '' COMMENT '请求参数',
  `result` varchar(2000) CHARACTER SET utf8 COLLATE utf8_general_ci NULL DEFAULT '' COMMENT '结果',
  `is_success` tinyint(1) NULL DEFAULT 0 COMMENT '操作成功与否（1成功 0失败）',
  `message` varchar(2000) CHARACTER SET utf8 COLLATE utf8_general_ci NULL DEFAULT '' COMMENT '响应消息',
  `java_method` varchar(100) CHARACTER SET utf8 COLLATE utf8_general_ci NULL DEFAULT '' COMMENT 'java方法名称',
  `client_type` char(1) CHARACTER SET utf8 COLLATE utf8_general_ci NULL DEFAULT '0' COMMENT '客户端类别（1其它 2后台用户 3手机端用户）',
  `ip` varchar(50) CHARACTER SET utf8 COLLATE utf8_general_ci NULL DEFAULT '' COMMENT '主机地址',
  `location` varchar(255) CHARACTER SET utf8 COLLATE utf8_general_ci NULL DEFAULT '' COMMENT '操作地点',
  `os` varchar(50) CHARACTER SET utf8 COLLATE utf8_general_ci NULL DEFAULT NULL COMMENT '操作系统',
  `browser` varchar(50) CHARACTER SET utf8 COLLATE utf8_general_ci NULL DEFAULT NULL COMMENT '浏览器',
  `create_time` datetime(0) NULL DEFAULT NULL COMMENT '操作时间',
  PRIMARY KEY (`id`) USING BTREE
) ENGINE = InnoDB AUTO_INCREMENT = 226 CHARACTER SET = utf8 COLLATE = utf8_general_ci COMMENT = '操作日志记录' ROW_FORMAT = DYNAMIC;

-- ----------------------------
-- Records of sys_log_operate
-- ----------------------------
INSERT INTO `sys_log_operate` VALUES (35, 'swing', 'dept', 'A', 'POST', 'http://localhost:8089/system/dept/add', '{\"deptName\":\"幅度萨芬\",\"leader\":\"swing\",\"use\":true,\"orderNum\":2,\"remark\":\"fd\",\"updateTime\":1594872552156,\"parentId\":108,\"createBy\":\"swing\",\"createTime\":1594872552156,\"phone\":\"18845124018\",\"updateBy\":\"swing\",\"id\":263,\"email\":\"18845124018@163.com\"}', '{\"msg\":\"新增部门信息成功！\",\"status\":200}', 1, '操作成功', 'com.swing.sky.web.api.controller.system.DeptController.addSave()', 'A', '127.0.0.1', '-保留-', 'Windows 10', 'Chrome 8', '2020-07-16 12:09:12');
INSERT INTO `sys_log_operate` VALUES (36, 'swing', 'dept', 'B', 'POST', 'http://localhost:8089/system/dept/edit', '{\"deptName\":\"幅度萨芬\",\"leader\":\"swing\",\"use\":false,\"orderNum\":2,\"remark\":\"fd\",\"updateTime\":1594872587349,\"parentId\":108,\"phone\":\"18845124018\",\"updateBy\":\"swing\",\"id\":263,\"email\":\"18845124018@163.com\"}', '{\"msg\":\"更新部门信息成功！\",\"status\":200}', 1, '操作成功', 'com.swing.sky.web.api.controller.system.DeptController.editSave()', 'A', '127.0.0.1', '-保留-', 'Windows 10', 'Chrome 8', '2020-07-16 12:09:47');
INSERT INTO `sys_log_operate` VALUES (37, 'swing', 'dept', 'C', 'GET', 'http://localhost:8089/system/dept/remove/263', '{deptId=263}', '{\"msg\":\"部门删除成功！\",\"status\":200}', 1, '操作成功', 'com.swing.sky.web.api.controller.system.DeptController.remove()', 'A', '127.0.0.1', '-保留-', 'Windows 10', 'Chrome 8', '2020-07-16 12:13:16');
INSERT INTO `sys_log_operate` VALUES (38, 'swing', 'user', 'B', 'POST', 'http://localhost:8089/system/user/edit', '{\"gender\":\"M\",\"nickName\":\"money\",\"use\":true,\"deptId\":103,\"orderNum\":3,\"remark\":\"我是money\",\"updateTime\":1594874249144,\"phone\":\"18845224514\",\"updateBy\":\"swing\",\"id\":103,\"email\":\"1885622435@173.com\",\"username\":\"qianqian\"}', '{\"msg\":\"用户信息更新成功！\",\"status\":200}', 1, '操作成功', 'com.swing.sky.web.api.controller.system.UserController.editSave()', 'A', '127.0.0.1', '-保留-', 'Windows 10', 'Chrome 8', '2020-07-16 12:37:29');
INSERT INTO `sys_log_operate` VALUES (39, 'swing', 'post', 'B', 'POST', 'http://localhost:8089/system/post/edit', '{\"updateBy\":\"swing\",\"use\":true,\"postName\":\"项目经理\",\"orderNum\":1,\"remark\":\"\",\"updateTime\":1594874255572,\"id\":14}', '{\"msg\":\"岗位信息更新成功！\",\"status\":200}', 1, '操作成功', 'com.swing.sky.web.api.controller.system.PostController.editSave()', 'A', '127.0.0.1', '-保留-', 'Windows 10', 'Chrome 8', '2020-07-16 12:37:36');
INSERT INTO `sys_log_operate` VALUES (40, 'swing', 'dept', 'B', 'POST', 'http://localhost:8089/system/dept/edit', '{\"deptName\":\"厉害了\",\"leader\":\"swing\",\"use\":true,\"orderNum\":4,\"remark\":\"\",\"updateTime\":1594874262258,\"parentId\":108,\"phone\":\"18845124018\",\"updateBy\":\"swing\",\"id\":252,\"email\":\"18845124018@163.com\"}', '{\"msg\":\"更新部门信息成功！\",\"status\":200}', 1, '操作成功', 'com.swing.sky.web.api.controller.system.DeptController.editSave()', 'A', '127.0.0.1', '-保留-', 'Windows 10', 'Chrome 8', '2020-07-16 12:37:42');
INSERT INTO `sys_log_operate` VALUES (41, 'swing', 'dictData', 'B', 'POST', 'http://localhost:8089/system/dict/data/edit', '{\"listClass\":\"primary\",\"use\":true,\"dataValue\":\"B\",\"orderNum\":2,\"remark\":\"测试\",\"updateTime\":1594874402237,\"dataKey\":\"修改\",\"isDefault\":false,\"updateBy\":\"swing\",\"id\":20}', '{\"msg\":\"字典数据更新成功！\",\"status\":200}', 1, '操作成功', 'com.swing.sky.web.api.controller.system.DictDataController.editSave()', 'A', '127.0.0.1', '-保留-', 'Windows 10', 'Chrome 8', '2020-07-16 12:40:02');
INSERT INTO `sys_log_operate` VALUES (42, 'swing', 'dictData', 'B', 'POST', 'http://localhost:8089/system/dict/data/edit', '{\"listClass\":\"warning\",\"use\":true,\"dataValue\":\"B\",\"orderNum\":2,\"remark\":\"测试\",\"updateTime\":1594874504233,\"dataKey\":\"修改\",\"isDefault\":false,\"updateBy\":\"swing\",\"id\":20}', '{\"msg\":\"字典数据更新成功！\",\"status\":200}', 1, '操作成功', 'com.swing.sky.web.api.controller.system.DictDataController.editSave()', 'A', '127.0.0.1', '-保留-', 'Windows 10', 'Chrome 8', '2020-07-16 12:41:44');
INSERT INTO `sys_log_operate` VALUES (43, 'swing', 'role', 'D', 'POST', 'http://localhost:8089/system/role/updateMenuLink', '131 1,103,1016,1017,1018,1019', '{\"msg\":\"角色菜单关联信息插入成功！\",\"status\":200}', 1, '操作成功', 'com.swing.sky.web.api.controller.system.RoleController.authMenuSave()', 'A', '127.0.0.1', '-保留-', 'Windows 10', 'Chrome 8', '2020-07-16 12:45:51');
INSERT INTO `sys_log_operate` VALUES (44, 'swing', 'role', 'D', 'POST', 'http://localhost:8089/system/role/updateDeptLink', '131 100,101,103,104,260,261,112,262', '{\"msg\":\"角色部门关联信息插入成功！\",\"status\":200}', 1, '操作成功', 'com.swing.sky.web.api.controller.system.RoleController.authDeptSave()', 'A', '127.0.0.1', '-保留-', 'Windows 10', 'Chrome 8', '2020-07-16 12:46:35');
INSERT INTO `sys_log_operate` VALUES (45, 'qianqian', 'dept', 'B', 'POST', 'http://localhost:8089/system/dept/edit', '{\"deptName\":\"保密部门\",\"leader\":\"swing\",\"use\":true,\"orderNum\":13,\"remark\":\"\",\"updateTime\":1594874807089,\"parentId\":260,\"phone\":\"18845124018\",\"updateBy\":\"qianqian\",\"id\":261,\"email\":\"18845124018@163.com\"}', '{\"msg\":\"更新部门信息成功！\",\"status\":200}', 1, '操作成功', 'com.swing.sky.web.api.controller.system.DeptController.editSave()', 'A', '127.0.0.1', '-保留-', 'Windows 10', 'Chrome 8', '2020-07-16 12:46:47');
INSERT INTO `sys_log_operate` VALUES (46, 'swing', 'user', 'A', 'POST', 'http://localhost:8089/system/user/add', '{\"gender\":\"M\",\"nickName\":\"jackson\",\"use\":true,\"deptId\":116,\"orderNum\":4,\"remark\":\"我在找肉丝\",\"updateTime\":1594878250622,\"createBy\":\"swing\",\"password\":\"$2a$10$xKB.8L5kVsbJJ/KmA6Blg.2d0vvjarzxvD0Fw1p70wF0IaQUeIe4S\",\"createTime\":1594878250622,\"phone\":\"18849124018\",\"updateBy\":\"swing\",\"id\":104,\"email\":\"18815124018@163.com\",\"username\":\"jack\"}', '{\"msg\":\"用户信息插入成功！\",\"status\":200}', 1, '操作成功', 'com.swing.sky.web.api.controller.system.UserController.addSave()', 'A', '127.0.0.1', '-保留-', 'Windows 10', 'Chrome 8', '2020-07-16 13:44:11');
INSERT INTO `sys_log_operate` VALUES (47, 'swing', 'user', 'A', 'POST', 'http://localhost:8089/system/user/add', '{\"gender\":\"W\",\"nickName\":\"天使\",\"use\":true,\"deptId\":109,\"orderNum\":5,\"remark\":\"天使\",\"updateTime\":1594878616026,\"createBy\":\"swing\",\"password\":\"$2a$10$.Yc02IbYyuYlY0KR2XqwxeCMGFklM1Bs8T/fssI51FxH91JtqLA0S\",\"createTime\":1594878616026,\"phone\":\"18845124018\",\"updateBy\":\"swing\",\"id\":105,\"email\":\"18845124018@163.com\",\"username\":\"aila\"}', '{\"msg\":\"用户信息插入成功！\",\"status\":200}', 1, '操作成功', 'com.swing.sky.web.api.controller.system.UserController.addSave()', 'A', '127.0.0.1', '-保留-', 'Windows 10', 'Chrome 8', '2020-07-16 13:50:16');
INSERT INTO `sys_log_operate` VALUES (48, 'swing', 'user', 'B', 'POST', 'http://localhost:8089/system/user/edit', '{\"gender\":\"M\",\"nickName\":\"jackson\",\"use\":true,\"deptId\":116,\"orderNum\":4,\"remark\":\"我在找肉丝\",\"updateTime\":1594878664588,\"phone\":\"18845124018\",\"updateBy\":\"swing\",\"id\":104,\"email\":\"18815124018@163.com\",\"username\":\"jack\"}', 'null', 0, '更新用户\'jack\'失败，手机号码已存在', 'com.swing.sky.web.api.controller.system.UserController.editSave()', 'A', '127.0.0.1', '-保留-', 'Windows 10', 'Chrome 8', '2020-07-16 13:51:05');
INSERT INTO `sys_log_operate` VALUES (49, 'swing', 'profile', 'B', 'POST', 'http://localhost:8089/profile/resetPwd', '3232 111111', 'null', 0, '原密码不正确，请重新输入', 'com.swing.sky.web.api.controller.common.ProfileController.resetPassword()', 'A', '127.0.0.1', '-保留-', 'Windows 10', 'Chrome 8', '2020-07-16 17:01:18');
INSERT INTO `sys_log_operate` VALUES (50, 'qianqian', 'profile', 'B', 'POST', 'http://localhost:8089/profile/update', '{\"gender\":\"M\",\"phone\":\"18845224514\",\"email\":\"1885622435@173.com\",\"username\":\"qianqian\"}', 'null', 0, 'nested exception is org.apache.ibatis.executor.ExecutorException: A query was run and no Result Maps were found for the Mapped Statement \'com.swing.sky.web.system.dao.SysUserDAO.listIdsByDeptIds\'.  It\'s likely that neither a Result Type nor a Result Map was specified.', 'com.swing.sky.web.api.controller.common.ProfileController.updateProfile()', 'A', '127.0.0.1', '-保留-', 'Windows 10', 'Chrome 8', '2020-07-16 17:17:40');
INSERT INTO `sys_log_operate` VALUES (51, 'qianqian', 'profile', 'B', 'POST', 'http://localhost:8089/profile/update', '{\"gender\":\"M\",\"phone\":\"18845224514\",\"email\":\"1885622435@173.com\",\"username\":\"qianqian\"}', 'null', 0, 'nested exception is org.apache.ibatis.executor.ExecutorException: A query was run and no Result Maps were found for the Mapped Statement \'com.swing.sky.web.system.dao.SysUserDAO.listIdsByDeptIds\'.  It\'s likely that neither a Result Type nor a Result Map was specified.', 'com.swing.sky.web.api.controller.common.ProfileController.updateProfile()', 'A', '127.0.0.1', '-保留-', 'Windows 10', 'Chrome 8', '2020-07-16 17:20:44');
INSERT INTO `sys_log_operate` VALUES (52, 'qianqian', 'profile', 'B', 'POST', 'http://localhost:8089/profile/update', '{\"gender\":\"M\",\"phone\":\"18845224514\",\"email\":\"1885622435@173.com\",\"username\":\"qianqian\"}', 'null', 0, '你操作的数据不在你拥有的权限范围内', 'com.swing.sky.web.api.controller.common.ProfileController.updateProfile()', 'A', '127.0.0.1', '-保留-', 'Windows 10', 'Chrome 8', '2020-07-16 17:23:04');
INSERT INTO `sys_log_operate` VALUES (53, 'qianqian', 'profile', 'B', 'POST', 'http://localhost:8089/profile/update', '{\"gender\":\"M\",\"phone\":\"18845224514\",\"email\":\"1885622435@173.com\",\"username\":\"qianqian\"}', '{\"msg\":\"基本信息更新成功！\",\"status\":200}', 1, '操作成功', 'com.swing.sky.web.api.controller.common.ProfileController.updateProfile()', 'A', '127.0.0.1', '-保留-', 'Windows 10', 'Chrome 8', '2020-07-16 17:28:41');
INSERT INTO `sys_log_operate` VALUES (54, 'qianqian', 'profile', 'B', 'POST', 'http://localhost:8089/profile/update', '{\"gender\":\"W\",\"phone\":\"18845224514\",\"email\":\"1885622435@173.com\",\"username\":\"qianqian\"}', '{\"msg\":\"基本信息更新成功！\",\"status\":200}', 1, '操作成功', 'com.swing.sky.web.api.controller.common.ProfileController.updateProfile()', 'A', '127.0.0.1', '-保留-', 'Windows 10', 'Chrome 8', '2020-07-16 17:28:45');
INSERT INTO `sys_log_operate` VALUES (55, 'qianqian', 'profile', 'B', 'POST', 'http://localhost:8089/profile/update', '{\"gender\":\"W\",\"phone\":\"18845224514\",\"email\":\"18888888888@173.com\",\"username\":\"qianqian\"}', '{\"msg\":\"基本信息更新成功！\",\"status\":200}', 1, '操作成功', 'com.swing.sky.web.api.controller.common.ProfileController.updateProfile()', 'A', '127.0.0.1', '-保留-', 'Windows 10', 'Chrome 8', '2020-07-16 17:29:01');
INSERT INTO `sys_log_operate` VALUES (56, 'qianqian', 'profile', 'B', 'POST', 'http://localhost:8089/profile/resetPwd', '123456 qqhzn.000', '{\"msg\":\"密码修改成功！\",\"status\":200}', 1, '操作成功', 'com.swing.sky.web.api.controller.common.ProfileController.resetPassword()', 'A', '127.0.0.1', '-保留-', 'Windows 10', 'Chrome 8', '2020-07-16 17:29:36');
INSERT INTO `sys_log_operate` VALUES (57, 'qianqian', 'profile', 'B', 'POST', 'http://localhost:8089/profile/update', '{\"gender\":\"M\",\"phone\":\"18845224514\",\"email\":\"1885622435@173.com\",\"username\":\"qian\"}', '{\"msg\":\"基本信息更新成功！\",\"status\":200}', 1, '操作成功', 'com.swing.sky.web.api.controller.common.ProfileController.updateProfile()', 'A', '127.0.0.1', '-保留-', 'Windows 10', 'Chrome 8', '2020-07-16 17:30:04');
INSERT INTO `sys_log_operate` VALUES (58, 'swing', 'menu', 'B', 'POST', 'http://localhost:8089/system/menu/edit', '{\"use\":true,\"icon\":\"#\",\"orderNum\":3,\"menuName\":\"系统接口\",\"remark\":\"系统接口菜单\",\"updateTime\":1594893107808,\"parentId\":2,\"authoritySign\":\"tool:swagger:view\",\"openWay\":\"menuItem\",\"path\":\"/tool/swagger\",\"updateBy\":\"swing\",\"menuType\":\"M\",\"id\":115}', '{\"msg\":\"更新菜单信息成功！\",\"status\":200}', 1, '操作成功', 'com.swing.sky.web.api.controller.system.MenuController.editSave()', 'A', '127.0.0.1', '-保留-', 'Windows 10', 'Chrome 8', '2020-07-16 17:51:48');
INSERT INTO `sys_log_operate` VALUES (59, 'swing', 'menu', 'B', 'POST', 'http://localhost:8089/system/menu/edit', '{\"use\":true,\"icon\":\"#\",\"orderNum\":2,\"menuName\":\"定时任务\",\"remark\":\"定时任务菜单\",\"updateTime\":1594893128839,\"parentId\":3,\"authoritySign\":\"monitor:job:view\",\"openWay\":\"menuItem\",\"path\":\"/monitor/job\",\"updateBy\":\"swing\",\"menuType\":\"M\",\"id\":110}', '{\"msg\":\"更新菜单信息成功！\",\"status\":200}', 1, '操作成功', 'com.swing.sky.web.api.controller.system.MenuController.editSave()', 'A', '127.0.0.1', '-保留-', 'Windows 10', 'Chrome 8', '2020-07-16 17:52:09');
INSERT INTO `sys_log_operate` VALUES (60, 'swing', 'menu', 'B', 'POST', 'http://localhost:8089/system/menu/edit', '{\"use\":true,\"icon\":\"#\",\"orderNum\":3,\"menuName\":\"系统接口\",\"remark\":\"系统接口菜单\",\"updateTime\":1594893375889,\"parentId\":2,\"authoritySign\":\"monitor:swagger:view\",\"openWay\":\"menuItem\",\"path\":\"/monitor/swagger\",\"updateBy\":\"swing\",\"menuType\":\"M\",\"id\":115}', '{\"msg\":\"更新菜单信息成功！\",\"status\":200}', 1, '操作成功', 'com.swing.sky.web.api.controller.system.MenuController.editSave()', 'A', '127.0.0.1', '-保留-', 'Windows 10', 'Chrome 8', '2020-07-16 17:56:16');
INSERT INTO `sys_log_operate` VALUES (61, 'swing', 'menu', 'B', 'POST', 'http://localhost:8089/system/menu/edit', '{\"use\":true,\"icon\":\"#\",\"orderNum\":5,\"menuName\":\"在线用户\",\"remark\":\"在线用户菜单\",\"updateTime\":1594893389993,\"parentId\":2,\"authoritySign\":\"monitor:online:view\",\"openWay\":\"menuItem\",\"path\":\"/monitor/online\",\"updateBy\":\"swing\",\"menuType\":\"M\",\"id\":109}', '{\"msg\":\"更新菜单信息成功！\",\"status\":200}', 1, '操作成功', 'com.swing.sky.web.api.controller.system.MenuController.editSave()', 'A', '127.0.0.1', '-保留-', 'Windows 10', 'Chrome 8', '2020-07-16 17:56:30');
INSERT INTO `sys_log_operate` VALUES (62, 'swing', 'menu', 'B', 'POST', 'http://localhost:8089/system/menu/edit', '{\"use\":true,\"icon\":\"#\",\"orderNum\":1,\"menuName\":\"系统接口\",\"remark\":\"系统接口菜单\",\"updateTime\":1594893409296,\"parentId\":2,\"authoritySign\":\"monitor:swagger:view\",\"openWay\":\"menuItem\",\"path\":\"/monitor/swagger\",\"updateBy\":\"swing\",\"menuType\":\"M\",\"id\":115}', '{\"msg\":\"更新菜单信息成功！\",\"status\":200}', 1, '操作成功', 'com.swing.sky.web.api.controller.system.MenuController.editSave()', 'A', '127.0.0.1', '-保留-', 'Windows 10', 'Chrome 8', '2020-07-16 17:56:49');
INSERT INTO `sys_log_operate` VALUES (63, 'swing', 'menu', 'B', 'POST', 'http://localhost:8089/system/menu/edit', '{\"use\":true,\"icon\":\"fa fa-video-camera\",\"orderNum\":2,\"menuName\":\"系统监控\",\"remark\":\"系统监控目录\",\"updateTime\":1594893477814,\"parentId\":0,\"authoritySign\":\"\",\"openWay\":\"menuItem\",\"path\":\"#\",\"updateBy\":\"swing\",\"menuType\":\"D\",\"id\":2}', '{\"msg\":\"更新菜单信息成功！\",\"status\":200}', 1, '操作成功', 'com.swing.sky.web.api.controller.system.MenuController.editSave()', 'A', '127.0.0.1', '-保留-', 'Windows 10', 'Chrome 8', '2020-07-16 17:57:58');
INSERT INTO `sys_log_operate` VALUES (64, 'swing', 'menu', 'B', 'POST', 'http://localhost:8089/system/menu/edit', '{\"use\":true,\"icon\":\"fa fa-bars\",\"orderNum\":3,\"menuName\":\"系统工具\",\"remark\":\"系统工具目录\",\"updateTime\":1594893482598,\"parentId\":0,\"authoritySign\":\"\",\"openWay\":\"menuItem\",\"path\":\"#\",\"updateBy\":\"swing\",\"menuType\":\"D\",\"id\":3}', '{\"msg\":\"更新菜单信息成功！\",\"status\":200}', 1, '操作成功', 'com.swing.sky.web.api.controller.system.MenuController.editSave()', 'A', '127.0.0.1', '-保留-', 'Windows 10', 'Chrome 8', '2020-07-16 17:58:03');
INSERT INTO `sys_log_operate` VALUES (65, 'swing', 'menu', 'B', 'POST', 'http://localhost:8089/system/menu/edit', '{\"use\":true,\"icon\":\"#\",\"orderNum\":1,\"menuName\":\"系统接口\",\"remark\":\"系统接口菜单\",\"updateTime\":1594893967019,\"parentId\":2,\"authoritySign\":\"monitor:swagger:view\",\"openWay\":\"menuBlank\",\"path\":\"/monitor/swagger\",\"updateBy\":\"swing\",\"menuType\":\"M\",\"id\":115}', '{\"msg\":\"更新菜单信息成功！\",\"status\":200}', 1, '操作成功', 'com.swing.sky.web.api.controller.system.MenuController.editSave()', 'A', '127.0.0.1', '-保留-', 'Windows 10', 'Chrome 8', '2020-07-16 18:06:07');
INSERT INTO `sys_log_operate` VALUES (66, 'swing', 'menu', 'B', 'POST', 'http://localhost:8089/system/menu/edit', '{\"use\":true,\"icon\":\"#\",\"orderNum\":1,\"menuName\":\"系统接口\",\"remark\":\"系统接口菜单\",\"updateTime\":1594894141915,\"parentId\":2,\"authoritySign\":\"monitor:swagger:view\",\"openWay\":\"menuItem\",\"path\":\"/monitor/swagger\",\"updateBy\":\"swing\",\"menuType\":\"M\",\"id\":115}', '{\"msg\":\"更新菜单信息成功！\",\"status\":200}', 1, '操作成功', 'com.swing.sky.web.api.controller.system.MenuController.editSave()', 'A', '127.0.0.1', '-保留-', 'Windows 10', 'Chrome 8', '2020-07-16 18:09:02');
INSERT INTO `sys_log_operate` VALUES (67, 'swing', 'menu', 'B', 'POST', 'http://localhost:8089/system/menu/edit', '{\"use\":true,\"icon\":\"#\",\"orderNum\":3,\"menuName\":\"数据监控\",\"remark\":\"数据监控菜单\",\"updateTime\":1594895678913,\"parentId\":2,\"authoritySign\":\"monitor:database:view\",\"openWay\":\"menuItem\",\"path\":\"/monitor/database\",\"updateBy\":\"swing\",\"menuType\":\"M\",\"id\":111}', '{\"msg\":\"更新菜单信息成功！\",\"status\":200}', 1, '操作成功', 'com.swing.sky.web.api.controller.system.MenuController.editSave()', 'A', '127.0.0.1', '-保留-', 'Windows 10', 'Chrome 8', '2020-07-16 18:34:39');
INSERT INTO `sys_log_operate` VALUES (68, 'swing', 'menu', 'B', 'POST', 'http://localhost:8089/system/menu/edit', '{\"use\":true,\"icon\":\"#\",\"orderNum\":2,\"menuName\":\"数据库监控\",\"remark\":\"数据监控菜单\",\"updateTime\":1594895696637,\"parentId\":2,\"authoritySign\":\"monitor:database:view\",\"openWay\":\"menuItem\",\"path\":\"/monitor/database\",\"updateBy\":\"swing\",\"menuType\":\"M\",\"id\":111}', '{\"msg\":\"更新菜单信息成功！\",\"status\":200}', 1, '操作成功', 'com.swing.sky.web.api.controller.system.MenuController.editSave()', 'A', '127.0.0.1', '-保留-', 'Windows 10', 'Chrome 8', '2020-07-16 18:34:57');
INSERT INTO `sys_log_operate` VALUES (69, 'swing', 'user', 'B', 'POST', 'http://localhost:8089/system/user/edit', '{\"gender\":\"W\",\"nickName\":\"天使\",\"use\":true,\"deptId\":109,\"orderNum\":5,\"remark\":\"天使\",\"updateTime\":1594994287013,\"phone\":\"18845124018\",\"updateBy\":\"swing\",\"id\":105,\"email\":\"18845124018@163.com\",\"username\":\"aila\"}', '{\"msg\":\"用户信息更新成功！\",\"status\":200}', 1, '操作成功', 'com.swing.sky.web.api.controller.system.UserController.editSave()', 'A', '127.0.0.1', '-保留-', 'Windows 10', 'Chrome 8', '2020-07-17 21:58:07');
INSERT INTO `sys_log_operate` VALUES (70, 'swing', 'menu', 'B', 'POST', 'http://localhost:8089/system/menu/edit', '{\"use\":false,\"icon\":\"fa fa-bars\",\"orderNum\":3,\"menuName\":\"系统工具\",\"remark\":\"系统工具目录\",\"updateTime\":1595052484763,\"parentId\":0,\"authoritySign\":\"\",\"openWay\":\"menuItem\",\"path\":\"#\",\"updateBy\":\"swing\",\"menuType\":\"D\",\"id\":3}', '{\"msg\":\"更新菜单信息成功！\",\"status\":200}', 1, '操作成功', 'com.swing.sky.web.api.controller.system.MenuController.editSave()', 'A', '127.0.0.1', '-保留-', 'Windows 10', 'Chrome 8', '2020-07-18 14:08:05');
INSERT INTO `sys_log_operate` VALUES (71, 'swing', 'menu', 'B', 'POST', 'http://localhost:8089/system/menu/edit', '{\"use\":true,\"icon\":\"#\",\"orderNum\":1,\"menuName\":\"表单构建\",\"remark\":\"表单构建菜单\",\"updateTime\":1595052701107,\"parentId\":3,\"authoritySign\":\"tool:build:view\",\"openWay\":\"menuItem\",\"path\":\"/tool/build\",\"updateBy\":\"swing\",\"menuType\":\"M\",\"id\":113}', '{\"msg\":\"更新菜单信息成功！\",\"status\":200}', 1, '操作成功', 'com.swing.sky.web.api.controller.system.MenuController.editSave()', 'A', '127.0.0.1', '-保留-', 'Windows 10', 'Chrome 8', '2020-07-18 14:11:41');
INSERT INTO `sys_log_operate` VALUES (72, 'swing', 'menu', 'B', 'POST', 'http://localhost:8089/system/menu/edit', '{\"use\":false,\"icon\":\"fa fa-bars\",\"orderNum\":3,\"menuName\":\"系统工具\",\"remark\":\"系统工具目录\",\"updateTime\":1595052724567,\"parentId\":0,\"authoritySign\":\"\",\"openWay\":\"menuItem\",\"path\":\"#\",\"updateBy\":\"swing\",\"menuType\":\"D\",\"id\":3}', '{\"msg\":\"更新菜单信息成功！\",\"status\":200}', 1, '操作成功', 'com.swing.sky.web.api.controller.system.MenuController.editSave()', 'A', '127.0.0.1', '-保留-', 'Windows 10', 'Chrome 8', '2020-07-18 14:12:05');
INSERT INTO `sys_log_operate` VALUES (73, 'swing', 'role', 'C', 'POST', 'http://localhost:8089/system/role/remove', '131', 'null', 0, '已有用户分配此角色，无法删除', 'com.swing.sky.web.api.controller.system.RoleController.remove()', 'A', '127.0.0.1', '-保留-', 'Windows 10', 'Chrome 8', '2020-07-19 12:46:05');
INSERT INTO `sys_log_operate` VALUES (74, 'swing', 'user', 'C', 'POST', 'http://localhost:8089/system/user/remove', '9,104,105', '{\"msg\":\"用户信息删除成功！\",\"status\":200}', 1, '操作成功', 'com.swing.sky.web.api.controller.system.UserController.remove()', 'A', '127.0.0.1', '-保留-', 'Windows 10', 'Chrome 8', '2020-07-19 12:46:38');
INSERT INTO `sys_log_operate` VALUES (75, 'swing', 'role', 'C', 'POST', 'http://localhost:8089/system/role/remove', '130,3,4,128', '{\"msg\":\"角色信息删除成功！\",\"status\":200}', 1, '操作成功', 'com.swing.sky.web.api.controller.system.RoleController.remove()', 'A', '127.0.0.1', '-保留-', 'Windows 10', 'Chrome 8', '2020-07-19 12:47:40');
INSERT INTO `sys_log_operate` VALUES (76, 'swing', 'role', 'B', 'POST', 'http://localhost:8089/system/role/edit', '{\"use\":true,\"roleName\":\"admin\",\"orderNum\":1,\"remark\":\"测试角色\",\"id\":1}', 'null', 0, '不允许操作管理员角色', 'com.swing.sky.web.api.controller.system.RoleController.editSave()', 'A', '127.0.0.1', '-保留-', 'Windows 10', 'Chrome 8', '2020-07-19 12:47:59');
INSERT INTO `sys_log_operate` VALUES (77, 'swing', 'menu', 'B', 'POST', 'http://localhost:8089/system/menu/edit', '{\"use\":true,\"icon\":\"#\",\"orderNum\":9,\"menuName\":\"日志管理\",\"remark\":\"日志管理\",\"updateTime\":1596532772171,\"parentId\":1,\"authoritySign\":\"\",\"openWay\":\"menuItem\",\"path\":\"#\",\"updateBy\":\"swing\",\"menuType\":\"D\",\"id\":108}', '{\"msg\":\"更新菜单信息成功！\",\"status\":200}', 1, '操作成功', 'com.swing.sky.web.api.controller.system.MenuController.editSave()', 'A', '127.0.0.1', '-保留-', 'Windows 10', 'Chrome 8', '2020-08-04 17:19:32');
INSERT INTO `sys_log_operate` VALUES (78, 'swing', 'dept', 'B', 'POST', 'http://localhost:8089/system/dept/edit', '{\"deptName\":\"保密部门\",\"leader\":\"swing\",\"use\":false,\"orderNum\":13,\"remark\":\"\",\"updateTime\":1596551012759,\"parentId\":260,\"phone\":\"18845124018\",\"updateBy\":\"swing\",\"id\":261,\"email\":\"18845124018@163.com\"}', '{\"msg\":\"更新部门信息成功！\",\"status\":200}', 1, '操作成功', 'com.swing.sky.api.system.system.DeptController.editSave()', 'A', '127.0.0.1', '-保留-', 'Windows 10', 'Chrome 8', '2020-08-04 22:23:33');
INSERT INTO `sys_log_operate` VALUES (79, 'swing', 'dept', 'B', 'POST', 'http://localhost:8089/system/dept/edit', '{\"deptName\":\"保密部门\",\"leader\":\"swing\",\"use\":true,\"orderNum\":13,\"remark\":\"\",\"updateTime\":1596551017560,\"parentId\":260,\"phone\":\"18845124018\",\"updateBy\":\"swing\",\"id\":261,\"email\":\"18845124018@163.com\"}', '{\"msg\":\"更新部门信息成功！\",\"status\":200}', 1, '操作成功', 'com.swing.sky.api.system.system.DeptController.editSave()', 'A', '127.0.0.1', '-保留-', 'Windows 10', 'Chrome 8', '2020-08-04 22:23:38');
INSERT INTO `sys_log_operate` VALUES (80, 'swing', 'dept', 'B', 'POST', 'http://localhost:8089/system/dept/edit', '{\"deptName\":\"销售部门\",\"leader\":\"swing\",\"use\":false,\"orderNum\":2,\"remark\":\"\",\"updateTime\":1596551021599,\"parentId\":101,\"phone\":\"18845124018\",\"updateBy\":\"swing\",\"id\":260,\"email\":\"18845124018@163.com\"}', '{\"msg\":\"更新部门信息成功！\",\"status\":200}', 1, '操作成功', 'com.swing.sky.api.system.system.DeptController.editSave()', 'A', '127.0.0.1', '-保留-', 'Windows 10', 'Chrome 8', '2020-08-04 22:23:42');
INSERT INTO `sys_log_operate` VALUES (81, 'swing', 'dept', 'B', 'POST', 'http://localhost:8089/system/dept/edit', '{\"deptName\":\"保密部门\",\"leader\":\"swing\",\"use\":true,\"orderNum\":13,\"remark\":\"\",\"updateTime\":1596551026352,\"parentId\":260,\"phone\":\"18845124018\",\"updateBy\":\"swing\",\"id\":261,\"email\":\"18845124018@163.com\"}', '{\"msg\":\"更新部门信息成功！\",\"status\":200}', 1, '操作成功', 'com.swing.sky.api.system.system.DeptController.editSave()', 'A', '127.0.0.1', '-保留-', 'Windows 10', 'Chrome 8', '2020-08-04 22:23:46');
INSERT INTO `sys_log_operate` VALUES (82, 'swing', 'user', 'B', 'POST', 'http://localhost:8089/system/user/resetPassword', '{\"updateTime\":1596594572565,\"password\":\"$2a$10$ODnfZMZEAgaGzEmaRa49N.ifadwFCA7.1mJdEasitAC1RcIkulEly\",\"updateBy\":\"swing\",\"id\":103,\"username\":\"qian\"}', '{\"msg\":\"密码重置成功！\",\"status\":200}', 1, '操作成功', 'com.swing.sky.api.system.system.UserController.resetPasswordSave()', 'A', '127.0.0.1', '-保留-', 'Windows 10', 'Chrome 8', '2020-08-05 10:29:33');
INSERT INTO `sys_log_operate` VALUES (83, 'swing', 'role', 'D', 'POST', 'http://localhost:8089/system/role/updateDeptLink', '131 100,102,108,252,109,113,114,116,115,112,262', '{\"msg\":\"角色部门关联信息插入成功！\",\"status\":200}', 1, '操作成功', 'com.swing.sky.api.system.system.RoleController.authDeptSave()', 'A', '127.0.0.1', '-保留-', 'Windows 10', 'Chrome 8', '2020-08-05 10:30:04');
INSERT INTO `sys_log_operate` VALUES (84, 'swing', 'role', 'D', 'POST', 'http://localhost:8089/system/role/updateMenuLink', '131 1,103,1016,1017,1018,1019', '{\"msg\":\"角色菜单关联信息插入成功！\",\"status\":200}', 1, '操作成功', 'com.swing.sky.api.system.system.RoleController.authMenuSave()', 'A', '127.0.0.1', '-保留-', 'Windows 10', 'Chrome 8', '2020-08-05 10:30:18');
INSERT INTO `sys_log_operate` VALUES (85, 'qian', 'dept', 'B', 'POST', 'http://localhost:8089/system/dept/edit', '{\"deptName\":\"财务部门\",\"leader\":\"swing\",\"use\":true,\"orderNum\":2,\"remark\":\"\",\"updateTime\":1596594672678,\"parentId\":102,\"phone\":\"18845124018\",\"updateBy\":\"qian\",\"id\":109,\"email\":\"18845124018@163.com\"}', '{\"msg\":\"更新部门信息成功！\",\"status\":200}', 1, '操作成功', 'com.swing.sky.api.system.system.DeptController.editSave()', 'A', '127.0.0.1', '-保留-', 'Windows 10', 'Chrome 8', '2020-08-05 10:31:13');
INSERT INTO `sys_log_operate` VALUES (86, 'swing', 'role', 'D', 'POST', 'http://localhost:8089/system/role/updateMenuLink', '131 1,103,1016,1017,1019', '{\"msg\":\"角色菜单关联信息插入成功！\",\"status\":200}', 1, '操作成功', 'com.swing.sky.api.system.system.RoleController.authMenuSave()', 'A', '127.0.0.1', '-保留-', 'Windows 10', 'Chrome 8', '2020-08-05 10:31:26');
INSERT INTO `sys_log_operate` VALUES (87, 'swing', 'role', 'D', 'POST', 'http://localhost:8089/system/role/updateDeptLink', '131 100,102,108,252,109,113,114,116,115', '{\"msg\":\"角色部门关联信息插入成功！\",\"status\":200}', 1, '操作成功', 'com.swing.sky.api.system.system.RoleController.authDeptSave()', 'A', '127.0.0.1', '-保留-', 'Windows 10', 'Chrome 8', '2020-08-05 10:32:23');
INSERT INTO `sys_log_operate` VALUES (88, 'swing', 'role', 'D', 'POST', 'http://localhost:8089/system/role/updateDeptLink', '131 100,102,108,252,109', '{\"msg\":\"角色部门关联信息插入成功！\",\"status\":200}', 1, '操作成功', 'com.swing.sky.api.system.system.RoleController.authDeptSave()', 'A', '127.0.0.1', '-保留-', 'Windows 10', 'Chrome 8', '2020-08-05 10:32:46');
INSERT INTO `sys_log_operate` VALUES (89, 'qian', 'profile', 'B', 'POST', 'http://localhost:8089/profile/update', '{\"gender\":\"W\",\"phone\":\"18845224514\",\"email\":\"1885622435@173.com\",\"username\":\"qian\"}', '{\"msg\":\"基本信息更新成功！\",\"status\":200}', 1, '操作成功', 'com.swing.sky.api.system.common.ProfileController.updateProfile()', 'A', '127.0.0.1', '-保留-', 'Windows 10', 'Chrome 8', '2020-08-05 10:33:29');
INSERT INTO `sys_log_operate` VALUES (90, 'swing', 'menu', 'B', 'POST', 'http://localhost:8089/system/menu/edit', '{\"use\":true,\"icon\":\"fa fa-building-o\",\"orderNum\":4,\"menuName\":\"专业管理\",\"remark\":\"部门管理菜单\",\"updateTime\":1596596746737,\"parentId\":1,\"authoritySign\":\"system:dept:view\",\"openWay\":\"menuItem\",\"path\":\"/system/dept\",\"updateBy\":\"swing\",\"menuType\":\"M\",\"id\":103}', '{\"msg\":\"更新菜单信息成功！\",\"status\":200}', 1, '操作成功', 'com.swing.sky.api.system.system.MenuController.editSave()', 'A', '127.0.0.1', '-保留-', 'Windows 10', 'Chrome 8', '2020-08-05 11:05:47');
INSERT INTO `sys_log_operate` VALUES (91, 'swing', 'menu', 'B', 'POST', 'http://localhost:8089/system/menu/edit', '{\"use\":true,\"icon\":\"fa fa-building-o\",\"orderNum\":4,\"menuName\":\"部门管理\",\"remark\":\"部门管理菜单\",\"updateTime\":1596596804174,\"parentId\":1,\"authoritySign\":\"system:dept:view\",\"openWay\":\"menuItem\",\"path\":\"/system/dept\",\"updateBy\":\"swing\",\"menuType\":\"M\",\"id\":103}', '{\"msg\":\"更新菜单信息成功！\",\"status\":200}', 1, '操作成功', 'com.swing.sky.api.system.system.MenuController.editSave()', 'A', '127.0.0.1', '-保留-', 'Windows 10', 'Chrome 8', '2020-08-05 11:06:44');
INSERT INTO `sys_log_operate` VALUES (92, 'swing', 'menu', 'B', 'POST', 'http://localhost:8089/system/menu/edit', '{\"use\":true,\"icon\":\"fa fa-building-o\",\"orderNum\":4,\"menuName\":\"专业管理\",\"remark\":\"部门管理菜单\",\"updateTime\":1596600237738,\"parentId\":1,\"authoritySign\":\"system:dept:view\",\"openWay\":\"menuItem\",\"path\":\"/system/dept\",\"updateBy\":\"swing\",\"menuType\":\"M\",\"id\":103}', '{\"msg\":\"更新菜单信息成功！\",\"status\":200}', 1, '操作成功', 'com.swing.sky.system.api.system.MenuController.editSave()', 'A', '127.0.0.1', '-保留-', 'Windows 10', 'Chrome 8', '2020-08-05 12:03:58');
INSERT INTO `sys_log_operate` VALUES (93, 'swing', 'dept', 'B', 'POST', 'http://localhost:8089/system/dept/edit', '{\"deptName\":\"电子工程学院\",\"leader\":\"swing\",\"use\":true,\"orderNum\":1,\"remark\":\"\",\"updateTime\":1596600257285,\"parentId\":100,\"phone\":\"18845124023\",\"updateBy\":\"swing\",\"id\":101,\"email\":\"18845124018@163.com\"}', '{\"msg\":\"更新部门信息成功！\",\"status\":200}', 1, '操作成功', 'com.swing.sky.system.api.system.DeptController.editSave()', 'A', '127.0.0.1', '-保留-', 'Windows 10', 'Chrome 8', '2020-08-05 12:04:17');
INSERT INTO `sys_log_operate` VALUES (94, 'swing', 'dept', 'B', 'POST', 'http://localhost:8089/system/dept/edit', '{\"deptName\":\"金融管理学院\",\"leader\":\"swing\",\"use\":true,\"orderNum\":2,\"remark\":\"\",\"updateTime\":1596600274777,\"parentId\":100,\"phone\":\"18845124018\",\"updateBy\":\"swing\",\"id\":102,\"email\":\"18845124018@163.com\"}', '{\"msg\":\"更新部门信息成功！\",\"status\":200}', 1, '操作成功', 'com.swing.sky.system.api.system.DeptController.editSave()', 'A', '127.0.0.1', '-保留-', 'Windows 10', 'Chrome 8', '2020-08-05 12:04:35');
INSERT INTO `sys_log_operate` VALUES (95, 'swing', 'dept', 'B', 'POST', 'http://localhost:8089/system/dept/edit', '{\"deptName\":\"软件学院\",\"leader\":\"swing\",\"use\":true,\"orderNum\":1,\"remark\":\"\",\"updateTime\":1596600290263,\"parentId\":100,\"phone\":\"18845124019\",\"updateBy\":\"swing\",\"id\":112,\"email\":\"18845124018@163.com\"}', '{\"msg\":\"更新部门信息成功！\",\"status\":200}', 1, '操作成功', 'com.swing.sky.system.api.system.DeptController.editSave()', 'A', '127.0.0.1', '-保留-', 'Windows 10', 'Chrome 8', '2020-08-05 12:04:50');
INSERT INTO `sys_log_operate` VALUES (96, 'swing', 'dept', 'C', 'GET', 'http://localhost:8089/system/dept/remove/260', '{deptId=260}', '{\"msg\":\"部门删除成功！\",\"status\":200}', 1, '操作成功', 'com.swing.sky.system.api.system.DeptController.remove()', 'A', '127.0.0.1', '-保留-', 'Windows 10', 'Chrome 8', '2020-08-05 12:04:57');
INSERT INTO `sys_log_operate` VALUES (97, 'swing', 'dept', 'B', 'POST', 'http://localhost:8089/system/dept/edit', '{\"deptName\":\"自动化\",\"leader\":\"swing\",\"use\":true,\"orderNum\":3,\"remark\":\"\",\"updateTime\":1596600304493,\"parentId\":101,\"phone\":\"18845124018\",\"updateBy\":\"swing\",\"id\":103,\"email\":\"18845124018@163.com\"}', '{\"msg\":\"更新部门信息成功！\",\"status\":200}', 1, '操作成功', 'com.swing.sky.system.api.system.DeptController.editSave()', 'A', '127.0.0.1', '-保留-', 'Windows 10', 'Chrome 8', '2020-08-05 12:05:05');
INSERT INTO `sys_log_operate` VALUES (98, 'swing', 'dept', 'B', 'POST', 'http://localhost:8089/system/dept/edit', '{\"deptName\":\"集成\",\"leader\":\"qianqian\",\"use\":true,\"orderNum\":2,\"remark\":\"\",\"updateTime\":1596600314087,\"parentId\":101,\"phone\":\"18845124018\",\"updateBy\":\"swing\",\"id\":104,\"email\":\"18845124018@163.com\"}', '{\"msg\":\"更新部门信息成功！\",\"status\":200}', 1, '操作成功', 'com.swing.sky.system.api.system.DeptController.editSave()', 'A', '127.0.0.1', '-保留-', 'Windows 10', 'Chrome 8', '2020-08-05 12:05:14');
INSERT INTO `sys_log_operate` VALUES (99, 'swing', 'dept', 'A', 'POST', 'http://localhost:8089/system/dept/add', '{\"deptName\":\"电科\",\"leader\":\"swing\",\"use\":true,\"orderNum\":3,\"remark\":\"\",\"updateTime\":1596600340893,\"parentId\":101,\"createBy\":\"swing\",\"createTime\":1596600340893,\"phone\":\"18845124018\",\"updateBy\":\"swing\",\"id\":263,\"email\":\"12678126@172.com\"}', '{\"msg\":\"新增部门信息成功！\",\"status\":200}', 1, '操作成功', 'com.swing.sky.system.api.system.DeptController.addSave()', 'A', '127.0.0.1', '-保留-', 'Windows 10', 'Chrome 8', '2020-08-05 12:05:41');
INSERT INTO `sys_log_operate` VALUES (100, 'swing', 'dept', 'C', 'GET', 'http://localhost:8089/system/dept/remove/261', '{deptId=261}', '{\"msg\":\"部门删除成功！\",\"status\":200}', 1, '操作成功', 'com.swing.sky.system.api.system.DeptController.remove()', 'A', '127.0.0.1', '-保留-', 'Windows 10', 'Chrome 8', '2020-08-05 12:05:51');
INSERT INTO `sys_log_operate` VALUES (101, 'swing', 'dept', 'C', 'GET', 'http://localhost:8089/system/dept/remove/262', '{deptId=262}', '{\"msg\":\"部门删除成功！\",\"status\":200}', 1, '操作成功', 'com.swing.sky.system.api.system.DeptController.remove()', 'A', '127.0.0.1', '-保留-', 'Windows 10', 'Chrome 8', '2020-08-05 12:05:54');
INSERT INTO `sys_log_operate` VALUES (102, 'swing', 'dept', 'C', 'GET', 'http://localhost:8089/system/dept/remove/113', '{deptId=113}', '{\"msg\":\"部门删除成功！\",\"status\":200}', 1, '操作成功', 'com.swing.sky.system.api.system.DeptController.remove()', 'A', '127.0.0.1', '-保留-', 'Windows 10', 'Chrome 8', '2020-08-05 12:06:00');
INSERT INTO `sys_log_operate` VALUES (103, 'swing', 'dept', 'C', 'GET', 'http://localhost:8089/system/dept/remove/114', '{deptId=114}', '{\"msg\":\"部门删除成功！\",\"status\":200}', 1, '操作成功', 'com.swing.sky.system.api.system.DeptController.remove()', 'A', '127.0.0.1', '-保留-', 'Windows 10', 'Chrome 8', '2020-08-05 12:06:09');
INSERT INTO `sys_log_operate` VALUES (104, 'swing', 'dept', 'C', 'GET', 'http://localhost:8089/system/dept/remove/115', '{deptId=115}', '{\"msg\":\"部门删除成功！\",\"status\":200}', 1, '操作成功', 'com.swing.sky.system.api.system.DeptController.remove()', 'A', '127.0.0.1', '-保留-', 'Windows 10', 'Chrome 8', '2020-08-05 12:06:11');
INSERT INTO `sys_log_operate` VALUES (105, 'swing', 'dept', 'C', 'GET', 'http://localhost:8089/system/dept/remove/116', '{deptId=116}', '{\"msg\":\"部门删除成功！\",\"status\":200}', 1, '操作成功', 'com.swing.sky.system.api.system.DeptController.remove()', 'A', '127.0.0.1', '-保留-', 'Windows 10', 'Chrome 8', '2020-08-05 12:06:14');
INSERT INTO `sys_log_operate` VALUES (106, 'swing', 'dept', 'A', 'POST', 'http://localhost:8089/system/dept/add', '{\"deptName\":\"计算机科学\",\"leader\":\"swing\",\"use\":true,\"orderNum\":3,\"remark\":\"\",\"updateTime\":1596600463821,\"parentId\":112,\"createBy\":\"swing\",\"createTime\":1596600463821,\"phone\":\"18845124876\",\"updateBy\":\"swing\",\"id\":264,\"email\":\"177543622@43.com\"}', '{\"msg\":\"新增部门信息成功！\",\"status\":200}', 1, '操作成功', 'com.swing.sky.system.api.system.DeptController.addSave()', 'A', '127.0.0.1', '-保留-', 'Windows 10', 'Chrome 8', '2020-08-05 12:07:44');
INSERT INTO `sys_log_operate` VALUES (107, 'swing', 'dept', 'C', 'GET', 'http://localhost:8089/system/dept/remove/252', '{deptId=252}', '{\"msg\":\"部门删除成功！\",\"status\":200}', 1, '操作成功', 'com.swing.sky.system.api.system.DeptController.remove()', 'A', '127.0.0.1', '-保留-', 'Windows 10', 'Chrome 8', '2020-08-05 12:07:52');
INSERT INTO `sys_log_operate` VALUES (108, 'swing', 'dept', 'B', 'POST', 'http://localhost:8089/system/dept/edit', '{\"deptName\":\"市场\",\"leader\":\"swing\",\"use\":true,\"orderNum\":1,\"remark\":\"\",\"updateTime\":1596600481602,\"parentId\":102,\"phone\":\"18845124018\",\"updateBy\":\"swing\",\"id\":108,\"email\":\"18845124018@163.com\"}', '{\"msg\":\"更新部门信息成功！\",\"status\":200}', 1, '操作成功', 'com.swing.sky.system.api.system.DeptController.editSave()', 'A', '127.0.0.1', '-保留-', 'Windows 10', 'Chrome 8', '2020-08-05 12:08:02');
INSERT INTO `sys_log_operate` VALUES (109, 'swing', 'dept', 'B', 'POST', 'http://localhost:8089/system/dept/edit', '{\"deptName\":\"财务\",\"leader\":\"swing\",\"use\":true,\"orderNum\":2,\"remark\":\"\",\"updateTime\":1596600486660,\"parentId\":102,\"phone\":\"18845124018\",\"updateBy\":\"swing\",\"id\":109,\"email\":\"18845124018@163.com\"}', '{\"msg\":\"更新部门信息成功！\",\"status\":200}', 1, '操作成功', 'com.swing.sky.system.api.system.DeptController.editSave()', 'A', '127.0.0.1', '-保留-', 'Windows 10', 'Chrome 8', '2020-08-05 12:08:07');
INSERT INTO `sys_log_operate` VALUES (110, 'swing', 'menu', 'B', 'POST', 'http://localhost:8085/system/menu/edit', '{\"use\":true,\"icon\":\"#\",\"orderNum\":8,\"menuName\":\"通知公告\",\"remark\":\"通知公告菜单\",\"updateTime\":1596796562050,\"parentId\":1,\"authoritySign\":\"system:notice:view\",\"openWay\":\"menuItem\",\"path\":\"/system/notice\",\"updateBy\":\"swing\",\"menuType\":\"M\",\"id\":107}', '{\"msg\":\"更新菜单信息成功！\",\"status\":200}', 1, '操作成功', 'com.swing.sky.system.api.system.MenuController.editSave()', 'A', '127.0.0.1', '-保留-', 'Windows 10', 'Chrome 8', '2020-08-07 18:36:02');
INSERT INTO `sys_log_operate` VALUES (111, 'swing', 'notice', 'A', 'POST', 'http://localhost:8085/system/notice/add', '{\"noticeContent\":\"<p><img src=\\\"data:image/png;base64,iVBORw0KGgoAAAANSUhEUgAAAjAAAACWCAYAAADAK7K1AAAgAElEQVR4Ae3dB5Q0RfU28NesiBExRxRzRAwgAmIOoKAoqGBOmFDErKCIYo4oAgYwK2YFUQwomBADZjHnjAmz1v/86vtqT9N29/TM9GzP7nvrnDmzOzMd6qmqe5+bqjeklNJ///vfldd//vOf9O9//zv961//Sv/85z/T3//+9/S3v/0t/fWvf01nnnlm+stf/pJff/7zn5PXn/70p3gFBjEHYg7EHIg5EHMg5sCqzoENVQJTJS//+Mc/VogL0oKs/PGPf0x/+MMf0hlnnJF+//vfn+X1u9/9LsUrMIg5EHMg5kDMgZgDMQdWYw5sKN6XJvJSPC48MX4XLRAIBAKBQCAQCAQCgWVAIBOYJvJSQkW+ixYIBAKBQCAQCAQCgcAyIXAWAsPTIt+F50XIKMjLMg1V3EsgEAgEAoFAIBAIFAQ21L0vknWRFzkw0QKBQCAQCAQCgUAgEFhGBFYITPG+CB1J1A3vyzIOV9xTIBAIBAKBQCAQCEAgExgl0zwuxfuiwihaIBAIBAKBQCAQCAQCy4rAhrLni/1e5L4olVb+FC0QCAQCgUAgEAgEAoFlRSATmLJhXQkf/eY3v1nW+437CgQCgUAgEAgEAoFAIK0QGNVHCIxN6n79618HNIFAIBAIBAKBQCAQCCwtAmchMKqPgsAs7VjFjQUCgUAgEAgEAoHA/0cgE5jy2AAERgLvr371qwAoEAgEAoFAIBAIBAKBpUVghcBUK5CCwCzteMWNBQKBQCAQCAQC6w4BjyuSj/ve9743fe5zn+vVvw3VEmpPluaB+eUvf9nr4PhRIBAIBAKBQCAQCAQCQyCgGvrFL35xet/73tfrdEFgesE0zI+UqH/+85/Pg2OA5n194hOfSJ/5zGfSaaedln70ox/lDQgR0njw5jDjNeksCP83vvGNXuN4/PHHpy996Us5Ub5rk0jbGthI8rOf/Ww67rjjGs99wgknpK997WvZWomxnjRK8X0gEAisFQTmJjD2gAkPzGKGm9LZa6+90kUucpF0nvOcJ23YsCGd7WxnS+c85znz/z7zOte5zpXOfvaz5+/9pv7y3aabbppufOMbpzvc4Q7pAQ94QHrBC16QFd73vve9rAC54qItFoFvfetb6ZnPfGa62MUuls53vvN1jtnmm2+e7nGPe2SyqeKvrQnlfvWrX0177LFHuvzlL5/Ofe5zr4y/ubLJJpuk613veulpT3taTrhHeKIFAoFAILAeEAgCs8SjKFma0jv00EPTjjvumBUTxXfVq141bbvttmmHHXbIr+tf//rpohe96IriqhMYCvPhD394es5znpP22WefdLOb3Sxd6lKXSpTk9ttvn573vOdlJRjW+WInA5L405/+NHtJdtttt3Txi1+8dcyQzs022yyP/Y9//OPWGzNm5sm3v/3t9MIXvjBts802+ZyFvOy+++7prW99a/rZz34Wj/toRTG+CAQCgbWIQBCYJR81A/TNb34zx/kufelLpytf+cpp//33Tx/84AdzOEhI6CUveUm60Y1ulK5ylaukRzziESthhHe9613p1a9+dXrsYx+bbnvb26anP/3pyWcf+chH0pFHHpnuf//7p2td61r55e8PfehDyfWCyCxuUgjZ2fjxbW97Wyahl7nMZdKd73zn9KY3vSm95z3vyWP30pe+NH/Gm7LLLrsk4SQVf10Nifn617+eDjjggHSlK10pneMc58hz4rWvfW0mTa4bLRAIBAKB9YRAEJg1MJpyJ+QxCAHxtvDIVMN2xx57bLrlLW+ZbnjDG6bDDz98hYAIFwjxITlPfvKT073vfe/0ile8Iis6SvTkk09OT33qU7Oi23LLLdP97ne/dMopp+S8izUAy5q9RWRCeFCICCHlJfnKV76y8kR3HpfDDjsse9qucI', 'null', 0, '\r\n### Error updating database.  Cause: com.mysql.cj.jdbc.exceptions.MysqlDataTruncation: Data truncation: Data too long for column \'notice_content\' at row 1\r\n### The error may involve com.swing.sky.system.module.dao.SysNoticeDAO.insert-Inline\r\n### The error occurred while setting parameters\r\n### SQL: insert into  sys_notice           ( notice_title,                                           notice_type,                                           notice_content,                                                is_use,                               order_num,                               create_by,                               create_time,                               update_by,                               update_time,                               remark )           values ( ?,                                           ?,                                           ?,                                                ?,                               ?,                               ?,                               ?,                               ?,                               ?,                               ? )\r\n### Cause: com.mysql.cj.jdbc.exceptions.MysqlDataTruncation: Data truncation: Data too long for column \'notice_content\' at row 1\n; Data truncation: Data too long for column \'notice_content\' at row 1; nested exception is com.mysql.cj.jdbc.exceptions.MysqlDataTruncation: Data truncation: Data too long for column \'notice_content\' at row 1', 'com.swing.sky.system.api.system.NoticeController.addSave()', 'A', '127.0.0.1', '-保留-', 'Windows 10', 'Chrome 8', '2020-08-08 12:03:53');
INSERT INTO `sys_log_operate` VALUES (112, 'swing', 'notice', 'A', 'POST', 'http://localhost:8085/system/notice/add', '{\"noticeContent\":\"<p><img src=\\\"data:image/png;base64,iVBORw0KGgoAAAANSUhEUgAAAjAAAACWCAYAAADAK7K1AAAgAElEQVR4Ae3dB5Q0RfU28NesiBExRxRzRAwgAmIOoKAoqGBOmFDErKCIYo4oAgYwK2YFUQwomBADZjHnjAmz1v/86vtqT9N29/TM9GzP7nvrnDmzOzMd6qmqe5+bqjeklNJ///vfldd//vOf9O9//zv961//Sv/85z/T3//+9/S3v/0t/fWvf01nnnlm+stf/pJff/7zn5PXn/70p3gFBjEHYg7EHIg5EHMg5sCqzoENVQJTJS//+Mc/VogL0oKs/PGPf0x/+MMf0hlnnJF+//vfn+X1u9/9LsUrMIg5EHMg5kDMgZgDMQdWYw5sKN6XJvJSPC48MX4XLRAIBAKBQCAQCAQCgWVAIBOYJvJSQkW+ixYIBAKBQCAQCAQCgcAyIXAWAsPTIt+F50XIKMjLMg1V3EsgEAgEAoFAIBAIFAQ21L0vknWRFzkw0QKBQCAQCAQCgUAgEFhGBFYITPG+CB1J1A3vyzIOV9xTIBAIBAKBQCAQCEAgExgl0zwuxfuiwihaIBAIBAKBQCAQCAQCy4rAhrLni/1e5L4olVb+FC0QCAQCgUAgEAgEAoFlRSATmLJhXQkf/eY3v1nW+437CgQCgUAgEAgEAoFAIK0QGNVHCIxN6n79618HNIFAIBAIBAKBQCAQCCwtAmchMKqPgsAs7VjFjQUCgUAgEAgEAoHA/0cgE5jy2AAERgLvr371qwAoEAgEAoFAIBAIBAKBpUVghcBUK5CCwCzteMWNBQKBQCAQCAQC6w4BjyuSj/ve9743fe5zn+vVvw3VEmpPluaB+eUvf9nr4PhRIBAIBAKBQCAQCAQCQyCgGvrFL35xet/73tfrdEFgesE0zI+UqH/+85/Pg2OA5n194hOfSJ/5zGfSaaedln70ox/lDQgR0njw5jDjNeksCP83vvGNXuN4/PHHpy996Us5Ub5rk0jbGthI8rOf/Ww67rjjGs99wgknpK997WvZWomxnjRK8X0gEAisFQTmJjD2gAkPzGKGm9LZa6+90kUucpF0nvOcJ23YsCGd7WxnS+c85znz/z7zOte5zpXOfvaz5+/9pv7y3aabbppufOMbpzvc4Q7pAQ94QHrBC16QFd73vve9rAC54qItFoFvfetb6ZnPfGa62MUuls53vvN1jtnmm2+e7nGPe2SyqeKvrQnlfvWrX0177LFHuvzlL5/Ofe5zr4y/ubLJJpuk613veulpT3taTrhHeKIFAoFAILAeEAgCs8SjKFma0jv00EPTjjvumBUTxXfVq141bbvttmmHHXbIr+tf//rpohe96IriqhMYCvPhD394es5znpP22WefdLOb3Sxd6lKXSpTk9ttvn573vOdlJRjW+WInA5L405/+NHtJdtttt3Txi1+8dcyQzs022yyP/Y9//OPWGzNm5sm3v/3t9MIXvjBts802+ZyFvOy+++7prW99a/rZz34Wj/toRTG+CAQCgbWIQBCYJR81A/TNb34zx/kufelLpytf+cpp//33Tx/84AdzOEhI6CUveUm60Y1ulK5ylaukRzziESthhHe9613p1a9+dXrsYx+bbnvb26anP/3pyWcf+chH0pFHHpnuf//7p2td61r55e8PfehDyfWCyCxuUgjZ2fjxbW97Wyahl7nMZdKd73zn9KY3vSm95z3vyWP30pe+NH/Gm7LLLrsk4SQVf10Nifn617+eDjjggHSlK10pneMc58hz4rWvfW0mTa4bLRAIBAKB9YRAEJg1MJpyJ+QxCAHxtvDIVMN2xx57bLrlLW+ZbnjDG6bDDz98hYAIFwjxITlPfvKT073vfe/0ile8Iis6SvTkk09OT33qU7Oi23LLLdP97ne/dMopp+S8izUAy5q9RWRCeFCICCHlJfnKV76y8kR3HpfDDjsse9qucI', '{\"msg\":\"公告信息插入成功！\",\"status\":200}', 1, '操作成功', 'com.swing.sky.system.api.system.NoticeController.addSave()', 'A', '127.0.0.1', '-保留-', 'Windows 10', 'Chrome 8', '2020-08-08 12:04:45');
INSERT INTO `sys_log_operate` VALUES (113, 'swing', 'dictType', 'B', 'POST', 'http://localhost:8085/system/dict/type/edit', '{\"updateBy\":\"swing\",\"use\":true,\"typeName\":\"题目题型\",\"typeSign\":\"tiku_question_type\",\"orderNum\":11,\"remark\":\"题目题型\",\"updateTime\":1596861429452,\"id\":5}', '{\"msg\":\"字典类型更新成功！\",\"status\":200}', 1, '操作成功', 'com.swing.sky.system.api.system.DictTypeController.editSave()', 'A', '127.0.0.1', '-保留-', 'Windows 10', 'Chrome 8', '2020-08-08 12:37:10');
INSERT INTO `sys_log_operate` VALUES (114, 'swing', 'dictData', 'B', 'POST', 'http://localhost:8085/system/dict/data/edit', '{\"listClass\":\"info\",\"use\":true,\"dataValue\":\"A\",\"orderNum\":1,\"remark\":\"选择题\",\"updateTime\":1596861473869,\"dataKey\":\"选择题\",\"isDefault\":false,\"updateBy\":\"swing\",\"id\":10}', '{\"msg\":\"字典数据更新成功！\",\"status\":200}', 1, '操作成功', 'com.swing.sky.system.api.system.DictDataController.editSave()', 'A', '127.0.0.1', '-保留-', 'Windows 10', 'Chrome 8', '2020-08-08 12:37:54');
INSERT INTO `sys_log_operate` VALUES (115, 'swing', 'dictData', 'B', 'POST', 'http://localhost:8085/system/dict/data/edit', '{\"listClass\":\"primary\",\"use\":true,\"dataValue\":\"B\",\"orderNum\":2,\"remark\":\"填空题\",\"updateTime\":1596861493412,\"dataKey\":\"填空题\",\"isDefault\":false,\"updateBy\":\"swing\",\"id\":11}', '{\"msg\":\"字典数据更新成功！\",\"status\":200}', 1, '操作成功', 'com.swing.sky.system.api.system.DictDataController.editSave()', 'A', '127.0.0.1', '-保留-', 'Windows 10', 'Chrome 8', '2020-08-08 12:38:14');
INSERT INTO `sys_log_operate` VALUES (116, 'swing', 'dictData', 'A', 'POST', 'http://localhost:8085/system/dict/data/add', '{\"listClass\":\"success\",\"use\":true,\"dataValue\":\"C\",\"orderNum\":3,\"remark\":\"计算题\",\"updateTime\":1596861518807,\"dataKey\":\"计算题\",\"createBy\":\"swing\",\"isDefault\":false,\"createTime\":1596861518807,\"updateBy\":\"swing\",\"typeId\":5,\"id\":45}', '{\"msg\":\"字典数据插入成功！\",\"status\":200}', 1, '操作成功', 'com.swing.sky.system.api.system.DictDataController.addSave()', 'A', '127.0.0.1', '-保留-', 'Windows 10', 'Chrome 8', '2020-08-08 12:38:39');
INSERT INTO `sys_log_operate` VALUES (117, 'swing', 'dictData', 'B', 'POST', 'http://localhost:8085/system/dict/data/edit', '{\"listClass\":\"info\",\"use\":true,\"dataValue\":\"A\",\"orderNum\":1,\"remark\":\"选择题\",\"updateTime\":1596861528213,\"dataKey\":\"选择题\",\"isDefault\":true,\"updateBy\":\"swing\",\"id\":10}', '{\"msg\":\"字典数据更新成功！\",\"status\":200}', 1, '操作成功', 'com.swing.sky.system.api.system.DictDataController.editSave()', 'A', '127.0.0.1', '-保留-', 'Windows 10', 'Chrome 8', '2020-08-08 12:38:48');
INSERT INTO `sys_log_operate` VALUES (118, 'swing', 'dictType', 'B', 'POST', 'http://localhost:8085/system/dict/type/edit', '{\"updateBy\":\"swing\",\"use\":true,\"typeName\":\"题目审核状态\",\"typeSign\":\"tiku_audit_status\",\"orderNum\":13,\"remark\":\"题目审核状态\",\"updateTime\":1596861590893,\"id\":2}', '{\"msg\":\"字典类型更新成功！\",\"status\":200}', 1, '操作成功', 'com.swing.sky.system.api.system.DictTypeController.editSave()', 'A', '127.0.0.1', '-保留-', 'Windows 10', 'Chrome 8', '2020-08-08 12:39:51');
INSERT INTO `sys_log_operate` VALUES (119, 'swing', 'dictData', 'B', 'POST', 'http://localhost:8085/system/dict/data/edit', '{\"listClass\":\"info\",\"use\":true,\"dataValue\":\"A\",\"orderNum\":1,\"remark\":\"审核中\",\"updateTime\":1596861632485,\"dataKey\":\"审核中\",\"isDefault\":false,\"updateBy\":\"swing\",\"id\":4}', '{\"msg\":\"字典数据更新成功！\",\"status\":200}', 1, '操作成功', 'com.swing.sky.system.api.system.DictDataController.editSave()', 'A', '127.0.0.1', '-保留-', 'Windows 10', 'Chrome 8', '2020-08-08 12:40:33');
INSERT INTO `sys_log_operate` VALUES (120, 'swing', 'dictData', 'B', 'POST', 'http://localhost:8085/system/dict/data/edit', '{\"listClass\":\"danger\",\"use\":true,\"dataValue\":\"C\",\"orderNum\":3,\"remark\":\"未通过\",\"updateTime\":1596861683195,\"dataKey\":\"未通过\",\"isDefault\":false,\"updateBy\":\"swing\",\"id\":5}', '{\"msg\":\"字典数据更新成功！\",\"status\":200}', 1, '操作成功', 'com.swing.sky.system.api.system.DictDataController.editSave()', 'A', '127.0.0.1', '-保留-', 'Windows 10', 'Chrome 8', '2020-08-08 12:41:23');
INSERT INTO `sys_log_operate` VALUES (121, 'swing', 'dictData', 'A', 'POST', 'http://localhost:8085/system/dict/data/add', '{\"listClass\":\"success\",\"use\":true,\"dataValue\":\"B\",\"orderNum\":2,\"remark\":\"审核通过\",\"updateTime\":1596861718757,\"dataKey\":\"审核通过\",\"createBy\":\"swing\",\"isDefault\":true,\"createTime\":1596861718757,\"updateBy\":\"swing\",\"typeId\":2,\"id\":46}', '{\"msg\":\"字典数据插入成功！\",\"status\":200}', 1, '操作成功', 'com.swing.sky.system.api.system.DictDataController.addSave()', 'A', '127.0.0.1', '-保留-', 'Windows 10', 'Chrome 8', '2020-08-08 12:41:59');
INSERT INTO `sys_log_operate` VALUES (122, 'swing', 'dictData', 'B', 'POST', 'http://localhost:8085/system/dict/data/edit', '{\"listClass\":\"warning\",\"use\":true,\"dataValue\":\"A\",\"orderNum\":1,\"remark\":\"审核中\",\"updateTime\":1596861728521,\"dataKey\":\"审核中\",\"isDefault\":false,\"updateBy\":\"swing\",\"id\":4}', '{\"msg\":\"字典数据更新成功！\",\"status\":200}', 1, '操作成功', 'com.swing.sky.system.api.system.DictDataController.editSave()', 'A', '127.0.0.1', '-保留-', 'Windows 10', 'Chrome 8', '2020-08-08 12:42:09');
INSERT INTO `sys_log_operate` VALUES (123, 'swing', 'dictData', 'B', 'POST', 'http://localhost:8085/system/dict/data/edit', '{\"listClass\":\"primary\",\"use\":true,\"dataValue\":\"B\",\"orderNum\":2,\"remark\":\"审核通过\",\"updateTime\":1596861735693,\"dataKey\":\"审核通过\",\"isDefault\":true,\"updateBy\":\"swing\",\"id\":46}', '{\"msg\":\"字典数据更新成功！\",\"status\":200}', 1, '操作成功', 'com.swing.sky.system.api.system.DictDataController.editSave()', 'A', '127.0.0.1', '-保留-', 'Windows 10', 'Chrome 8', '2020-08-08 12:42:16');
INSERT INTO `sys_log_operate` VALUES (124, 'swing', 'notice', 'B', 'POST', 'http://localhost:8085/system/notice/edit', '{\"noticeContent\":\"<p><img src=\\\"data:image/png;base64,iVBORw0KGgoAAAANSUhEUgAAAjAAAACWCAYAAADAK7K1AAAgAElEQVR4Ae3dB5Q0RfU28NesiBExRxRzRAwgAmIOoKAoqGBOmFDErKCIYo4oAgYwK2YFUQwomBADZjHnjAmz1v/86vtqT9N29/TM9GzP7nvrnDmzOzMd6qmqe5+bqjeklNJ///vfldd//vOf9O9//zv961//Sv/85z/T3//+9/S3v/0t/fWvf01nnnlm+stf/pJff/7zn5PXn/70p3gFBjEHYg7EHIg5EHMg5sCqzoENVQJTJS//+Mc/VogL0oKs/PGPf0x/+MMf0hlnnJF+//vfn+X1u9/9LsUrMIg5EHMg5kDMgZgDMQdWYw5sKN6XJvJSPC48MX4XLRAIBAKBQCAQCAQCgWVAIBOYJvJSQkW+ixYIBAKBQCAQCAQCgcAyIXAWAsPTIt+F50XIKMjLMg1V3EsgEAgEAoFAIBAIFAQ21L0vknWRFzkw0QKBQCAQCAQCgUAgEFhGBFYITPG+CB1J1A3vyzIOV9xTIBAIBAKBQCAQCEAgExgl0zwuxfuiwihaIBAIBAKBQCAQCAQCy4rAhrLni/1e5L4olVb+FC0QCAQCgUAgEAgEAoFlRSATmLJhXQkf/eY3v1nW+437CgQCgUAgEAgEAoFAIK0QGNVHCIxN6n79618HNIFAIBAIBAKBQCAQCCwtAmchMKqPgsAs7VjFjQUCgUAgEAgEAoHA/0cgE5jy2AAERgLvr371qwAoEAgEAoFAIBAIBAKBpUVghcBUK5CCwCzteMWNBQKBQCAQCAQC6w4BjyuSj/ve9743fe5zn+vVvw3VEmpPluaB+eUvf9nr4PhRIBAIBAKBQCAQCAQCQyCgGvrFL35xet/73tfrdEFgesE0zI+UqH/+85/Pg2OA5n194hOfSJ/5zGfSaaedln70ox/lDQgR0njw5jDjNeksCP83vvGNXuN4/PHHpy996Us5Ub5rk0jbGthI8rOf/Ww67rjjGs99wgknpK997WvZWomxnjRK8X0gEAisFQTmJjD2gAkPzGKGm9LZa6+90kUucpF0nvOcJ23YsCGd7WxnS+c85znz/z7zOte5zpXOfvaz5+/9pv7y3aabbppufOMbpzvc4Q7pAQ94QHrBC16QFd73vve9rAC54qItFoFvfetb6ZnPfGa62MUuls53vvN1jtnmm2+e7nGPe2SyqeKvrQnlfvWrX0177LFHuvzlL5/Ofe5zr4y/ubLJJpuk613veulpT3taTrhHeKIFAoFAILAeEAgCs8SjKFma0jv00EPTjjvumBUTxXfVq141bbvttmmHHXbIr+tf//rpohe96IriqhMYCvPhD394es5znpP22WefdLOb3Sxd6lKXSpTk9ttvn573vOdlJRjW+WInA5L405/+NHtJdtttt3Txi1+8dcyQzs022yyP/Y9//OPWGzNm5sm3v/3t9MIXvjBts802+ZyFvOy+++7prW99a/rZz34Wj/toRTG+CAQCgbWIQBCYJR81A/TNb34zx/kufelLpytf+cpp//33Tx/84AdzOEhI6CUveUm60Y1ulK5ylaukRzziESthhHe9613p1a9+dXrsYx+bbnvb26anP/3pyWcf+chH0pFHHpnuf//7p2td61r55e8PfehDyfWCyCxuUgjZ2fjxbW97Wyahl7nMZdKd73zn9KY3vSm95z3vyWP30pe+NH/Gm7LLLrsk4SQVf10Nifn617+eDjjggHSlK10pneMc58hz4rWvfW0mTa4bLRAIBAKB9YRAEJg1MJpyJ+QxCAHxtvDIVMN2xx57bLrlLW+ZbnjDG6bDDz98hYAIFwjxITlPfvKT073vfe/0ile8Iis6SvTkk09OT33qU7Oi23LLLdP97ne/dMopp+S8izUAy5q9RWRCeFCICCHlJfnKV76y8kR3HpfDDjsse9qucI', '{\"msg\":\"公告信息更新成功！\",\"status\":200}', 1, '操作成功', 'com.swing.sky.system.api.system.NoticeController.editSave()', 'A', '127.0.0.1', '-保留-', 'Windows 10', 'Chrome 8', '2020-08-08 12:49:45');
INSERT INTO `sys_log_operate` VALUES (125, 'swing', 'notice', 'B', 'POST', 'http://localhost:8085/system/notice/edit', '{\"noticeContent\":\"<p><img src=\\\"data:image/png;base64,iVBORw0KGgoAAAANSUhEUgAAAjAAAACWCAYAAADAK7K1AAAgAElEQVR4Ae3dB5Q0RfU28NesiBExRxRzRAwgAmIOoKAoqGBOmFDErKCIYo4oAgYwK2YFUQwomBADZjHnjAmz1v/86vtqT9N29/TM9GzP7nvrnDmzOzMd6qmqe5+bqjeklNJ///vfldd//vOf9O9//zv961//Sv/85z/T3//+9/S3v/0t/fWvf01nnnlm+stf/pJff/7zn5PXn/70p3gFBjEHYg7EHIg5EHMg5sCqzoENVQJTJS//+Mc/VogL0oKs/PGPf0x/+MMf0hlnnJF+//vfn+X1u9/9LsUrMIg5EHMg5kDMgZgDMQdWYw5sKN6XJvJSPC48MX4XLRAIBAKBQCAQCAQCgWVAIBOYJvJSQkW+ixYIBAKBQCAQCAQCgcAyIXAWAsPTIt+F50XIKMjLMg1V3EsgEAgEAoFAIBAIFAQ21L0vknWRFzkw0QKBQCAQCAQCgUAgEFhGBFYITPG+CB1J1A3vyzIOV9xTIBAIBAKBQCAQCEAgExgl0zwuxfuiwihaIBAIBAKBQCAQCAQCy4rAhrLni/1e5L4olVb+FC0QCAQCgUAgEAgEAoFlRSATmLJhXQkf/eY3v1nW+437CgQCgUAgEAgEAoFAIK0QGNVHCIxN6n79618HNIFAIBAIBAKBQCAQCCwtAmchMKqPgsAs7VjFjQUCgUAgEAgEAoHA/0cgE5jy2AAERgLvr371qwAoEAgEAoFAIBAIBAKBpUVghcBUK5CCwCzteMWNBQKBQCAQCAQC6w4BjyuSj/ve9743fe5zn+vVvw3VEmpPluaB+eUvf9nr4PhRIBAIBAKBQCAQCAQCQyCgGvrFL35xet/73tfrdEFgesE0zI+UqH/+85/Pg2OA5n194hOfSJ/5zGfSaaedln70ox/lDQgR0njw5jDjNeksCP83vvGNXuN4/PHHpy996Us5Ub5rk0jbGthI8rOf/Ww67rjjGs99wgknpK997WvZWomxnjRK8X0gEAisFQTmJjD2gAkPzGKGm9LZa6+90kUucpF0nvOcJ23YsCGd7WxnS+c85znz/z7zOte5zpXOfvaz5+/9pv7y3aabbppufOMbpzvc4Q7pAQ94QHrBC16QFd73vve9rAC54qItFoFvfetb6ZnPfGa62MUuls53vvN1jtnmm2+e7nGPe2SyqeKvrQnlfvWrX0177LFHuvzlL5/Ofe5zr4y/ubLJJpuk613veulpT3taTrhHeKIFAoFAILAeEAgCs8SjKFma0jv00EPTjjvumBUTxXfVq141bbvttmmHHXbIr+tf//rpohe96IriqhMYCvPhD394es5znpP22WefdLOb3Sxd6lKXSpTk9ttvn573vOdlJRjW+WInA5L405/+NHtJdtttt3Txi1+8dcyQzs022yyP/Y9//OPWGzNm5sm3v/3t9MIXvjBts802+ZyFvOy+++7prW99a/rZz34Wj/toRTG+CAQCgbWIQBCYJR81A/TNb34zx/kufelLpytf+cpp//33Tx/84AdzOEhI6CUveUm60Y1ulK5ylaukRzziESthhHe9613p1a9+dXrsYx+bbnvb26anP/3pyWcf+chH0pFHHpnuf//7p2td61r55e8PfehDyfWCyCxuUgjZ2fjxbW97Wyahl7nMZdKd73zn9KY3vSm95z3vyWP30pe+NH/Gm7LLLrsk4SQVf10Nifn617+eDjjggHSlK10pneMc58hz4rWvfW0mTa4bLRAIBAKB9YRAEJg1MJpyJ+QxCAHxtvDIVMN2xx57bLrlLW+ZbnjDG6bDDz98hYAIFwjxITlPfvKT073vfe/0ile8Iis6SvTkk09OT33qU7Oi23LLLdP97ne/dMopp+S8izUAy5q9RWRCeFCICCHlJfnKV76y8kR3HpfDDjsse9qucI', 'null', 0, '\r\n### Error updating database.  Cause: com.mysql.cj.jdbc.exceptions.MysqlDataTruncation: Data truncation: Data too long for column \'notice_title\' at row 1\r\n### The error may involve com.swing.sky.system.module.dao.SysNoticeDAO.update-Inline\r\n### The error occurred while setting parameters\r\n### SQL: update  sys_notice           SET notice_title = ?,                                           notice_type = ?,                                           notice_content = ?,                                                is_use = ?,                               order_num = ?,                                                 update_by = ?,                               update_time = ?,                               remark = ?          where id = ?\r\n### Cause: com.mysql.cj.jdbc.exceptions.MysqlDataTruncation: Data truncation: Data too long for column \'notice_title\' at row 1\n; Data truncation: Data too long for column \'notice_title\' at row 1; nested exception is com.mysql.cj.jdbc.exceptions.MysqlDataTruncation: Data truncation: Data too long for column \'notice_title\' at row 1', 'com.swing.sky.system.api.system.NoticeController.editSave()', 'A', '127.0.0.1', '-保留-', 'Windows 10', 'Chrome 8', '2020-08-08 12:49:54');
INSERT INTO `sys_log_operate` VALUES (126, 'swing', 'notice', 'B', 'POST', 'http://localhost:8085/system/notice/edit', '{\"noticeContent\":\"<p><img src=\\\"data:image/png;base64,iVBORw0KGgoAAAANSUhEUgAAAjAAAACWCAYAAADAK7K1AAAgAElEQVR4Ae3dB5Q0RfU28NesiBExRxRzRAwgAmIOoKAoqGBOmFDErKCIYo4oAgYwK2YFUQwomBADZjHnjAmz1v/86vtqT9N29/TM9GzP7nvrnDmzOzMd6qmqe5+bqjeklNJ///vfldd//vOf9O9//zv961//Sv/85z/T3//+9/S3v/0t/fWvf01nnnlm+stf/pJff/7zn5PXn/70p3gFBjEHYg7EHIg5EHMg5sCqzoENVQJTJS//+Mc/VogL0oKs/PGPf0x/+MMf0hlnnJF+//vfn+X1u9/9LsUrMIg5EHMg5kDMgZgDMQdWYw5sKN6XJvJSPC48MX4XLRAIBAKBQCAQCAQCgWVAIBOYJvJSQkW+ixYIBAKBQCAQCAQCgcAyIXAWAsPTIt+F50XIKMjLMg1V3EsgEAgEAoFAIBAIFAQ21L0vknWRFzkw0QKBQCAQCAQCgUAgEFhGBFYITPG+CB1J1A3vyzIOV9xTIBAIBAKBQCAQCEAgExgl0zwuxfuiwihaIBAIBAKBQCAQCAQCy4rAhrLni/1e5L4olVb+FC0QCAQCgUAgEAgEAoFlRSATmLJhXQkf/eY3v1nW+437CgQCgUAgEAgEAoFAIK0QGNVHCIxN6n79618HNIFAIBAIBAKBQCAQCCwtAmchMKqPgsAs7VjFjQUCgUAgEAgEAoHA/0cgE5jy2AAERgLvr371qwAoEAgEAoFAIBAIBAKBpUVghcBUK5CCwCzteMWNBQKBQCAQCAQC6w4BjyuSj/ve9743fe5zn+vVvw3VEmpPluaB+eUvf9nr4PhRIBAIBAKBQCAQCAQCQyCgGvrFL35xet/73tfrdEFgesE0zI+UqH/+85/Pg2OA5n194hOfSJ/5zGfSaaedln70ox/lDQgR0njw5jDjNeksCP83vvGNXuN4/PHHpy996Us5Ub5rk0jbGthI8rOf/Ww67rjjGs99wgknpK997WvZWomxnjRK8X0gEAisFQTmJjD2gAkPzGKGm9LZa6+90kUucpF0nvOcJ23YsCGd7WxnS+c85znz/z7zOte5zpXOfvaz5+/9pv7y3aabbppufOMbpzvc4Q7pAQ94QHrBC16QFd73vve9rAC54qItFoFvfetb6ZnPfGa62MUuls53vvN1jtnmm2+e7nGPe2SyqeKvrQnlfvWrX0177LFHuvzlL5/Ofe5zr4y/ubLJJpuk613veulpT3taTrhHeKIFAoFAILAeEAgCs8SjKFma0jv00EPTjjvumBUTxXfVq141bbvttmmHHXbIr+tf//rpohe96IriqhMYCvPhD394es5znpP22WefdLOb3Sxd6lKXSpTk9ttvn573vOdlJRjW+WInA5L405/+NHtJdtttt3Txi1+8dcyQzs022yyP/Y9//OPWGzNm5sm3v/3t9MIXvjBts802+ZyFvOy+++7prW99a/rZz34Wj/toRTG+CAQCgbWIQBCYJR81A/TNb34zx/kufelLpytf+cpp//33Tx/84AdzOEhI6CUveUm60Y1ulK5ylaukRzziESthhHe9613p1a9+dXrsYx+bbnvb26anP/3pyWcf+chH0pFHHpnuf//7p2td61r55e8PfehDyfWCyCxuUgjZ2fjxbW97Wyahl7nMZdKd73zn9KY3vSm95z3vyWP30pe+NH/Gm7LLLrsk4SQVf10Nifn617+eDjjggHSlK10pneMc58hz4rWvfW0mTa4bLRAIBAKB9YRAEJg1MJpyJ+QxCAHxtvDIVMN2xx57bLrlLW+ZbnjDG6bDDz98hYAIFwjxITlPfvKT073vfe/0ile8Iis6SvTkk09OT33qU7Oi23LLLdP97ne/dMopp+S8izUAy5q9RWRCeFCICCHlJfnKV76y8kR3HpfDDjsse9qucI', 'null', 0, '\r\n### Error updating database.  Cause: com.mysql.cj.jdbc.exceptions.MysqlDataTruncation: Data truncation: Data too long for column \'notice_title\' at row 1\r\n### The error may involve com.swing.sky.system.module.dao.SysNoticeDAO.update-Inline\r\n### The error occurred while setting parameters\r\n### SQL: update  sys_notice           SET notice_title = ?,                                           notice_type = ?,                                           notice_content = ?,                                                is_use = ?,                               order_num = ?,                                                 update_by = ?,                               update_time = ?,                               remark = ?          where id = ?\r\n### Cause: com.mysql.cj.jdbc.exceptions.MysqlDataTruncation: Data truncation: Data too long for column \'notice_title\' at row 1\n; Data truncation: Data too long for column \'notice_title\' at row 1; nested exception is com.mysql.cj.jdbc.exceptions.MysqlDataTruncation: Data truncation: Data too long for column \'notice_title\' at row 1', 'com.swing.sky.system.api.system.NoticeController.editSave()', 'A', '127.0.0.1', '-保留-', 'Windows 10', 'Chrome 8', '2020-08-08 12:50:05');
INSERT INTO `sys_log_operate` VALUES (127, 'swing', 'notice', 'B', 'POST', 'http://localhost:8085/system/notice/edit', '{\"noticeContent\":\"<p><img src=\\\"data:image/png;base64,iVBORw0KGgoAAAANSUhEUgAAAjAAAACWCAYAAADAK7K1AAAgAElEQVR4Ae3dB5Q0RfU28NesiBExRxRzRAwgAmIOoKAoqGBOmFDErKCIYo4oAgYwK2YFUQwomBADZjHnjAmz1v/86vtqT9N29/TM9GzP7nvrnDmzOzMd6qmqe5+bqjeklNJ///vfldd//vOf9O9//zv961//Sv/85z/T3//+9/S3v/0t/fWvf01nnnlm+stf/pJff/7zn5PXn/70p3gFBjEHYg7EHIg5EHMg5sCqzoENVQJTJS//+Mc/VogL0oKs/PGPf0x/+MMf0hlnnJF+//vfn+X1u9/9LsUrMIg5EHMg5kDMgZgDMQdWYw5sKN6XJvJSPC48MX4XLRAIBAKBQCAQCAQCgWVAIBOYJvJSQkW+ixYIBAKBQCAQCAQCgcAyIXAWAsPTIt+F50XIKMjLMg1V3EsgEAgEAoFAIBAIFAQ21L0vknWRFzkw0QKBQCAQCAQCgUAgEFhGBFYITPG+CB1J1A3vyzIOV9xTIBAIBAKBQCAQCEAgExgl0zwuxfuiwihaIBAIBAKBQCAQCAQCy4rAhrLni/1e5L4olVb+FC0QCAQCgUAgEAgEAoFlRSATmLJhXQkf/eY3v1nW+437CgQCgUAgEAgEAoFAIK0QGNVHCIxN6n79618HNIFAIBAIBAKBQCAQCCwtAmchMKqPgsAs7VjFjQUCgUAgEAgEAoHA/0cgE5jy2AAERgLvr371qwAoEAgEAoFAIBAIBAKBpUVghcBUK5CCwCzteMWNBQKBQCAQCAQC6w4BjyuSj/ve9743fe5zn+vVvw3VEmpPluaB+eUvf9nr4PhRIBAIBAKBQCAQCAQCQyCgGvrFL35xet/73tfrdEFgesE0zI+UqH/+85/Pg2OA5n194hOfSJ/5zGfSaaedln70ox/lDQgR0njw5jDjNeksCP83vvGNXuN4/PHHpy996Us5Ub5rk0jbGthI8rOf/Ww67rjjGs99wgknpK997WvZWomxnjRK8X0gEAisFQTmJjD2gAkPzGKGm9LZa6+90kUucpF0nvOcJ23YsCGd7WxnS+c85znz/z7zOte5zpXOfvaz5+/9pv7y3aabbppufOMbpzvc4Q7pAQ94QHrBC16QFd73vve9rAC54qItFoFvfetb6ZnPfGa62MUuls53vvN1jtnmm2+e7nGPe2SyqeKvrQnlfvWrX0177LFHuvzlL5/Ofe5zr4y/ubLJJpuk613veulpT3taTrhHeKIFAoFAILAeEAgCs8SjKFma0jv00EPTjjvumBUTxXfVq141bbvttmmHHXbIr+tf//rpohe96IriqhMYCvPhD394es5znpP22WefdLOb3Sxd6lKXSpTk9ttvn573vOdlJRjW+WInA5L405/+NHtJdtttt3Txi1+8dcyQzs022yyP/Y9//OPWGzNm5sm3v/3t9MIXvjBts802+ZyFvOy+++7prW99a/rZz34Wj/toRTG+CAQCgbWIQBCYJR81A/TNb34zx/kufelLpytf+cpp//33Tx/84AdzOEhI6CUveUm60Y1ulK5ylaukRzziESthhHe9613p1a9+dXrsYx+bbnvb26anP/3pyWcf+chH0pFHHpnuf//7p2td61r55e8PfehDyfWCyCxuUgjZ2fjxbW97Wyahl7nMZdKd73zn9KY3vSm95z3vyWP30pe+NH/Gm7LLLrsk4SQVf10Nifn617+eDjjggHSlK10pneMc58hz4rWvfW0mTa4bLRAIBAKB9YRAEJg1MJpyJ+QxCAHxtvDIVMN2xx57bLrlLW+ZbnjDG6bDDz98hYAIFwjxITlPfvKT073vfe/0ile8Iis6SvTkk09OT33qU7Oi23LLLdP97ne/dMopp+S8izUAy5q9RWRCeFCICCHlJfnKV76y8kR3HpfDDjsse9qucI', '{\"msg\":\"公告信息更新成功！\",\"status\":200}', 1, '操作成功', 'com.swing.sky.system.api.system.NoticeController.editSave()', 'A', '127.0.0.1', '-保留-', 'Windows 10', 'Chrome 8', '2020-08-08 12:50:09');
INSERT INTO `sys_log_operate` VALUES (128, 'swing', 'notice', 'B', 'POST', 'http://localhost:8085/system/notice/edit', '{\"noticeContent\":\"<p><img src=\\\"data:image/png;base64,iVBORw0KGgoAAAANSUhEUgAAAjAAAACWCAYAAADAK7K1AAAgAElEQVR4Ae3dB5Q0RfU28NesiBExRxRzRAwgAmIOoKAoqGBOmFDErKCIYo4oAgYwK2YFUQwomBADZjHnjAmz1v/86vtqT9N29/TM9GzP7nvrnDmzOzMd6qmqe5+bqjeklNJ///vfldd//vOf9O9//zv961//Sv/85z/T3//+9/S3v/0t/fWvf01nnnlm+stf/pJff/7zn5PXn/70p3gFBjEHYg7EHIg5EHMg5sCqzoENVQJTJS//+Mc/VogL0oKs/PGPf0x/+MMf0hlnnJF+//vfn+X1u9/9LsUrMIg5EHMg5kDMgZgDMQdWYw5sKN6XJvJSPC48MX4XLRAIBAKBQCAQCAQCgWVAIBOYJvJSQkW+ixYIBAKBQCAQCAQCgcAyIXAWAsPTIt+F50XIKMjLMg1V3EsgEAgEAoFAIBAIFAQ21L0vknWRFzkw0QKBQCAQCAQCgUAgEFhGBFYITPG+CB1J1A3vyzIOV9xTIBAIBAKBQCAQCEAgExgl0zwuxfuiwihaIBAIBAKBQCAQCAQCy4rAhrLni/1e5L4olVb+FC0QCAQCgUAgEAgEAoFlRSATmLJhXQkf/eY3v1nW+437CgQCgUAgEAgEAoFAIK0QGNVHCIxN6n79618HNIFAIBAIBAKBQCAQCCwtAmchMKqPgsAs7VjFjQUCgUAgEAgEAoHA/0cgE5jy2AAERgLvr371qwAoEAgEAoFAIBAIBAKBpUVghcBUK5CCwCzteMWNBQKBQCAQCAQC6w4BjyuSj/ve9743fe5zn+vVvw3VEmpPluaB+eUvf9nr4PhRIBAIBAKBQCAQCAQCQyCgGvrFL35xet/73tfrdEFgesE0zI+UqH/+85/Pg2OA5n194hOfSJ/5zGfSaaedln70ox/lDQgR0njw5jDjNeksCP83vvGNXuN4/PHHpy996Us5Ub5rk0jbGthI8rOf/Ww67rjjGs99wgknpK997WvZWomxnjRK8X0gEAisFQTmJjD2gAkPzGKGm9LZa6+90kUucpF0nvOcJ23YsCGd7WxnS+c85znz/z7zOte5zpXOfvaz5+/9pv7y3aabbppufOMbpzvc4Q7pAQ94QHrBC16QFd73vve9rAC54qItFoFvfetb6ZnPfGa62MUuls53vvN1jtnmm2+e7nGPe2SyqeKvrQnlfvWrX0177LFHuvzlL5/Ofe5zr4y/ubLJJpuk613veulpT3taTrhHeKIFAoFAILAeEAgCs8SjKFma0jv00EPTjjvumBUTxXfVq141bbvttmmHHXbIr+tf//rpohe96IriqhMYCvPhD394es5znpP22WefdLOb3Sxd6lKXSpTk9ttvn573vOdlJRjW+WInA5L405/+NHtJdtttt3Txi1+8dcyQzs022yyP/Y9//OPWGzNm5sm3v/3t9MIXvjBts802+ZyFvOy+++7prW99a/rZz34Wj/toRTG+CAQCgbWIQBCYJR81A/TNb34zx/kufelLpytf+cpp//33Tx/84AdzOEhI6CUveUm60Y1ulK5ylaukRzziESthhHe9613p1a9+dXrsYx+bbnvb26anP/3pyWcf+chH0pFHHpnuf//7p2td61r55e8PfehDyfWCyCxuUgjZ2fjxbW97Wyahl7nMZdKd73zn9KY3vSm95z3vyWP30pe+NH/Gm7LLLrsk4SQVf10Nifn617+eDjjggHSlK10pneMc58hz4rWvfW0mTa4bLRAIBAKB9YRAEJg1MJpyJ+QxCAHxtvDIVMN2xx57bLrlLW+ZbnjDG6bDDz98hYAIFwjxITlPfvKT073vfe/0ile8Iis6SvTkk09OT33qU7Oi23LLLdP97ne/dMopp+S8izUAy5q9RWRCeFCICCHlJfnKV76y8kR3HpfDDjsse9qucI', '{\"msg\":\"公告信息更新成功！\",\"status\":200}', 1, '操作成功', 'com.swing.sky.system.api.system.NoticeController.editSave()', 'A', '127.0.0.1', '-保留-', 'Windows 10', 'Chrome 8', '2020-08-08 12:50:35');
INSERT INTO `sys_log_operate` VALUES (129, 'swing', 'dictType', 'B', 'POST', 'http://localhost:8085/system/dict/type/edit', '{\"updateBy\":\"swing\",\"use\":true,\"typeName\":\"题目学期\",\"typeSign\":\"tiku_question_year\",\"orderNum\":13,\"remark\":\"题目学期\",\"updateTime\":1596862362056,\"id\":4}', '{\"msg\":\"字典类型更新成功！\",\"status\":200}', 1, '操作成功', 'com.swing.sky.system.api.system.DictTypeController.editSave()', 'A', '127.0.0.1', '-保留-', 'Windows 10', 'Chrome 8', '2020-08-08 12:52:42');
INSERT INTO `sys_log_operate` VALUES (130, 'swing', 'dictType', 'B', 'POST', 'http://localhost:8085/system/dict/type/edit', '{\"updateBy\":\"swing\",\"use\":true,\"typeName\":\"题目审核状态\",\"typeSign\":\"tiku_question_audit_status\",\"orderNum\":13,\"remark\":\"题目审核状态\",\"updateTime\":1596862385475,\"id\":2}', '{\"msg\":\"字典类型更新成功！\",\"status\":200}', 1, '操作成功', 'com.swing.sky.system.api.system.DictTypeController.editSave()', 'A', '127.0.0.1', '-保留-', 'Windows 10', 'Chrome 8', '2020-08-08 12:53:06');
INSERT INTO `sys_log_operate` VALUES (131, 'swing', 'dictData', 'C', 'POST', 'http://localhost:8085/system/dict/data/remove', '37', '{\"msg\":\"字典数据删除成功！\",\"status\":200}', 1, '操作成功', 'com.swing.sky.system.api.system.DictDataController.remove()', 'A', '127.0.0.1', '-保留-', 'Windows 10', 'Chrome 8', '2020-08-08 12:53:38');
INSERT INTO `sys_log_operate` VALUES (132, 'swing', 'dictData', 'B', 'POST', 'http://localhost:8085/system/dict/data/edit', '{\"listClass\":\"primary\",\"use\":true,\"dataValue\":\"true\",\"orderNum\":1,\"remark\":\"上学期\",\"updateTime\":1596862439606,\"dataKey\":\"上学期\",\"isDefault\":false,\"updateBy\":\"swing\",\"id\":8}', '{\"msg\":\"字典数据更新成功！\",\"status\":200}', 1, '操作成功', 'com.swing.sky.system.api.system.DictDataController.editSave()', 'A', '127.0.0.1', '-保留-', 'Windows 10', 'Chrome 8', '2020-08-08 12:54:00');
INSERT INTO `sys_log_operate` VALUES (133, 'swing', 'dictData', 'B', 'POST', 'http://localhost:8085/system/dict/data/edit', '{\"listClass\":\"success\",\"use\":true,\"dataValue\":\"false\",\"orderNum\":2,\"remark\":\"下学期\",\"updateTime\":1596862459231,\"dataKey\":\"下学期\",\"isDefault\":false,\"updateBy\":\"swing\",\"id\":9}', '{\"msg\":\"字典数据更新成功！\",\"status\":200}', 1, '操作成功', 'com.swing.sky.system.api.system.DictDataController.editSave()', 'A', '127.0.0.1', '-保留-', 'Windows 10', 'Chrome 8', '2020-08-08 12:54:19');
INSERT INTO `sys_log_operate` VALUES (134, 'swing', 'dictData', 'B', 'POST', 'http://localhost:8085/system/dict/data/edit', '{\"listClass\":\"primary\",\"use\":true,\"dataValue\":\"true\",\"orderNum\":1,\"remark\":\"上学期\",\"updateTime\":1596862463245,\"dataKey\":\"上学期\",\"isDefault\":true,\"updateBy\":\"swing\",\"id\":8}', '{\"msg\":\"字典数据更新成功！\",\"status\":200}', 1, '操作成功', 'com.swing.sky.system.api.system.DictDataController.editSave()', 'A', '127.0.0.1', '-保留-', 'Windows 10', 'Chrome 8', '2020-08-08 12:54:23');
INSERT INTO `sys_log_operate` VALUES (135, 'swing', 'notice', 'B', 'POST', 'http://localhost:8085/system/notice/edit', '{\"noticeContent\":\"<p><img src=\\\"data:image/png;base64,iVBORw0KGgoAAAANSUhEUgAAAjAAAACWCAYAAADAK7K1AAAgAElEQVR4Ae3dB5Q0RfU28NesiBExRxRzRAwgAmIOoKAoqGBOmFDErKCIYo4oAgYwK2YFUQwomBADZjHnjAmz1v/86vtqT9N29/TM9GzP7nvrnDmzOzMd6qmqe5+bqjeklNJ///vfldd//vOf9O9//zv961//Sv/85z/T3//+9/S3v/0t/fWvf01nnnlm+stf/pJff/7zn5PXn/70p3gFBjEHYg7EHIg5EHMg5sCqzoENVQJTJS//+Mc/VogL0oKs/PGPf0x/+MMf0hlnnJF+//vfn+X1u9/9LsUrMIg5EHMg5kDMgZgDMQdWYw5sKN6XJvJSPC48MX4XLRAIBAKBQCAQCAQCgWVAIBOYJvJSQkW+ixYIBAKBQCAQCAQCgcAyIXAWAsPTIt+F50XIKMjLMg1V3EsgEAgEAoFAIBAIFAQ21L0vknWRFzkw0QKBQCAQCAQCgUAgEFhGBFYITPG+CB1J1A3vyzIOV9xTIBAIBAKBQCAQCEAgExgl0zwuxfuiwihaIBAIBAKBQCAQCAQCy4rAhrLni/1e5L4olVb+FC0QCAQCgUAgEAgEAoFlRSATmLJhXQkf/eY3v1nW+437CgQCgUAgEAgEAoFAIK0QGNVHCIxN6n79618HNIFAIBAIBAKBQCAQCCwtAmchMKqPgsAs7VjFjQUCgUAgEAgEAoHA/0cgE5jy2AAERgLvr371qwAoEAgEAoFAIBAIBAKBpUVghcBUK5CCwCzteMWNBQKBQCAQCAQC6w4BjyuSj/ve9743fe5zn+vVvw3VEmpPluaB+eUvf9nr4PhRIBAIBAKBQCAQCAQCQyCgGvrFL35xet/73tfrdEFgesE0zI+UqH/+85/Pg2OA5n194hOfSJ/5zGfSaaedln70ox/lDQgR0njw5jDjNeksCP83vvGNXuN4/PHHpy996Us5Ub5rk0jbGthI8rOf/Ww67rjjGs99wgknpK997WvZWomxnjRK8X0gEAisFQTmJjD2gAkPzGKGm9LZa6+90kUucpF0nvOcJ23YsCGd7WxnS+c85znz/z7zOte5zpXOfvaz5+/9pv7y3aabbppufOMbpzvc4Q7pAQ94QHrBC16QFd73vve9rAC54qItFoFvfetb6ZnPfGa62MUuls53vvN1jtnmm2+e7nGPe2SyqeKvrQnlfvWrX0177LFHuvzlL5/Ofe5zr4y/ubLJJpuk613veulpT3taTrhHeKIFAoFAILAeEAgCs8SjKFma0jv00EPTjjvumBUTxXfVq141bbvttmmHHXbIr+tf//rpohe96IriqhMYCvPhD394es5znpP22WefdLOb3Sxd6lKXSpTk9ttvn573vOdlJRjW+WInA5L405/+NHtJdtttt3Txi1+8dcyQzs022yyP/Y9//OPWGzNm5sm3v/3t9MIXvjBts802+ZyFvOy+++7prW99a/rZz34Wj/toRTG+CAQCgbWIQBCYJR81A/TNb34zx/kufelLpytf+cpp//33Tx/84AdzOEhI6CUveUm60Y1ulK5ylaukRzziESthhHe9613p1a9+dXrsYx+bbnvb26anP/3pyWcf+chH0pFHHpnuf//7p2td61r55e8PfehDyfWCyCxuUgjZ2fjxbW97Wyahl7nMZdKd73zn9KY3vSm95z3vyWP30pe+NH/Gm7LLLrsk4SQVf10Nifn617+eDjjggHSlK10pneMc58hz4rWvfW0mTa4bLRAIBAKB9YRAEJg1MJpyJ+QxCAHxtvDIVMN2xx57bLrlLW+ZbnjDG6bDDz98hYAIFwjxITlPfvKT073vfe/0ile8Iis6SvTkk09OT33qU7Oi23LLLdP97ne/dMopp+S8izUAy5q9RWRCeFCICCHlJfnKV76y8kR3HpfDDjsse9qucI', '{\"msg\":\"公告信息更新成功！\",\"status\":200}', 1, '操作成功', 'com.swing.sky.system.api.system.NoticeController.editSave()', 'A', '127.0.0.1', '-保留-', 'Windows 10', 'Chrome 8', '2020-08-08 12:58:31');
INSERT INTO `sys_log_operate` VALUES (136, 'swing', 'menu', 'A', 'POST', 'http://localhost:8085/system/menu/add', '{\"use\":true,\"icon\":\"fa fa-certificate\",\"orderNum\":4,\"menuName\":\"榴莲题库\",\"remark\":\"榴莲题库\",\"updateTime\":1596863604168,\"parentId\":0,\"authoritySign\":\"\",\"openWay\":\"menuItem\",\"path\":\"\",\"createBy\":\"swing\",\"createTime\":1596863604168,\"updateBy\":\"swing\",\"menuType\":\"D\",\"id\":1127}', '{\"msg\":\"新增菜单信息成功！\",\"status\":200}', 1, '操作成功', 'com.swing.sky.system.api.system.MenuController.addSave()', 'A', '127.0.0.1', '-保留-', 'Windows 10', 'Chrome 8', '2020-08-08 13:13:24');
INSERT INTO `sys_log_operate` VALUES (137, 'swing', 'menu', 'A', 'POST', 'http://localhost:8085/system/menu/add', '{\"use\":true,\"icon\":\"\",\"orderNum\":1,\"menuName\":\"题库列表\",\"remark\":\"题库列表\",\"updateTime\":1596863693261,\"parentId\":1127,\"authoritySign\":\"tiku:question:view\",\"openWay\":\"menuItem\",\"path\":\"/tiku/question\",\"createBy\":\"swing\",\"createTime\":1596863693261,\"updateBy\":\"swing\",\"menuType\":\"M\",\"id\":1128}', '{\"msg\":\"新增菜单信息成功！\",\"status\":200}', 1, '操作成功', 'com.swing.sky.system.api.system.MenuController.addSave()', 'A', '127.0.0.1', '-保留-', 'Windows 10', 'Chrome 8', '2020-08-08 13:14:53');
INSERT INTO `sys_log_operate` VALUES (138, 'swing', 'tikuQuestion', 'A', 'POST', 'http://localhost:8085/tiku/question/add', '{\"use\":true,\"orderNum\":1,\"remark\":\"\",\"updateTime\":1596864037960,\"createBy\":\"swing\",\"createTime\":1596864037960,\"updateBy\":\"swing\",\"fullContent\":\"<p style=\\\"text-align: center; \\\"><img src=\\\"https://swing-durian.oss-cn-beijing.aliyuncs.com/86/69/8669054ce0874c3a81d734f2993b2d82.png\\\" data-filename=\\\"批注 2020-06-06 185833.png\\\" style=\\\"width: 154.645px; height: 134.2px;\\\"></p><p style=\\\"text-align: center; \\\">请计算一下，这个桥有多少孔？</p><p style=\\\"text-align: center; \\\"><img src=\\\"data:image/png;base64,iVBORw0KGgoAAAANSUhEUgAAAkEAAAGGCAYAAAB8AVU8AAAgAElEQVR4AezdCbh9U/0/cLMMyVBJIhSZKkOhLyVkyDyLMg9FMiUiU2UsMhQqGUKZSqEUUiFDGSspJVKkKD/z7L/+z2vV1nGcYZ17z7n37Pv9rOc5z7n3nHX2Xuu91l6f9/pMa4o0gPL//t//S14vvvhieuGFF9Lzzz+fnn322fT000+nJ598Kj3++BPpscceT48++lh65JFH8+v/Hnkk/d//xSswiDkQcyDmQMyBmAMxB8ZmDkwxAA6UL9mKCD333HPpGWTomWfSU08/nZ566qlMip588sn0RPV64sn0RLwCg5gDMQdiDsQciDkQc2DAc2BgJAgTaiRCjVqh5557PiFEzz7r9Wx+PfPMM5kcIUjxCgxiDsQciDkQcyDmQMyBQc+BgZKgRiJUmceQoeef/4+JjJnM6z+k6D/ECDmKV2AQcyDmQMyBmAMxB2IODHoODJwEVeY25KfxxVeo8heqyFC8/4cUBg6BQ8yBmAMxB2IOxBwY/BwYExJUmcW8V+SnHQEaNOuL68fOIuZAzIGYAzEHYg7EHDAHBkqCGslPpQWqSFDFcKuJWPkGxft/fKQCh8Ah5kDMgZgDMQdiDgx2DgyMBDUToEbND+JjYDlDZ4fop5/O4fOixeIVGMQciDkQcyDmQMyBmANjMQcGQoLaESDkpyI9OpdD4594Ij3xxBPp8ccfz6/HHnssxSswiDkQcyDmQMyBmAMxBwY9BwZKgpjAKg0QzY9kichPRXoefVSiRAmR/i89/PDDL3v9+9//TvEKDGIOxByIORBzIOZAzIFBzYG+k6BKC9SKAFWaHxoh9aIEAoFAIBAIBAKBQCAwXgj0lQR1IkC0P17IUZRAIBAIBAKBQCAQCATGG4GBkiAan/+cF/Zk9vcJAjTewx33DwQCgUAgEAgEAoEKgb6ToGYzGB8gTs98gqIEAoFAIBAIBAKBQCAwLAj0jQQ1m8IqLRATGOfn0AINy5BHOwKBQCAQCAQCgUAAAgMhQRIh0vxUWiCRX1ECgUAgEAgEAoFAIBAYJgT6ToKqkHj5gESDCYMX2hYlEAgEAoFAIBAIBAKBYUKgrySo8geqkiJWprCHHnpomPocbQkEAoFAIBAIBAKBQKA/5rBO/kASIT744IMTEmqkj8lPH//5z3+me+65J913330Tsq/RqUAgEAgEAoFAYKIh0BdNUDsSJCpsIpIg/k7MfPfee2/61a9+lS699NJ01llnpWOOOSZ9+9vfnmhzJPoTCAQCgUAgEAhMSAQGQoKqIzKQIE7RtCQTqdx6663psMMOS+9973vT6173ujTHHHOk2WabLa2xxhpBgibSQEdfAoFAIBAIBCY0AgMjQY2RYROBBCF2ND+nnXZa2nDDDdNb3vKWNPPMM6epp546veENb0hLLrlk2nLLLYeeBDHhIaeI3AMPPDDi/E2w+MMf/pCvQRMYJRAIBAKBuiNgLSOv7r', '{\"msg\":\"配置信息插入成功！\",\"status\":200}', 1, '操作成功', 'com.swing.sky.system.api.tiku.TiQuestionController.addSave()', 'A', '127.0.0.1', '-保留-', 'Windows 10', 'Chrome 8', '2020-08-08 13:20:38');
INSERT INTO `sys_log_operate` VALUES (139, 'swing', 'tikuQuestion', 'A', 'POST', 'http://localhost:8085/tiku/question/add', '{\"reviewPoint\":\"微积分 高等代数 数学分析\",\"use\":true,\"orderNum\":2,\"remark\":\"这是好题目\",\"updateTime\":1596865563612,\"content\":\"&nbsp;迪拜的风景好呀，巴拉巴拉\",\"createBy\":\"swing\",\"createTime\":1596865563612,\"updateBy\":\"swing\",\"fullContent\":\"<p><img src=\\\"https://swing-durian.oss-cn-beijing.aliyuncs.com/2c/40/2c400c1d6fca48aca582d713f8bcfdaa.png\\\" data-filename=\\\"批注 2020-06-06 185930.png\\\" style=\\\"width: 162.393px; height: 120.2px;\\\">&nbsp;</p><p>迪拜的风景好呀，巴拉巴拉</p><p><img src=\\\"data:image/png;base64,iVBORw0KGgoAAAANSUhEUgAAALIAAABiCAYAAAD0tIlHAAALyUlEQVR4Ae2d/W/bxh3G9/dcSUo0SZGS+SJRIkS90nqxHTuGkzpxurQe3DSL0RRt2iFLV2Qd0GEdtp8GbGjRP/MZjpZiSZZESbGjE/39gaB4dyKPdx8+eu50x/udqhm4C9vu7i4++ugj2lJaBr+7CxDzeySQ0/0QE8gpVai79utDIK8ZZMYM+P/qI/pHHaVulqzPivVBIK9YcDeleIxJUDwNuacNdP4bICcxgnmFOrkTIHteEf1+H7ZtCwsJM13Uf2vCNgjkVUQi1SBv6TlUq1W0221YlhXvgyCAJEnCAc28Ilq/1ZFXCGQCeaQr0cwX0I4ijILLAebHHOytrS2hYGaVEtq/hjAZgUwgD0DmSsy727a3t6fCysN5vEjKzEwbtV9a8IoSGME8td7mAZ5aa5HUb5wUP6/QbiOON/rUBzW0/7eH7i+76P6pAImAXhhoAnmFFvKtgKyaCP6zg8qBDq2kQs3LC1fibeRn086ZepC58k5uvJKEU+SyTx75PUQl9SDPUhbhQC6W0OS9FjI19mbV2bxwAvk9VGBewS4bxywXDepHXtlOEcgCgBz/u9cPEP1ag0WKvBLMqQZ50htPHi+rmreRPh5r8e9d9H7tInyiU0/FisKSWpAnh6eK5omHD0Wsxk4Wmax4/zYO87gJewJ5RQXYhMq9S3kkkAnklTypaA8JgUwgE8iTPlTkY1E9smjKtqn5IUUmRSZFFlmBJ/NGikyTT1PxugACmUAmkMl+CG8/yCMTpMJDukgDlEAmkAnkyQaVyMfkkckjk0cm1RZetclaEKTCQ0oeeeT1AGQtyFqQtSDVFl61yVoQpMJDStaCrEUqICWQCWQCWeQ+4VXyRo09auxRY498tPDKTo09glR4SMkjk0dOBaQEMoFMIK/SoBL5O9TYo8YeNfbIRwuv7NTYI0iFh5Q8MnnkVEBKIBPIBLLIDbdV8rZJjT3+YkO9U0S5SSuhLqLGPA15ZAE9MtML6Pw9Qr1Cb+jcCJDvPXiEoNb8IL0im6LIfGky47SNB187yNKqTgtbo7Uq8ijI/PO8bRU7MfqdjQFZtbDz0w4a4XU1ZgUX+z+HcGe81T4pflF128R0woDMlXneNgrlIp85uEmbiBWmn7Tw8Ft3qhqzsIyjvxRhzFDqpHgR7/em8iQMyIvAuUyaJAVOir+pAl7mPCxrov23DlrNqzX2WK6A1lcVBJEKuRng4MyEWnfQeNlCM5KQFL/M9Tc5rTAgz7MVPG4ZiHnaJFCT4tdRqdpxEw9fF6GPKK5kGiifhdh/28HBmwj3vm/j/tsWOucebEdCUvw67mMd1xQG5Hm2YpUGYRKoSfEfujKYkkPrxy7a0ZUaj+ZBcmxEX7bQf2lDk66vxZcUP3quNH4WBuRlFTcp/RBUvp/ceEUO40WpVPWwgYffl2BMg9QqoPMjbwBqCF530T8c71+WEuJFucfbzIcwIE+zFkmwzotPAjUp/jYLffLcT', '{\"msg\":\"配置信息插入成功！\",\"status\":200}', 1, '操作成功', 'com.swing.sky.system.api.tiku.TiQuestionController.addSave()', 'A', '127.0.0.1', '-保留-', 'Windows 10', 'Chrome 8', '2020-08-08 13:46:04');
INSERT INTO `sys_log_operate` VALUES (140, 'swing', 'tikuQuestion', 'C', 'POST', 'http://localhost:8085/tiku/question/remove', '104', '{\"msg\":\"配置信息删除成功！\",\"status\":200}', 1, '操作成功', 'com.swing.sky.system.api.tiku.TiQuestionController.remove()', 'A', '127.0.0.1', '-保留-', 'Windows 10', 'Chrome 8', '2020-08-08 13:48:16');
INSERT INTO `sys_log_operate` VALUES (141, 'swing', 'tikuQuestion', 'B', 'POST', 'http://localhost:8085/tiku/question/edit', '{\"reviewPoint\":\"微积分 高等代数 数学分析\",\"use\":true,\"orderNum\":2,\"remark\":\"这是好题目\",\"updateTime\":1596866604200,\"updateBy\":\"swing\",\"fullContent\":\"<p><br></p>\",\"id\":105,\"questionType\":\"C\"}', '{\"msg\":\"题目信息更新成功！\",\"status\":200}', 1, '操作成功', 'com.swing.sky.system.api.tiku.TiQuestionController.editSave()', 'A', '127.0.0.1', '-保留-', 'Windows 10', 'Chrome 8', '2020-08-08 14:03:24');
INSERT INTO `sys_log_operate` VALUES (142, 'swing', 'tikuQuestion', 'B', 'POST', 'http://localhost:8085/tiku/question/edit', '{\"reviewPoint\":\"微积分 高等代数 数学分析\",\"use\":true,\"orderNum\":2,\"remark\":\"这是好题目\",\"updateTime\":1596866975792,\"content\":\"合法考虑到房价阿萨的开发\",\"updateBy\":\"swing\",\"fullContent\":\"<p><img src=\\\"https://swing-durian.oss-cn-beijing.aliyuncs.com/50/b5/50b56c2a1c3042bcbb0305e407787d2c.png\\\" data-filename=\\\"批注 2020-06-06 185919.png\\\" style=\\\"width: 151.938px; height: 148.958px;\\\"></p><p>合法考虑到房价阿萨的开发</p><p><img src=\\\"data:image/png;base64,iVBORw0KGgoAAAANSUhEUgAAAYkAAACGCAYAAAAo/HbcAAASRElEQVR4Ae2dTXPURhqA81/yA3KYrT3tIZe9c9hrfgGcuFP7ByBVPrqyFKc4LGUucAi1lVAUSTZVYTAfY2xsgmNjjA1eQ3k3Acfl8G51Sy21Wt2SZpgPfTxUTWZGo5Hk7kfv877d0uSjP//9nzKLx18ufCMzf3z9Ul4c/yG/j/T4Xf59qwZ/Qx3akWOYPcv0AX0wIQY+moUg1D5nLgjVoLdey/9k9H+by0iiFv04oZODvw2+YeAb6bYkFrdk8HbESuLoV/nXDU4iTiIYgIF2M9BtSZCB1qOiox/oBxioLQNIAjhrCycZarszVPq3Gf3bbUkw3IQgSBJgAAYKGei2JJi4LoSDTK8ZmR79RD9NkoFuS4JLYJEEWSQMwEAhA92WBHAUwjHJ7IRtk/3CQDMYQBKIAlHAAAzAQJCBbkvi4rrc2vtVNvdHebyWrxabkQmQsdFPMAADozLQbUkwcR3MHkYFiu8RjGCgXQx0WxJfv5SDkX+V4w8Z/NAuGDi56U8YgAGXgW5LgnFIKgkYgAEYKGQASQBIISBuVsF7Mk0Y6BYDSAJJIAkYgAEYCDKAJIAjCAcZY7cyRvqb/vYxgCSQBJKAARiAgSADSAI4gnD4sgqWkW3CQLcYQBJIAknAAAzAQJABJAEcQTjIGLuVMdLf9LePASSBJJAEDMAADAQZQBLAEYTDl1WwjGwTBrrFAJJAEkgCBmAABoIMIAngCMJBxtitjJH+pr99DCAJJIEkYAAGYCDIAJIAjiAcvqyCZWSbMNAtBpAEkkASMAADMBBkAEkARxAOMsZuZYz0N/3tYwBJIAkkAQMwAANBBpAEcATh8GUVLCPbhIFuMYAkkASSgAEYgIEgA0gCOIJwkDF2K2Okv+lvHwNIAkkgCRiAARgIMoAkgCMIhy+rYBnZJgx0iwEkgSSQBAzAAAwEGUASwBGEg4yxWxkj/U1/+xhAEkgCScAADMBAkIGPPvn0lMzisfvqP1KXx97+QW2OpS5twnHUh0/6gr6YJQMzk8TJyYm8f/9e6vLv3bt3cnR0JMfHxzw8bfD69Wt5dXDIoyNtoPqbc4FYoBiYmSTqJAglKnU8h4eHnBgeQShQkES3BIkkEIRJEmYmibpUEPZxvHnzBkkgCaqlg0OdFJggwXO3hYEkLEsgifDJQCVBJYEswudHm9sGSSCJStUTkkASbQ6E/G1hASIJJIEkOjIZPcyFB8xJhINm14SCJJAEkkASuXkYJIEkjAyRBJJAEkgCSQQu2DCBssvPSAJJIAkkgSSQRDAOIAkkEYTDzp6YuGbi2uaB190ZjkISSAJJUElQSVBJBOMAkkASQTjsbJFKgkrC5oHXVBIT/9E/KzbX5iU304XBRxJIAjGEz482tw2VhKUoJBE+CZAEkmhzIORvC5/7SAJJMNzEnARzEsxJBOMAkpiSJHZvL8j89WVPR+zK7S/n5dpy2OR1yHKoJKgk6sAhxzD9OIEkpiSJ4+NluTY/74giWrZwe9cjj3h99Z2hH9dkecyZUZMksXrlC/nsykYuOx7mZ', '{\"msg\":\"题目信息更新成功！\",\"status\":200}', 1, '操作成功', 'com.swing.sky.system.api.tiku.TiQuestionController.editSave()', 'A', '127.0.0.1', '-保留-', 'Windows 10', 'Chrome 8', '2020-08-08 14:09:36');
INSERT INTO `sys_log_operate` VALUES (143, 'swing', 'tikuQuestion', 'B', 'POST', 'http://localhost:8085/tiku/question/edit', '{\"reviewPoint\":\"微积分 高等代数 数学分析\",\"use\":true,\"orderNum\":2,\"remark\":\"这是好题目\",\"updateTime\":1596867088910,\"content\":\"合法考虑到房价阿萨的开发\",\"updateBy\":\"swing\",\"fullContent\":\"<p style=\\\"text-align: center;\\\"><img src=\\\"https://swing-durian.oss-cn-beijing.aliyuncs.com/50/b5/50b56c2a1c3042bcbb0305e407787d2c.png\\\" data-filename=\\\"批注 2020-06-06 185919.png\\\" style=\\\"width: 151.938px; height: 148.958px;\\\"></p><p style=\\\"text-align: center;\\\">合法考虑到房价阿萨的开发</p><p style=\\\"text-align: center;\\\"><img src=\\\"data:image/png;base64,iVBORw0KGgoAAAANSUhEUgAAAYkAAACGCAYAAAAo/HbcAAASRElEQVR4Ae2dTXPURhqA81/yA3KYrT3tIZe9c9hrfgGcuFP7ByBVPrqyFKc4LGUucAi1lVAUSTZVYTAfY2xsgmNjjA1eQ3k3Acfl8G51Sy21Wt2SZpgPfTxUTWZGo5Hk7kfv877d0uSjP//9nzKLx18ufCMzf3z9Ul4c/yG/j/T4Xf59qwZ/Qx3akWOYPcv0AX0wIQY+moUg1D5nLgjVoLdey/9k9H+by0iiFv04oZODvw2+YeAb6bYkFrdk8HbESuLoV/nXDU4iTiIYgIF2M9BtSZCB1qOiox/oBxioLQNIAjhrCycZarszVPq3Gf3bbUkw3IQgSBJgAAYKGei2JJi4LoSDTK8ZmR79RD9NkoFuS4JLYJEEWSQMwEAhA92WBHAUwjHJ7IRtk/3CQDMYQBKIAlHAAAzAQJCBbkvi4rrc2vtVNvdHebyWrxabkQmQsdFPMAADozLQbUkwcR3MHkYFiu8RjGCgXQx0WxJfv5SDkX+V4w8Z/NAuGDi56U8YgAGXgW5LgnFIKgkYgAEYKGQASQBIISBuVsF7Mk0Y6BYDSAJJIAkYgAEYCDKAJIAjCAcZY7cyRvqb/vYxgCSQBJKAARiAgSADSAI4gnD4sgqWkW3CQLcYQBJIAknAAAzAQJABJAEcQTjIGLuVMdLf9LePASSBJJAEDMAADAQZQBLAEYTDl1WwjGwTBrrFAJJAEkgCBmAABoIMIAngCMJBxtitjJH+pr99DCAJJIEkYAAGYCDIAJIAjiAcvqyCZWSbMNAtBpAEkkASMAADMBBkAEkARxAOMsZuZYz0N/3tYwBJIAkkAQMwAANBBpAEcATh8GUVLCPbhIFuMYAkkASSgAEYgIEgA0gCOIJwkDF2K2Okv+lvHwNIAkkgCRiAARgIMoAkgCMIhy+rYBnZJgx0iwEkgSSQBAzAAAwEGUASwBGEg4yxWxkj/U1/+xhAEkgCScAADMBAkIGPPvn0lMzisfvqP1KXx97+QW2OpS5twnHUh0/6gr6YJQMzk8TJyYm8f/9e6vLv3bt3cnR0JMfHxzw8bfD69Wt5dXDIoyNtoPqbc4FYoBiYmSTqJAglKnU8h4eHnBgeQShQkES3BIkkEIRJEmYmibpUEPZxvHnzBkkgCaqlg0OdFJggwXO3hYEkLEsgifDJQCVBJYEswudHm9sGSSCJStUTkkASbQ6E/G1hASIJJIEkOjIZPcyFB8xJhINm14SCJJAEkkASuXkYJIEkjAyRBJJAEkgCSQQu2DCBssvPSAJJIAkkgSSQRDAOIAkkEYTDzp6YuGbi2uaB190ZjkISSAJJUElQSVBJBOMAkkASQTjsbJFKgkrC5oHXVBIT/9E/KzbX5iU304XBRxJIAjGEz482tw2VhKUoJBE+CZAEkmhzIORvC5/7SAJJMNzEnARzEsxJBOMAkpiSJHZvL8j89WVPR+zK7S/', '{\"msg\":\"题目信息更新成功！\",\"status\":200}', 1, '操作成功', 'com.swing.sky.system.api.tiku.TiQuestionController.editSave()', 'A', '127.0.0.1', '-保留-', 'Windows 10', 'Chrome 8', '2020-08-08 14:11:29');
INSERT INTO `sys_log_operate` VALUES (144, 'swing', 'tikuQuestion', 'B', 'POST', 'http://localhost:8085/tiku/question/edit', '{\"reviewPoint\":\"微积分 高等代数 数学分析\",\"use\":true,\"orderNum\":2,\"remark\":\"这是好题目\",\"updateTime\":1596867107619,\"content\":\"合法考虑到房价阿萨的开发飞洒法你是个小猪\",\"updateBy\":\"swing\",\"fullContent\":\"<p style=\\\"text-align: center;\\\"><img src=\\\"https://swing-durian.oss-cn-beijing.aliyuncs.com/50/b5/50b56c2a1c3042bcbb0305e407787d2c.png\\\" data-filename=\\\"批注 2020-06-06 185919.png\\\" style=\\\"width: 151.938px; height: 148.958px;\\\"></p><p style=\\\"text-align: center;\\\">合法考虑到房价阿萨的开发飞洒法</p><p style=\\\"text-align: center;\\\">你是个小猪</p><p style=\\\"text-align: center;\\\"><img src=\\\"data:image/png;base64,iVBORw0KGgoAAAANSUhEUgAAAYkAAACGCAYAAAAo/HbcAAASRElEQVR4Ae2dTXPURhqA81/yA3KYrT3tIZe9c9hrfgGcuFP7ByBVPrqyFKc4LGUucAi1lVAUSTZVYTAfY2xsgmNjjA1eQ3k3Acfl8G51Sy21Wt2SZpgPfTxUTWZGo5Hk7kfv877d0uSjP//9nzKLx18ufCMzf3z9Ul4c/yG/j/T4Xf59qwZ/Qx3akWOYPcv0AX0wIQY+moUg1D5nLgjVoLdey/9k9H+by0iiFv04oZODvw2+YeAb6bYkFrdk8HbESuLoV/nXDU4iTiIYgIF2M9BtSZCB1qOiox/oBxioLQNIAjhrCycZarszVPq3Gf3bbUkw3IQgSBJgAAYKGei2JJi4LoSDTK8ZmR79RD9NkoFuS4JLYJEEWSQMwEAhA92WBHAUwjHJ7IRtk/3CQDMYQBKIAlHAAAzAQJCBbkvi4rrc2vtVNvdHebyWrxabkQmQsdFPMAADozLQbUkwcR3MHkYFiu8RjGCgXQx0WxJfv5SDkX+V4w8Z/NAuGDi56U8YgAGXgW5LgnFIKgkYgAEYKGQASQBIISBuVsF7Mk0Y6BYDSAJJIAkYgAEYCDKAJIAjCAcZY7cyRvqb/vYxgCSQBJKAARiAgSADSAI4gnD4sgqWkW3CQLcYQBJIAknAAAzAQJABJAEcQTjIGLuVMdLf9LePASSBJJAEDMAADAQZQBLAEYTDl1WwjGwTBrrFAJJAEkgCBmAABoIMIAngCMJBxtitjJH+pr99DCAJJIEkYAAGYCDIAJIAjiAcvqyCZWSbMNAtBpAEkkASMAADMBBkAEkARxAOMsZuZYz0N/3tYwBJIAkkAQMwAANBBpAEcATh8GUVLCPbhIFuMYAkkASSgAEYgIEgA0gCOIJwkDF2K2Okv+lvHwNIAkkgCRiAARgIMoAkgCMIhy+rYBnZJgx0iwEkgSSQBAzAAAwEGUASwBGEg4yxWxkj/U1/+xhAEkgCScAADMBAkIGPPvn0lMzisfvqP1KXx97+QW2OpS5twnHUh0/6gr6YJQMzk8TJyYm8f/9e6vLv3bt3cnR0JMfHxzw8bfD69Wt5dXDIoyNtoPqbc4FYoBiYmSTqJAglKnU8h4eHnBgeQShQkES3BIkkEIRJEmYmibpUEPZxvHnzBkkgCaqlg0OdFJggwXO3hYEkLEsgifDJQCVBJYEswudHm9sGSSCJStUTkkASbQ6E/G1hASIJJIEkOjIZPcyFB8xJhINm14SCJJAEkkASuXkYJIEkjAyRBJJAEkgCSQQu2DCBssvPSAJJIAkkgSSQRDAOIAkkEYTDzp6YuGbi2uaB190ZjkISSAJJUElQSVBJBOMAkkASQTjsbJFKgkrC5oHXVBIT/9E/KzbX5iU304XBRxJIAjGEz482tw2VhKUoJBE+CZAEkm', '{\"msg\":\"题目信息更新成功！\",\"status\":200}', 1, '操作成功', 'com.swing.sky.system.api.tiku.TiQuestionController.editSave()', 'A', '127.0.0.1', '-保留-', 'Windows 10', 'Chrome 8', '2020-08-08 14:11:48');
INSERT INTO `sys_log_operate` VALUES (145, 'swing', 'tikuQuestion', 'A', 'POST', 'http://localhost:8085/tiku/question/add', '{\"reviewPoint\":\"坐标系\",\"use\":true,\"remark\":\"测试\",\"updateTime\":1596867718366,\"content\":\"如图，某飞行器在4千米高空水平飞行，从距着陆点的水平距离10千米处下降， 已知下降飞行轨迹为某三次函数图像的一部分，则函数的解析式为（&nbsp;&nbsp; ）ABCD\",\"createBy\":\"swing\",\"createTime\":1596867718366,\"updateBy\":\"swing\",\"fullContent\":\"<div class=\\\"que-stem\\\" style=\\\"margin: 0px; padding: 0px; font-size: 16px; color: rgb(51, 51, 51); font-family: 微软雅黑, &quot;Hiragino Sans GB&quot;, arial, helvetica, clean;\\\"><div class=\\\"questem-inner bdjson\\\" style=\\\"margin: 0px; padding: 0px;\\\"><p class=\\\"ext_text-align_left\\\" style=\\\"margin-bottom: 0px; padding: 0px; overflow-wrap: break-word; line-height: 1.5;\\\"><span style=\\\"vertical-align: middle;\\\">如图，某飞行器在4千米高空水平飞行，从距着陆点</span><img width=\\\"16px\\\" height=\\\"17px\\\" class=\\\"scale-img\\\" src=\\\"https://gss0.baidu.com/7LsWdDW5_xN3otqbppnN2DJv/baidu/pic/item/0824ab18972bd4078284c05c7f899e510eb309cb.jpg\\\" style=\\\"margin: 14px 0px; max-width: 640px;\\\"><span style=\\\"vertical-align: middle;\\\">的水平距离10千米处下降， 已知下降飞行轨迹为某三次函数图像的一部分，则函数的解析式为（&nbsp;&nbsp; ）</span></p><p class=\\\"ext_text-align_left\\\" style=\\\"margin-bottom: 0px; padding: 0px; overflow-wrap: break-word; line-height: 1.5;\\\"><img width=\\\"267px\\\" height=\\\"128px\\\" class=\\\"scale-img\\\" src=\\\"https://gss0.baidu.com/7LsWdDW5_xN3otqbppnN2DJv/baidu/pic/item/0ff41bd5ad6eddc4fcbea75a3ddbb6fd52663331.jpg\\\" style=\\\"margin: 14px 0px; max-width: 640px;\\\"></p></div></div><div class=\\\"que-options\\\" style=\\\"margin: 20px 0px 0px; padding: 0px; font-size: 16px; color: rgb(130, 131, 134); line-height: 1.5; font-family: 微软雅黑, &quot;Hiragino Sans GB&quot;, arial, helvetica, clean;\\\"><div class=\\\"queoptions-inner bdjson clearfix\\\" style=\\\"margin: 0px; padding: 0px;\\\"><div class=\\\"opt-item\\\" style=\\\"margin: 0px; padding: 0px 20px 0px 0px; display: inline-block; float: left; height: 69px; line-height: 69px;\\\"><p style=\\\"margin-bottom: 0px; padding: 0px; overflow-wrap: break-word; line-height: 1.5; display: inline-block;\\\"><span class=\\\"prefix\\\" style=\\\"vertical-align: middle; padding-right: 1', '{\"msg\":\"配置信息插入成功！\",\"status\":200}', 1, '操作成功', 'com.swing.sky.system.api.tiku.TiQuestionController.addSave()', 'A', '127.0.0.1', '-保留-', 'Windows 10', 'Chrome 8', '2020-08-08 14:21:59');
INSERT INTO `sys_log_operate` VALUES (146, 'swing', 'tikuQuestion', 'B', 'POST', 'http://localhost:8085/tiku/question/edit', '{\"reviewPoint\":\"微积分 高等代数 数学分析\",\"use\":true,\"orderNum\":2,\"remark\":\"这是好题目\",\"updateTime\":1596869179950,\"content\":\"合法考虑到房价阿萨的开发飞洒法你是个小猪\",\"updateBy\":\"swing\",\"fullContent\":\"<p style=\\\"text-align: center;\\\"><img src=\\\"https://swing-durian.oss-cn-beijing.aliyuncs.com/50/b5/50b56c2a1c3042bcbb0305e407787d2c.png\\\" data-filename=\\\"批注 2020-06-06 185919.png\\\" style=\\\"width: 151.938px; height: 148.958px;\\\"></p><p style=\\\"text-align: center;\\\">合法考虑到房价阿萨的开发飞洒法</p><p style=\\\"text-align: center;\\\">你是个小猪</p><p style=\\\"text-align: center;\\\"><img src=\\\"data:image/png;base64,iVBORw0KGgoAAAANSUhEUgAAAYkAAACGCAYAAAAo/HbcAAASRElEQVR4Ae2dTXPURhqA81/yA3KYrT3tIZe9c9hrfgGcuFP7ByBVPrqyFKc4LGUucAi1lVAUSTZVYTAfY2xsgmNjjA1eQ3k3Acfl8G51Sy21Wt2SZpgPfTxUTWZGo5Hk7kfv877d0uSjP//9nzKLx18ufCMzf3z9Ul4c/yG/j/T4Xf59qwZ/Qx3akWOYPcv0AX0wIQY+moUg1D5nLgjVoLdey/9k9H+by0iiFv04oZODvw2+YeAb6bYkFrdk8HbESuLoV/nXDU4iTiIYgIF2M9BtSZCB1qOiox/oBxioLQNIAjhrCycZarszVPq3Gf3bbUkw3IQgSBJgAAYKGei2JJi4LoSDTK8ZmR79RD9NkoFuS4JLYJEEWSQMwEAhA92WBHAUwjHJ7IRtk/3CQDMYQBKIAlHAAAzAQJCBbkvi4rrc2vtVNvdHebyWrxabkQmQsdFPMAADozLQbUkwcR3MHkYFiu8RjGCgXQx0WxJfv5SDkX+V4w8Z/NAuGDi56U8YgAGXgW5LgnFIKgkYgAEYKGQASQBIISBuVsF7Mk0Y6BYDSAJJIAkYgAEYCDKAJIAjCAcZY7cyRvqb/vYxgCSQBJKAARiAgSADSAI4gnD4sgqWkW3CQLcYQBJIAknAAAzAQJABJAEcQTjIGLuVMdLf9LePASSBJJAEDMAADAQZQBLAEYTDl1WwjGwTBrrFAJJAEkgCBmAABoIMIAngCMJBxtitjJH+pr99DCAJJIEkYAAGYCDIAJIAjiAcvqyCZWSbMNAtBpAEkkASMAADMBBkAEkARxAOMsZuZYz0N/3tYwBJIAkkAQMwAANBBpAEcATh8GUVLCPbhIFuMYAkkASSgAEYgIEgA0gCOIJwkDF2K2Okv+lvHwNIAkkgCRiAARgIMoAkgCMIhy+rYBnZJgx0iwEkgSSQBAzAAAwEGUASwBGEg4yxWxkj/U1/+xhAEkgCScAADMBAkIGPPvn0lMzisfvqP1KXx97+QW2OpS5twnHUh0/6gr6YJQMzk8TJyYm8f/9e6vLv3bt3cnR0JMfHxzw8bfD69Wt5dXDIoyNtoPqbc4FYoBiYmSTqJAglKnU8h4eHnBgeQShQkES3BIkkEIRJEmYmibpUEPZxvHnzBkkgCaqlg0OdFJggwXO3hYEkLEsgifDJQCVBJYEswudHm9sGSSCJStUTkkASbQ6E/G1hASIJJIEkOjIZPcyFB8xJhINm14SCJJAEkkASuXkYJIEkjAyRBJJAEkgCSQQu2DCBssvPSAJJIAkkgSSQRDAOIAkkEYTDzp6YuGbi2uaB190ZjkISSAJJUElQSVBJBOMAkkASQTjsbJFKgkrC5oHXVBIT/9E/KzbX5iU304XBRxJIAjGEz482tw2VhKUoJBE+CZAEkm', '{\"msg\":\"题目信息更新成功！\",\"status\":200}', 1, '操作成功', 'com.swing.sky.system.api.tiku.TiQuestionController.editSave()', 'A', '127.0.0.1', '-保留-', 'Windows 10', 'Chrome 8', '2020-08-08 14:46:20');
INSERT INTO `sys_log_operate` VALUES (147, 'swing', 'tikuQuestion', 'B', 'POST', 'http://localhost:8085/tiku/question/edit', '{\"reviewPoint\":\"微积分 高等代数 数学分析\",\"use\":true,\"orderNum\":2,\"remark\":\"这是好题目\",\"updateTime\":1596869190564,\"content\":\"合法考虑到房价阿萨的开发飞洒法你是个小猪\",\"updateBy\":\"swing\",\"fullContent\":\"<p style=\\\"text-align: center;\\\"><img src=\\\"https://swing-durian.oss-cn-beijing.aliyuncs.com/50/b5/50b56c2a1c3042bcbb0305e407787d2c.png\\\" data-filename=\\\"批注 2020-06-06 185919.png\\\" style=\\\"width: 151.938px; height: 148.958px;\\\"></p><p style=\\\"text-align: center;\\\">合法考虑到房价阿萨的开发飞洒法</p><p style=\\\"text-align: center;\\\">你是个小猪</p><p style=\\\"text-align: center;\\\"><img src=\\\"data:image/png;base64,iVBORw0KGgoAAAANSUhEUgAAAYkAAACGCAYAAAAo/HbcAAASRElEQVR4Ae2dTXPURhqA81/yA3KYrT3tIZe9c9hrfgGcuFP7ByBVPrqyFKc4LGUucAi1lVAUSTZVYTAfY2xsgmNjjA1eQ3k3Acfl8G51Sy21Wt2SZpgPfTxUTWZGo5Hk7kfv877d0uSjP//9nzKLx18ufCMzf3z9Ul4c/yG/j/T4Xf59qwZ/Qx3akWOYPcv0AX0wIQY+moUg1D5nLgjVoLdey/9k9H+by0iiFv04oZODvw2+YeAb6bYkFrdk8HbESuLoV/nXDU4iTiIYgIF2M9BtSZCB1qOiox/oBxioLQNIAjhrCycZarszVPq3Gf3bbUkw3IQgSBJgAAYKGei2JJi4LoSDTK8ZmR79RD9NkoFuS4JLYJEEWSQMwEAhA92WBHAUwjHJ7IRtk/3CQDMYQBKIAlHAAAzAQJCBbkvi4rrc2vtVNvdHebyWrxabkQmQsdFPMAADozLQbUkwcR3MHkYFiu8RjGCgXQx0WxJfv5SDkX+V4w8Z/NAuGDi56U8YgAGXgW5LgnFIKgkYgAEYKGQASQBIISBuVsF7Mk0Y6BYDSAJJIAkYgAEYCDKAJIAjCAcZY7cyRvqb/vYxgCSQBJKAARiAgSADSAI4gnD4sgqWkW3CQLcYQBJIAknAAAzAQJABJAEcQTjIGLuVMdLf9LePASSBJJAEDMAADAQZQBLAEYTDl1WwjGwTBrrFAJJAEkgCBmAABoIMIAngCMJBxtitjJH+pr99DCAJJIEkYAAGYCDIAJIAjiAcvqyCZWSbMNAtBpAEkkASMAADMBBkAEkARxAOMsZuZYz0N/3tYwBJIAkkAQMwAANBBpAEcATh8GUVLCPbhIFuMYAkkASSgAEYgIEgA0gCOIJwkDF2K2Okv+lvHwNIAkkgCRiAARgIMoAkgCMIhy+rYBnZJgx0iwEkgSSQBAzAAAwEGUASwBGEg4yxWxkj/U1/+xhAEkgCScAADMBAkIGPPvn0lMzisfvqP1KXx97+QW2OpS5twnHUh0/6gr6YJQMzk8TJyYm8f/9e6vLv3bt3cnR0JMfHxzw8bfD69Wt5dXDIoyNtoPqbc4FYoBiYmSTqJAglKnU8h4eHnBgeQShQkES3BIkkEIRJEmYmibpUEPZxvHnzBkkgCaqlg0OdFJggwXO3hYEkLEsgifDJQCVBJYEswudHm9sGSSCJStUTkkASbQ6E/G1hASIJJIEkOjIZPcyFB8xJhINm14SCJJAEkkASuXkYJIEkjAyRBJJAEkgCSQQu2DCBssvPSAJJIAkkgSSQRDAOIAkkEYTDzp6YuGbi2uaB190ZjkISSAJJUElQSVBJBOMAkkASQTjsbJFKgkrC5oHXVBIT/9E/KzbX5iU304XBRxJIAjGEz482tw2VhKUoJBE+CZAEkm', '{\"msg\":\"题目信息更新成功！\",\"status\":200}', 1, '操作成功', 'com.swing.sky.system.api.tiku.TiQuestionController.editSave()', 'A', '127.0.0.1', '-保留-', 'Windows 10', 'Chrome 8', '2020-08-08 14:46:31');
INSERT INTO `sys_log_operate` VALUES (148, 'swing', 'tikuQuestion', 'B', 'POST', 'http://localhost:8085/tiku/question/edit', '{\"reviewPoint\":\"微积分 高等代数 数学分析\",\"use\":true,\"orderNum\":2,\"remark\":\"这是好题目\",\"updateTime\":1596869200523,\"content\":\"合法考虑到房价阿萨的开发飞洒法你是个小猪\",\"updateBy\":\"swing\",\"fullContent\":\"<p style=\\\"text-align: center;\\\"><img src=\\\"https://swing-durian.oss-cn-beijing.aliyuncs.com/50/b5/50b56c2a1c3042bcbb0305e407787d2c.png\\\" data-filename=\\\"批注 2020-06-06 185919.png\\\" style=\\\"width: 151.938px; height: 148.958px;\\\"></p><p style=\\\"text-align: center;\\\">合法考虑到房价阿萨的开发飞洒法</p><p style=\\\"text-align: center;\\\">你是个小猪</p><p style=\\\"text-align: center;\\\"><img src=\\\"data:image/png;base64,iVBORw0KGgoAAAANSUhEUgAAAYkAAACGCAYAAAAo/HbcAAASRElEQVR4Ae2dTXPURhqA81/yA3KYrT3tIZe9c9hrfgGcuFP7ByBVPrqyFKc4LGUucAi1lVAUSTZVYTAfY2xsgmNjjA1eQ3k3Acfl8G51Sy21Wt2SZpgPfTxUTWZGo5Hk7kfv877d0uSjP//9nzKLx18ufCMzf3z9Ul4c/yG/j/T4Xf59qwZ/Qx3akWOYPcv0AX0wIQY+moUg1D5nLgjVoLdey/9k9H+by0iiFv04oZODvw2+YeAb6bYkFrdk8HbESuLoV/nXDU4iTiIYgIF2M9BtSZCB1qOiox/oBxioLQNIAjhrCycZarszVPq3Gf3bbUkw3IQgSBJgAAYKGei2JJi4LoSDTK8ZmR79RD9NkoFuS4JLYJEEWSQMwEAhA92WBHAUwjHJ7IRtk/3CQDMYQBKIAlHAAAzAQJCBbkvi4rrc2vtVNvdHebyWrxabkQmQsdFPMAADozLQbUkwcR3MHkYFiu8RjGCgXQx0WxJfv5SDkX+V4w8Z/NAuGDi56U8YgAGXgW5LgnFIKgkYgAEYKGQASQBIISBuVsF7Mk0Y6BYDSAJJIAkYgAEYCDKAJIAjCAcZY7cyRvqb/vYxgCSQBJKAARiAgSADSAI4gnD4sgqWkW3CQLcYQBJIAknAAAzAQJABJAEcQTjIGLuVMdLf9LePASSBJJAEDMAADAQZQBLAEYTDl1WwjGwTBrrFAJJAEkgCBmAABoIMIAngCMJBxtitjJH+pr99DCAJJIEkYAAGYCDIAJIAjiAcvqyCZWSbMNAtBpAEkkASMAADMBBkAEkARxAOMsZuZYz0N/3tYwBJIAkkAQMwAANBBpAEcATh8GUVLCPbhIFuMYAkkASSgAEYgIEgA0gCOIJwkDF2K2Okv+lvHwNIAkkgCRiAARgIMoAkgCMIhy+rYBnZJgx0iwEkgSSQBAzAAAwEGUASwBGEg4yxWxkj/U1/+xhAEkgCScAADMBAkIGPPvn0lMzisfvqP1KXx97+QW2OpS5twnHUh0/6gr6YJQMzk8TJyYm8f/9e6vLv3bt3cnR0JMfHxzw8bfD69Wt5dXDIoyNtoPqbc4FYoBiYmSTqJAglKnU8h4eHnBgeQShQkES3BIkkEIRJEmYmibpUEPZxvHnzBkkgCaqlg0OdFJggwXO3hYEkLEsgifDJQCVBJYEswudHm9sGSSCJStUTkkASbQ6E/G1hASIJJIEkOjIZPcyFB8xJhINm14SCJJAEkkASuXkYJIEkjAyRBJJAEkgCSQQu2DCBssvPSAJJIAkkgSSQRDAOIAkkEYTDzp6YuGbi2uaB190ZjkISSAJJUElQSVBJBOMAkkASQTjsbJFKgkrC5oHXVBIT/9E/KzbX5iU304XBRxJIAjGEz482tw2VhKUoJBE+CZAEkm', '{\"msg\":\"题目信息更新成功！\",\"status\":200}', 1, '操作成功', 'com.swing.sky.system.api.tiku.TiQuestionController.editSave()', 'A', '127.0.0.1', '-保留-', 'Windows 10', 'Chrome 8', '2020-08-08 14:46:41');
INSERT INTO `sys_log_operate` VALUES (149, 'swing', 'tikuQuestion', 'B', 'POST', 'http://localhost:8085/tiku/question/edit', '{\"reviewPoint\":\"微积分 高等代数 数学分析\",\"use\":false,\"orderNum\":2,\"remark\":\"这是好题目\",\"updateTime\":1596869209397,\"content\":\"合法考虑到房价阿萨的开发飞洒法你是个小猪\",\"updateBy\":\"swing\",\"fullContent\":\"<p style=\\\"text-align: center;\\\"><img src=\\\"https://swing-durian.oss-cn-beijing.aliyuncs.com/50/b5/50b56c2a1c3042bcbb0305e407787d2c.png\\\" data-filename=\\\"批注 2020-06-06 185919.png\\\" style=\\\"width: 151.938px; height: 148.958px;\\\"></p><p style=\\\"text-align: center;\\\">合法考虑到房价阿萨的开发飞洒法</p><p style=\\\"text-align: center;\\\">你是个小猪</p><p style=\\\"text-align: center;\\\"><img src=\\\"data:image/png;base64,iVBORw0KGgoAAAANSUhEUgAAAYkAAACGCAYAAAAo/HbcAAASRElEQVR4Ae2dTXPURhqA81/yA3KYrT3tIZe9c9hrfgGcuFP7ByBVPrqyFKc4LGUucAi1lVAUSTZVYTAfY2xsgmNjjA1eQ3k3Acfl8G51Sy21Wt2SZpgPfTxUTWZGo5Hk7kfv877d0uSjP//9nzKLx18ufCMzf3z9Ul4c/yG/j/T4Xf59qwZ/Qx3akWOYPcv0AX0wIQY+moUg1D5nLgjVoLdey/9k9H+by0iiFv04oZODvw2+YeAb6bYkFrdk8HbESuLoV/nXDU4iTiIYgIF2M9BtSZCB1qOiox/oBxioLQNIAjhrCycZarszVPq3Gf3bbUkw3IQgSBJgAAYKGei2JJi4LoSDTK8ZmR79RD9NkoFuS4JLYJEEWSQMwEAhA92WBHAUwjHJ7IRtk/3CQDMYQBKIAlHAAAzAQJCBbkvi4rrc2vtVNvdHebyWrxabkQmQsdFPMAADozLQbUkwcR3MHkYFiu8RjGCgXQx0WxJfv5SDkX+V4w8Z/NAuGDi56U8YgAGXgW5LgnFIKgkYgAEYKGQASQBIISBuVsF7Mk0Y6BYDSAJJIAkYgAEYCDKAJIAjCAcZY7cyRvqb/vYxgCSQBJKAARiAgSADSAI4gnD4sgqWkW3CQLcYQBJIAknAAAzAQJABJAEcQTjIGLuVMdLf9LePASSBJJAEDMAADAQZQBLAEYTDl1WwjGwTBrrFAJJAEkgCBmAABoIMIAngCMJBxtitjJH+pr99DCAJJIEkYAAGYCDIAJIAjiAcvqyCZWSbMNAtBpAEkkASMAADMBBkAEkARxAOMsZuZYz0N/3tYwBJIAkkAQMwAANBBpAEcATh8GUVLCPbhIFuMYAkkASSgAEYgIEgA0gCOIJwkDF2K2Okv+lvHwNIAkkgCRiAARgIMoAkgCMIhy+rYBnZJgx0iwEkgSSQBAzAAAwEGUASwBGEg4yxWxkj/U1/+xhAEkgCScAADMBAkIGPPvn0lMzisfvqP1KXx97+QW2OpS5twnHUh0/6gr6YJQMzk8TJyYm8f/9e6vLv3bt3cnR0JMfHxzw8bfD69Wt5dXDIoyNtoPqbc4FYoBiYmSTqJAglKnU8h4eHnBgeQShQkES3BIkkEIRJEmYmibpUEPZxvHnzBkkgCaqlg0OdFJggwXO3hYEkLEsgifDJQCVBJYEswudHm9sGSSCJStUTkkASbQ6E/G1hASIJJIEkOjIZPcyFB8xJhINm14SCJJAEkkASuXkYJIEkjAyRBJJAEkgCSQQu2DCBssvPSAJJIAkkgSSQRDAOIAkkEYTDzp6YuGbi2uaB190ZjkISSAJJUElQSVBJBOMAkkASQTjsbJFKgkrC5oHXVBIT/9E/KzbX5iU304XBRxJIAjGEz482tw2VhKUoJBE+CZAEk', '{\"msg\":\"题目信息更新成功！\",\"status\":200}', 1, '操作成功', 'com.swing.sky.system.api.tiku.TiQuestionController.editSave()', 'A', '127.0.0.1', '-保留-', 'Windows 10', 'Chrome 8', '2020-08-08 14:46:49');
INSERT INTO `sys_log_operate` VALUES (150, 'swing', 'menu', 'A', 'POST', 'http://localhost:8085/system/menu/add', '{\"use\":true,\"icon\":\"fa fa-calendar-check-o\",\"orderNum\":2,\"menuName\":\"题目审核\",\"remark\":\"题目审核\",\"updateTime\":1596869481683,\"parentId\":1127,\"authoritySign\":\"tiku:question:audit\",\"openWay\":\"menuItem\",\"path\":\"/tiku/question/audit\",\"createBy\":\"swing\",\"createTime\":1596869481683,\"updateBy\":\"swing\",\"menuType\":\"M\",\"id\":1129}', '{\"msg\":\"新增菜单信息成功！\",\"status\":200}', 1, '操作成功', 'com.swing.sky.system.api.system.MenuController.addSave()', 'A', '127.0.0.1', '-保留-', 'Windows 10', 'Chrome 8', '2020-08-08 14:51:22');
INSERT INTO `sys_log_operate` VALUES (151, 'swing', 'tikuQuestion', 'B', 'POST', 'http://localhost:8085/tiku/question/edit', '{\"reviewPoint\":\"微积分 高等代数 数学分析\",\"use\":true,\"orderNum\":2,\"remark\":\"这是好题目\",\"updateTime\":1596871652625,\"content\":\"合法考虑到房价阿萨的开发飞洒法你是个小猪\",\"updateBy\":\"swing\",\"fullContent\":\"<p style=\\\"text-align: center;\\\"><img src=\\\"https://swing-durian.oss-cn-beijing.aliyuncs.com/50/b5/50b56c2a1c3042bcbb0305e407787d2c.png\\\" data-filename=\\\"批注 2020-06-06 185919.png\\\" style=\\\"width: 151.938px; height: 148.958px;\\\"></p><p style=\\\"text-align: center;\\\">合法考虑到房价阿萨的开发飞洒法</p><p style=\\\"text-align: center;\\\">你是个小猪</p><p style=\\\"text-align: center;\\\"><img src=\\\"data:image/png;base64,iVBORw0KGgoAAAANSUhEUgAAAYkAAACGCAYAAAAo/HbcAAASRElEQVR4Ae2dTXPURhqA81/yA3KYrT3tIZe9c9hrfgGcuFP7ByBVPrqyFKc4LGUucAi1lVAUSTZVYTAfY2xsgmNjjA1eQ3k3Acfl8G51Sy21Wt2SZpgPfTxUTWZGo5Hk7kfv877d0uSjP//9nzKLx18ufCMzf3z9Ul4c/yG/j/T4Xf59qwZ/Qx3akWOYPcv0AX0wIQY+moUg1D5nLgjVoLdey/9k9H+by0iiFv04oZODvw2+YeAb6bYkFrdk8HbESuLoV/nXDU4iTiIYgIF2M9BtSZCB1qOiox/oBxioLQNIAjhrCycZarszVPq3Gf3bbUkw3IQgSBJgAAYKGei2JJi4LoSDTK8ZmR79RD9NkoFuS4JLYJEEWSQMwEAhA92WBHAUwjHJ7IRtk/3CQDMYQBKIAlHAAAzAQJCBbkvi4rrc2vtVNvdHebyWrxabkQmQsdFPMAADozLQbUkwcR3MHkYFiu8RjGCgXQx0WxJfv5SDkX+V4w8Z/NAuGDi56U8YgAGXgW5LgnFIKgkYgAEYKGQASQBIISBuVsF7Mk0Y6BYDSAJJIAkYgAEYCDKAJIAjCAcZY7cyRvqb/vYxgCSQBJKAARiAgSADSAI4gnD4sgqWkW3CQLcYQBJIAknAAAzAQJABJAEcQTjIGLuVMdLf9LePASSBJJAEDMAADAQZQBLAEYTDl1WwjGwTBrrFAJJAEkgCBmAABoIMIAngCMJBxtitjJH+pr99DCAJJIEkYAAGYCDIAJIAjiAcvqyCZWSbMNAtBpAEkkASMAADMBBkAEkARxAOMsZuZYz0N/3tYwBJIAkkAQMwAANBBpAEcATh8GUVLCPbhIFuMYAkkASSgAEYgIEgA0gCOIJwkDF2K2Okv+lvHwNIAkkgCRiAARgIMoAkgCMIhy+rYBnZJgx0iwEkgSSQBAzAAAwEGUASwBGEg4yxWxkj/U1/+xhAEkgCScAADMBAkIGPPvn0lMzisfvqP1KXx97+QW2OpS5twnHUh0/6gr6YJQMzk8TJyYm8f/9e6vLv3bt3cnR0JMfHxzw8bfD69Wt5dXDIoyNtoPqbc4FYoBiYmSTqJAglKnU8h4eHnBgeQShQkES3BIkkEIRJEmYmibpUEPZxvHnzBkkgCaqlg0OdFJggwXO3hYEkLEsgifDJQCVBJYEswudHm9sGSSCJStUTkkASbQ6E/G1hASIJJIEkOjIZPcyFB8xJhINm14SCJJAEkkASuXkYJIEkjAyRBJJAEkgCSQQu2DCBssvPSAJJIAkkgSSQRDAOIAkkEYTDzp6YuGbi2uaB190ZjkISSAJJUElQSVBJBOMAkkASQTjsbJFKgkrC5oHXVBIT/9E/KzbX5iU304XBRxJIAjGEz482tw2VhKUoJBE+CZAEkm', '{\"msg\":\"题目信息更新成功！\",\"status\":200}', 1, '操作成功', 'com.swing.sky.system.api.tiku.TiQuestionController.editSave()', 'A', '127.0.0.1', '-保留-', 'Windows 10', 'Chrome 8', '2020-08-08 15:27:33');
INSERT INTO `sys_log_operate` VALUES (152, 'swing', 'user', 'B', 'POST', 'http://localhost:8085/system/user/edit', '{\"gender\":\"W\",\"nickName\":\"money\",\"use\":true,\"deptId\":103,\"orderNum\":3,\"remark\":\"我是money\",\"updateTime\":1596872295663,\"phone\":\"18845224514\",\"updateBy\":\"swing\",\"id\":103,\"email\":\"1885622435@173.com\",\"username\":\"qian\"}', '{\"msg\":\"用户信息更新成功！\",\"status\":200}', 1, '操作成功', 'com.swing.sky.system.api.system.UserController.editSave()', 'A', '127.0.0.1', '-保留-', 'Windows 10', 'Chrome 8', '2020-08-08 15:38:16');
INSERT INTO `sys_log_operate` VALUES (153, 'swing', 'role', 'B', 'POST', 'http://localhost:8085/system/role/edit', '{\"updateBy\":\"swing\",\"use\":true,\"roleName\":\"审核员\",\"orderNum\":3,\"remark\":\"题目审核员，负责审核本专业上传的题目\",\"updateTime\":1596872380715,\"id\":131}', '{\"msg\":\"角色信息更新成功！\",\"status\":200}', 1, '操作成功', 'com.swing.sky.system.api.system.RoleController.editSave()', 'A', '127.0.0.1', '-保留-', 'Windows 10', 'Chrome 8', '2020-08-08 15:39:41');
INSERT INTO `sys_log_operate` VALUES (154, 'swing', 'menu', 'A', 'POST', 'http://localhost:8085/system/menu/add', '{\"use\":true,\"icon\":\"fa fa-bank\",\"orderNum\":3,\"menuName\":\"课程管理\",\"remark\":\"全校课程管理\",\"updateTime\":1596873940052,\"parentId\":1127,\"authoritySign\":\"tiku:course:view\",\"openWay\":\"menuItem\",\"path\":\"/tiku/course\",\"createBy\":\"swing\",\"createTime\":1596873940052,\"updateBy\":\"swing\",\"menuType\":\"M\",\"id\":1130}', '{\"msg\":\"新增菜单信息成功！\",\"status\":200}', 1, '操作成功', 'com.swing.sky.system.api.system.MenuController.addSave()', 'A', '127.0.0.1', '-保留-', 'Windows 10', 'Chrome 8', '2020-08-08 16:05:40');
INSERT INTO `sys_log_operate` VALUES (155, 'swing', 'dictType', 'B', 'POST', 'http://localhost:8085/system/dict/type/edit', '{\"updateBy\":\"swing\",\"use\":true,\"typeName\":\"课程类型\",\"typeSign\":\"tiku_course_type\",\"orderNum\":13,\"remark\":\"课程类型\",\"updateTime\":1596882073251,\"id\":8}', '{\"msg\":\"字典类型更新成功！\",\"status\":200}', 1, '操作成功', 'com.swing.sky.system.api.system.DictTypeController.editSave()', 'A', '127.0.0.1', '-保留-', 'Windows 10', 'Chrome 8', '2020-08-08 18:21:13');
INSERT INTO `sys_log_operate` VALUES (156, 'swing', 'dictData', 'B', 'POST', 'http://localhost:8085/system/dict/data/edit', '{\"listClass\":\"danger\",\"use\":true,\"dataValue\":\"A\",\"orderNum\":1,\"remark\":\"通识必修\",\"updateTime\":1596882143770,\"dataKey\":\"通识必修\",\"isDefault\":false,\"updateBy\":\"swing\",\"id\":16}', '{\"msg\":\"字典数据更新成功！\",\"status\":200}', 1, '操作成功', 'com.swing.sky.system.api.system.DictDataController.editSave()', 'A', '127.0.0.1', '-保留-', 'Windows 10', 'Chrome 8', '2020-08-08 18:22:24');
INSERT INTO `sys_log_operate` VALUES (157, 'swing', 'dictData', 'B', 'POST', 'http://localhost:8085/system/dict/data/edit', '{\"listClass\":\"info\",\"use\":true,\"dataValue\":\"B\",\"orderNum\":2,\"remark\":\"通识选修\",\"updateTime\":1596882166223,\"dataKey\":\"通识选修\",\"isDefault\":false,\"updateBy\":\"swing\",\"id\":17}', '{\"msg\":\"字典数据更新成功！\",\"status\":200}', 1, '操作成功', 'com.swing.sky.system.api.system.DictDataController.editSave()', 'A', '127.0.0.1', '-保留-', 'Windows 10', 'Chrome 8', '2020-08-08 18:22:46');
INSERT INTO `sys_log_operate` VALUES (158, 'swing', 'dictData', 'A', 'POST', 'http://localhost:8085/system/dict/data/add', '{\"listClass\":\"primary\",\"use\":true,\"dataValue\":\"C\",\"orderNum\":3,\"remark\":\"专业必修\",\"updateTime\":1596882193132,\"dataKey\":\"专业必修\",\"createBy\":\"swing\",\"isDefault\":true,\"createTime\":1596882193132,\"updateBy\":\"swing\",\"typeId\":8,\"id\":47}', '{\"msg\":\"字典数据插入成功！\",\"status\":200}', 1, '操作成功', 'com.swing.sky.system.api.system.DictDataController.addSave()', 'A', '127.0.0.1', '-保留-', 'Windows 10', 'Chrome 8', '2020-08-08 18:23:13');
INSERT INTO `sys_log_operate` VALUES (159, 'swing', 'dictData', 'A', 'POST', 'http://localhost:8085/system/dict/data/add', '{\"listClass\":\"success\",\"use\":true,\"dataValue\":\"D\",\"orderNum\":4,\"remark\":\"专业选修\",\"updateTime\":1596882223240,\"dataKey\":\"专业选修\",\"createBy\":\"swing\",\"isDefault\":true,\"createTime\":1596882223240,\"updateBy\":\"swing\",\"typeId\":8,\"id\":48}', '{\"msg\":\"字典数据插入成功！\",\"status\":200}', 1, '操作成功', 'com.swing.sky.system.api.system.DictDataController.addSave()', 'A', '127.0.0.1', '-保留-', 'Windows 10', 'Chrome 8', '2020-08-08 18:23:43');
INSERT INTO `sys_log_operate` VALUES (160, 'swing', 'dictData', 'B', 'POST', 'http://localhost:8085/system/dict/data/edit', '{\"listClass\":\"danger\",\"use\":true,\"dataValue\":\"A\",\"orderNum\":1,\"remark\":\"通识必修\",\"updateTime\":1596882235460,\"dataKey\":\"通识必修\",\"isDefault\":true,\"updateBy\":\"swing\",\"id\":16}', '{\"msg\":\"字典数据更新成功！\",\"status\":200}', 1, '操作成功', 'com.swing.sky.system.api.system.DictDataController.editSave()', 'A', '127.0.0.1', '-保留-', 'Windows 10', 'Chrome 8', '2020-08-08 18:23:56');
INSERT INTO `sys_log_operate` VALUES (161, 'swing', 'role', 'D', 'POST', 'http://localhost:8085/system/role/updateDeptLink', '131', '{\"msg\":\"角色部门关联信息插入成功！\",\"status\":200}', 1, '操作成功', 'com.swing.sky.system.api.system.RoleController.authDeptSave()', 'A', '127.0.0.1', '-保留-', 'Windows 10', 'Chrome 8', '2020-08-08 18:44:55');
INSERT INTO `sys_log_operate` VALUES (162, 'swing', 'dept', 'B', 'POST', 'http://localhost:8085/system/dept/edit', '{\"deptName\":\"电科\",\"leader\":\"swing\",\"use\":true,\"orderNum\":3,\"remark\":\"\",\"updateTime\":1596885629423,\"parentId\":102,\"phone\":\"18845124018\",\"updateBy\":\"swing\",\"id\":263,\"email\":\"12678126@172.com\"}', '{\"msg\":\"更新部门信息成功！\",\"status\":200}', 1, '操作成功', 'com.swing.sky.system.api.system.DeptController.editSave()', 'A', '127.0.0.1', '-保留-', 'Windows 10', 'Chrome 8', '2020-08-08 19:20:30');
INSERT INTO `sys_log_operate` VALUES (163, 'swing', 'dept', 'B', 'POST', 'http://localhost:8085/system/dept/edit', '{\"deptName\":\"电科\",\"leader\":\"swing\",\"use\":true,\"orderNum\":3,\"remark\":\"\",\"updateTime\":1596885635397,\"parentId\":101,\"phone\":\"18845124018\",\"updateBy\":\"swing\",\"id\":263,\"email\":\"12678126@172.com\"}', '{\"msg\":\"更新部门信息成功！\",\"status\":200}', 1, '操作成功', 'com.swing.sky.system.api.system.DeptController.editSave()', 'A', '127.0.0.1', '-保留-', 'Windows 10', 'Chrome 8', '2020-08-08 19:20:36');
INSERT INTO `sys_log_operate` VALUES (164, 'swing', 'tikuCourse', 'A', 'POST', 'http://localhost:8085/tiku/course/add', '{\"courseType\":\"C\",\"use\":true,\"courseCode\":\"3245643211\",\"deptId\":101,\"orderNum\":1,\"remark\":\"这科很难\",\"updateTime\":1596886997157,\"courseName\":\"电力电子\",\"createBy\":\"swing\",\"teacher\":\"王丁\",\"createTime\":1596886997157,\"updateBy\":\"swing\",\"id\":104,\"credit\":3}', '{\"msg\":\"配置信息插入成功！\",\"status\":200}', 1, '操作成功', 'com.swing.sky.system.api.tiku.TiCourseController.addSave()', 'A', '127.0.0.1', '-保留-', 'Windows 10', 'Chrome 8', '2020-08-08 19:43:17');
INSERT INTO `sys_log_operate` VALUES (165, 'swing', 'menu', 'B', 'POST', 'http://localhost:8085/system/menu/edit', '{\"use\":true,\"icon\":\"fa fa-video-camera\",\"orderNum\":5,\"menuName\":\"系统监控\",\"remark\":\"系统监控目录\",\"updateTime\":1596887166114,\"parentId\":0,\"authoritySign\":\"\",\"openWay\":\"menuItem\",\"path\":\"#\",\"updateBy\":\"swing\",\"menuType\":\"D\",\"id\":2}', '{\"msg\":\"更新菜单信息成功！\",\"status\":200}', 1, '操作成功', 'com.swing.sky.system.api.system.MenuController.editSave()', 'A', '127.0.0.1', '-保留-', 'Windows 10', 'Chrome 8', '2020-08-08 19:46:06');
INSERT INTO `sys_log_operate` VALUES (166, 'swing', 'tikuCourse', 'B', 'POST', 'http://localhost:8085/tiku/course/edit', '{\"courseType\":\"D\",\"use\":true,\"courseCode\":\"3245643211\",\"deptId\":101,\"orderNum\":1,\"remark\":\"这科很难\",\"updateTime\":1596888296433,\"courseName\":\"电力电子\",\"teacher\":\"王丁\",\"updateBy\":\"swing\",\"id\":104,\"credit\":3}', '{\"msg\":\"课程信息更新成功！\",\"status\":200}', 1, '操作成功', 'com.swing.sky.system.api.tiku.TiCourseController.editSave()', 'A', '127.0.0.1', '-保留-', 'Windows 10', 'Chrome 8', '2020-08-08 20:04:57');
INSERT INTO `sys_log_operate` VALUES (167, 'swing', 'tikuCourse', 'B', 'POST', 'http://localhost:8085/tiku/course/edit', '{\"courseType\":\"D\",\"use\":false,\"courseCode\":\"3245643211\",\"deptId\":101,\"orderNum\":1,\"remark\":\"这科很难\",\"updateTime\":1596888302931,\"courseName\":\"电力电子\",\"teacher\":\"王丁\",\"updateBy\":\"swing\",\"id\":104,\"credit\":3}', '{\"msg\":\"课程信息更新成功！\",\"status\":200}', 1, '操作成功', 'com.swing.sky.system.api.tiku.TiCourseController.editSave()', 'A', '127.0.0.1', '-保留-', 'Windows 10', 'Chrome 8', '2020-08-08 20:05:03');
INSERT INTO `sys_log_operate` VALUES (168, 'swing', 'tikuCourse', 'B', 'POST', 'http://localhost:8085/tiku/course/edit', '{\"courseType\":\"D\",\"use\":true,\"courseCode\":\"3245643211\",\"deptId\":112,\"orderNum\":1,\"remark\":\"这科很难\",\"updateTime\":1596888309709,\"courseName\":\"电力电子\",\"teacher\":\"王丁\",\"updateBy\":\"swing\",\"id\":104,\"credit\":3}', '{\"msg\":\"课程信息更新成功！\",\"status\":200}', 1, '操作成功', 'com.swing.sky.system.api.tiku.TiCourseController.editSave()', 'A', '127.0.0.1', '-保留-', 'Windows 10', 'Chrome 8', '2020-08-08 20:05:10');
INSERT INTO `sys_log_operate` VALUES (169, 'swing', 'tikuCourse', 'B', 'POST', 'http://localhost:8085/tiku/course/edit', '{\"courseType\":\"D\",\"use\":true,\"courseCode\":\"3245643211\",\"deptId\":112,\"remark\":\"这科很难\",\"updateTime\":1596889091030,\"courseName\":\"电力电子\",\"teacher\":\"王丁\",\"updateBy\":\"swing\",\"id\":104,\"credit\":3}', '{\"msg\":\"课程信息更新成功！\",\"status\":200}', 1, '操作成功', 'com.swing.sky.system.api.tiku.TiCourseController.editSave()', 'A', '127.0.0.1', '-保留-', 'Windows 10', 'Chrome 8', '2020-08-08 20:18:11');
INSERT INTO `sys_log_operate` VALUES (170, 'swing', 'tikuCourse', 'B', 'POST', 'http://localhost:8085/tiku/course/edit', '{\"courseType\":\"D\",\"use\":true,\"courseCode\":\"3245643211\",\"deptId\":112,\"orderNum\":3,\"remark\":\"这科很难\",\"updateTime\":1596889100943,\"courseName\":\"电力电子\",\"teacher\":\"王丁\",\"updateBy\":\"swing\",\"id\":104,\"credit\":3}', '{\"msg\":\"课程信息更新成功！\",\"status\":200}', 1, '操作成功', 'com.swing.sky.system.api.tiku.TiCourseController.editSave()', 'A', '127.0.0.1', '-保留-', 'Windows 10', 'Chrome 8', '2020-08-08 20:18:21');
INSERT INTO `sys_log_operate` VALUES (171, 'swing', 'tikuCourse', 'B', 'POST', 'http://localhost:8085/tiku/course/edit', '{\"courseType\":\"D\",\"use\":true,\"courseCode\":\"3245643211\",\"deptId\":112,\"remark\":\"这科很难\",\"updateTime\":1596889105916,\"courseName\":\"电力电子\",\"teacher\":\"王丁\",\"updateBy\":\"swing\",\"id\":104,\"credit\":3}', '{\"msg\":\"课程信息更新成功！\",\"status\":200}', 1, '操作成功', 'com.swing.sky.system.api.tiku.TiCourseController.editSave()', 'A', '127.0.0.1', '-保留-', 'Windows 10', 'Chrome 8', '2020-08-08 20:18:26');
INSERT INTO `sys_log_operate` VALUES (172, 'swing', 'tikuCourse', 'B', 'POST', 'http://localhost:8085/tiku/course/edit', '{\"courseType\":\"D\",\"use\":true,\"courseCode\":\"3245643211\",\"deptId\":112,\"orderNum\":1,\"remark\":\"这科很难\",\"updateTime\":1596889111264,\"courseName\":\"电力电子\",\"teacher\":\"王丁\",\"updateBy\":\"swing\",\"id\":104,\"credit\":3}', '{\"msg\":\"课程信息更新成功！\",\"status\":200}', 1, '操作成功', 'com.swing.sky.system.api.tiku.TiCourseController.editSave()', 'A', '127.0.0.1', '-保留-', 'Windows 10', 'Chrome 8', '2020-08-08 20:18:31');
INSERT INTO `sys_log_operate` VALUES (173, 'swing', 'tikuCourse', 'B', 'POST', 'http://localhost:8085/tiku/course/edit', '{\"courseType\":\"D\",\"use\":true,\"courseCode\":\"3245643211\",\"deptId\":101,\"orderNum\":1,\"remark\":\"这科很难\",\"updateTime\":1596889129853,\"courseName\":\"电力电子\",\"teacher\":\"王丁\",\"updateBy\":\"swing\",\"id\":104,\"credit\":3}', '{\"msg\":\"课程信息更新成功！\",\"status\":200}', 1, '操作成功', 'com.swing.sky.system.api.tiku.TiCourseController.editSave()', 'A', '127.0.0.1', '-保留-', 'Windows 10', 'Chrome 8', '2020-08-08 20:18:50');
INSERT INTO `sys_log_operate` VALUES (174, 'swing', 'tikuCourse', 'A', 'POST', 'http://localhost:8085/tiku/course/add', '{\"courseType\":\"C\",\"use\":true,\"courseCode\":\"4123123452\",\"deptId\":101,\"orderNum\":2,\"remark\":\"这科我挂过\",\"updateTime\":1596889217203,\"courseName\":\"电工学\",\"createBy\":\"swing\",\"teacher\":\"斗寅丰\",\"createTime\":1596889217203,\"updateBy\":\"swing\",\"id\":105,\"credit\":3}', '{\"msg\":\"配置信息插入成功！\",\"status\":200}', 1, '操作成功', 'com.swing.sky.system.api.tiku.TiCourseController.addSave()', 'A', '127.0.0.1', '-保留-', 'Windows 10', 'Chrome 8', '2020-08-08 20:20:17');
INSERT INTO `sys_log_operate` VALUES (175, 'swing', 'tikuCourse', 'A', 'POST', 'http://localhost:8085/tiku/course/add', '{\"courseType\":\"C\",\"use\":true,\"courseCode\":\"3221675564\",\"deptId\":101,\"orderNum\":1,\"remark\":\"\",\"updateTime\":1596889275884,\"courseName\":\"自控原理\",\"createBy\":\"swing\",\"teacher\":\"高媛\",\"createTime\":1596889275884,\"updateBy\":\"swing\",\"id\":106,\"credit\":4}', '{\"msg\":\"配置信息插入成功！\",\"status\":200}', 1, '操作成功', 'com.swing.sky.system.api.tiku.TiCourseController.addSave()', 'A', '127.0.0.1', '-保留-', 'Windows 10', 'Chrome 8', '2020-08-08 20:21:16');
INSERT INTO `sys_log_operate` VALUES (176, 'swing', 'dept', 'A', 'POST', 'http://localhost:8085/system/dept/add', '{\"deptName\":\"数学院\",\"leader\":\"swing\",\"use\":true,\"orderNum\":1,\"remark\":\"\",\"updateTime\":1596889446082,\"parentId\":100,\"createBy\":\"swing\",\"createTime\":1596889446082,\"phone\":\"17765653425\",\"updateBy\":\"swing\",\"id\":265,\"email\":\"17765653425@163.com\"}', '{\"msg\":\"新增部门信息成功！\",\"status\":200}', 1, '操作成功', 'com.swing.sky.system.api.system.DeptController.addSave()', 'A', '127.0.0.1', '-保留-', 'Windows 10', 'Chrome 8', '2020-08-08 20:24:06');
INSERT INTO `sys_log_operate` VALUES (177, 'swing', 'tikuCourse', 'A', 'POST', 'http://localhost:8085/tiku/course/add', '{\"courseType\":\"C\",\"use\":true,\"courseCode\":\"2671726176\",\"deptId\":265,\"orderNum\":2,\"remark\":\"我过了\",\"updateTime\":1596889525794,\"courseName\":\"高等数学（上）\",\"createBy\":\"swing\",\"teacher\":\"老王\",\"createTime\":1596889525794,\"updateBy\":\"swing\",\"id\":107,\"credit\":5}', '{\"msg\":\"配置信息插入成功！\",\"status\":200}', 1, '操作成功', 'com.swing.sky.system.api.tiku.TiCourseController.addSave()', 'A', '127.0.0.1', '-保留-', 'Windows 10', 'Chrome 8', '2020-08-08 20:25:26');
INSERT INTO `sys_log_operate` VALUES (178, 'swing', 'tikuCourse', 'B', 'POST', 'http://localhost:8085/tiku/course/edit', '{\"courseType\":\"A\",\"use\":true,\"courseCode\":\"2671726176\",\"deptId\":265,\"orderNum\":2,\"remark\":\"我过了\",\"updateTime\":1596889546432,\"courseName\":\"高等数学（上）\",\"teacher\":\"老王\",\"updateBy\":\"swing\",\"id\":107,\"credit\":5}', '{\"msg\":\"课程信息更新成功！\",\"status\":200}', 1, '操作成功', 'com.swing.sky.system.api.tiku.TiCourseController.editSave()', 'A', '127.0.0.1', '-保留-', 'Windows 10', 'Chrome 8', '2020-08-08 20:25:47');
INSERT INTO `sys_log_operate` VALUES (179, 'swing', 'tikuCourse', 'A', 'POST', 'http://localhost:8085/tiku/course/add', '{\"courseType\":\"B\",\"use\":true,\"courseCode\":\"4232324443\",\"deptId\":102,\"orderNum\":5,\"remark\":\"这科儿老师特别好\",\"updateTime\":1596890541304,\"courseName\":\"期货管理学\",\"createBy\":\"swing\",\"teacher\":\"小李\",\"createTime\":1596890541304,\"updateBy\":\"swing\",\"id\":108,\"credit\":1}', '{\"msg\":\"配置信息插入成功！\",\"status\":200}', 1, '操作成功', 'com.swing.sky.system.api.tiku.TiCourseController.addSave()', 'A', '127.0.0.1', '-保留-', 'Windows 10', 'Chrome 8', '2020-08-08 20:42:21');
INSERT INTO `sys_log_operate` VALUES (180, 'swing', 'tikuCourse', 'B', 'POST', 'http://localhost:8085/tiku/course/edit', '{\"courseType\":\"B\",\"use\":true,\"courseCode\":\"4232324443\",\"deptId\":102,\"orderNum\":5,\"remark\":\"这科儿老师特别好\",\"updateTime\":1596890553218,\"courseName\":\"期货管理学\",\"teacher\":\"小李\",\"updateBy\":\"swing\",\"id\":108,\"credit\":1}', '{\"msg\":\"课程信息更新成功！\",\"status\":200}', 1, '操作成功', 'com.swing.sky.system.api.tiku.TiCourseController.editSave()', 'A', '127.0.0.1', '-保留-', 'Windows 10', 'Chrome 8', '2020-08-08 20:42:33');
INSERT INTO `sys_log_operate` VALUES (181, 'swing', 'dictData', 'B', 'POST', 'http://localhost:8085/system/dict/data/edit', '{\"listClass\":\"warning\",\"use\":true,\"dataValue\":\"B\",\"orderNum\":2,\"remark\":\"通识选修\",\"updateTime\":1596890594363,\"dataKey\":\"通识选修\",\"isDefault\":false,\"updateBy\":\"swing\",\"id\":17}', '{\"msg\":\"字典数据更新成功！\",\"status\":200}', 1, '操作成功', 'com.swing.sky.system.api.system.DictDataController.editSave()', 'A', '127.0.0.1', '-保留-', 'Windows 10', 'Chrome 8', '2020-08-08 20:43:14');
INSERT INTO `sys_log_operate` VALUES (182, 'swing', 'menu', 'A', 'POST', 'http://localhost:8085/system/menu/add', '{\"use\":true,\"icon\":\"fa fa-database\",\"orderNum\":4,\"menuName\":\"课程分配\",\"remark\":\"课程分配\",\"updateTime\":1596891254773,\"parentId\":1127,\"authoritySign\":\"#\",\"openWay\":\"menuItem\",\"path\":\"#\",\"createBy\":\"swing\",\"createTime\":1596891254773,\"updateBy\":\"swing\",\"menuType\":\"M\",\"id\":1131}', '{\"msg\":\"新增菜单信息成功！\",\"status\":200}', 1, '操作成功', 'com.swing.sky.system.api.system.MenuController.addSave()', 'A', '127.0.0.1', '-保留-', 'Windows 10', 'Chrome 8', '2020-08-08 20:54:15');
INSERT INTO `sys_log_operate` VALUES (183, 'swing', 'menu', 'B', 'POST', 'http://localhost:8085/system/menu/edit', '{\"use\":true,\"icon\":\"fa fa-cubes\",\"orderNum\":1,\"menuName\":\"题库列表\",\"remark\":\"题库列表\",\"updateTime\":1596891276861,\"parentId\":1127,\"authoritySign\":\"tiku:question:view\",\"openWay\":\"menuItem\",\"path\":\"/tiku/question\",\"updateBy\":\"swing\",\"menuType\":\"M\",\"id\":1128}', '{\"msg\":\"更新菜单信息成功！\",\"status\":200}', 1, '操作成功', 'com.swing.sky.system.api.system.MenuController.editSave()', 'A', '127.0.0.1', '-保留-', 'Windows 10', 'Chrome 8', '2020-08-08 20:54:37');
INSERT INTO `sys_log_operate` VALUES (184, 'swing', 'notice', 'B', 'POST', 'http://localhost:8085/system/notice/edit', '{\"noticeContent\":\"<p style=\\\"text-align: center;\\\"><img src=\\\"data:image/png;base64,iVBORw0KGgoAAAANSUhEUgAAAjAAAACWCAYAAADAK7K1AAAgAElEQVR4Ae3dB5Q0RfU28NesiBExRxRzRAwgAmIOoKAoqGBOmFDErKCIYo4oAgYwK2YFUQwomBADZjHnjAmz1v/86vtqT9N29/TM9GzP7nvrnDmzOzMd6qmqe5+bqjeklNJ///vfldd//vOf9O9//zv961//Sv/85z/T3//+9/S3v/0t/fWvf01nnnlm+stf/pJff/7zn5PXn/70p3gFBjEHYg7EHIg5EHMg5sCqzoENVQJTJS//+Mc/VogL0oKs/PGPf0x/+MMf0hlnnJF+//vfn+X1u9/9LsUrMIg5EHMg5kDMgZgDMQdWYw5sKN6XJvJSPC48MX4XLRAIBAKBQCAQCAQCgWVAIBOYJvJSQkW+ixYIBAKBQCAQCAQCgcAyIXAWAsPTIt+F50XIKMjLMg1V3EsgEAgEAoFAIBAIFAQ21L0vknWRFzkw0QKBQCAQCAQCgUAgEFhGBFYITPG+CB1J1A3vyzIOV9xTIBAIBAKBQCAQCEAgExgl0zwuxfuiwihaIBAIBAKBQCAQCAQCy4rAhrLni/1e5L4olVb+FC0QCAQCgUAgEAgEAoFlRSATmLJhXQkf/eY3v1nW+437CgQCgUAgEAgEAoFAIK0QGNVHCIxN6n79618HNIFAIBAIBAKBQCAQCCwtAmchMKqPgsAs7VjFjQUCgUAgEAgEAoHA/0cgE5jy2AAERgLvr371qwAoEAgEAoFAIBAIBAKBpUVghcBUK5CCwCzteMWNBQKBQCAQCAQC6w4BjyuSj/ve9743fe5zn+vVvw3VEmpPluaB+eUvf9nr4PhRIBAIBAKBQCAQCAQCQyCgGvrFL35xet/73tfrdEFgesE0zI+UqH/+85/Pg2OA5n194hOfSJ/5zGfSaaedln70ox/lDQgR0njw5jDjNeksCP83vvGNXuN4/PHHpy996Us5Ub5rk0jbGthI8rOf/Ww67rjjGs99wgknpK997WvZWomxnjRK8X0gEAisFQTmJjD2gAkPzGKGm9LZa6+90kUucpF0nvOcJ23YsCGd7WxnS+c85znz/z7zOte5zpXOfvaz5+/9pv7y3aabbppufOMbpzvc4Q7pAQ94QHrBC16QFd73vve9rAC54qItFoFvfetb6ZnPfGa62MUuls53vvN1jtnmm2+e7nGPe2SyqeKvrQnlfvWrX0177LFHuvzlL5/Ofe5zr4y/ubLJJpuk613veulpT3taTrhHeKIFAoFAILAeEAgCs8SjKFma0jv00EPTjjvumBUTxXfVq141bbvttmmHHXbIr+tf//rpohe96IriqhMYCvPhD394es5znpP22WefdLOb3Sxd6lKXSpTk9ttvn573vOdlJRjW+WInA5L405/+NHtJdtttt3Txi1+8dcyQzs022yyP/Y9//OPWGzNm5sm3v/3t9MIXvjBts802+ZyFvOy+++7prW99a/rZz34Wj/toRTG+CAQCgbWIQBCYJR81A/TNb34zx/kufelLpytf+cpp//33Tx/84AdzOEhI6CUveUm60Y1ulK5ylaukRzziESthhHe9613p1a9+dXrsYx+bbnvb26anP/3pyWcf+chH0pFHHpnuf//7p2td61r55e8PfehDyfWCyCxuUgjZ2fjxbW97Wyahl7nMZdKd73zn9KY3vSm95z3vyWP30pe+NH/Gm7LLLrsk4SQVf10Nifn617+eDjjggHSlK10pneMc58hz4rWvfW0mTa4bLRAIBAKB9YRAEJg1MJpyJ+QxCAHxtvDIVMN2xx57bLrlLW+ZbnjDG6bDDz98hYAIFwjxITlPfvKT073vfe/0ile8Iis6SvTkk09OT33qU7Oi23LLLdP97ne/dMopp+S8izUAy5q9RWRCeFCI', '{\"msg\":\"公告信息更新成功！\",\"status\":200}', 1, '操作成功', 'com.swing.sky.system.api.system.NoticeController.editSave()', 'A', '127.0.0.1', '-保留-', 'Windows 10', 'Chrome 8', '2020-08-08 20:55:15');
INSERT INTO `sys_log_operate` VALUES (185, 'swing', 'menu', 'B', 'POST', 'http://localhost:8085/system/menu/edit', '{\"use\":true,\"icon\":\"fa fa-database\",\"orderNum\":4,\"menuName\":\"课程分配\",\"remark\":\"课程分配\",\"updateTime\":1596936980313,\"parentId\":1127,\"authoritySign\":\"tiku:allocation:view\",\"openWay\":\"menuItem\",\"path\":\"/tiku/allocation\",\"updateBy\":\"swing\",\"menuType\":\"M\",\"id\":1131}', '{\"msg\":\"更新菜单信息成功！\",\"status\":200}', 1, '操作成功', 'com.swing.sky.system.api.system.MenuController.editSave()', 'A', '127.0.0.1', '-保留-', 'Windows 10', 'Chrome 8', '2020-08-09 09:36:20');
INSERT INTO `sys_log_operate` VALUES (186, 'swing', 'menu', 'B', 'POST', 'http://localhost:8085/system/menu/edit', '{\"use\":true,\"icon\":\"fa fa-calendar-check-o\",\"orderNum\":2,\"menuName\":\"题目审核\",\"remark\":\"题目审核\",\"updateTime\":1596937005486,\"parentId\":1127,\"authoritySign\":\"tiku:question:audit:view\",\"openWay\":\"menuItem\",\"path\":\"/tiku/question/audit\",\"updateBy\":\"swing\",\"menuType\":\"M\",\"id\":1129}', '{\"msg\":\"更新菜单信息成功！\",\"status\":200}', 1, '操作成功', 'com.swing.sky.system.api.system.MenuController.editSave()', 'A', '127.0.0.1', '-保留-', 'Windows 10', 'Chrome 8', '2020-08-09 09:36:46');
INSERT INTO `sys_log_operate` VALUES (187, 'swing', 'role', 'D', 'POST', 'http://localhost:8085/system/role/updateDeptLink', '131 100,101,103', '{\"msg\":\"角色部门关联信息插入成功！\",\"status\":200}', 1, '操作成功', 'com.swing.sky.system.api.system.RoleController.authDeptSave()', 'A', '127.0.0.1', '-保留-', 'Windows 10', 'Chrome 8', '2020-08-09 11:23:35');
INSERT INTO `sys_log_operate` VALUES (188, 'swing', 'role', 'D', 'POST', 'http://localhost:8085/system/role/updateDeptLink', '131', '{\"msg\":\"角色部门关联信息插入成功！\",\"status\":200}', 1, '操作成功', 'com.swing.sky.system.api.system.RoleController.authDeptSave()', 'A', '127.0.0.1', '-保留-', 'Windows 10', 'Chrome 8', '2020-08-09 11:23:41');
INSERT INTO `sys_log_operate` VALUES (189, 'swing', 'tikuQuestion', 'A', 'POST', 'http://localhost:8085/tiku/question/add', '{\"reviewPoint\":\"\",\"use\":true,\"orderNum\":5,\"remark\":\"\",\"updateTime\":1596947399512,\"content\":\"求参数\",\"createBy\":\"swing\",\"createTime\":1596947399512,\"updateBy\":\"swing\",\"fullContent\":\"<p style=\\\"text-align: center; \\\"><img src=\\\"https://swing-durian.oss-cn-beijing.aliyuncs.com/85/34/8534120579244553a09d3f727b7aadc6.png\\\" data-filename=\\\"批注 2020-06-06 185815.png\\\" style=\\\"width: 146.071px; height: 135.8px;\\\"></p><p style=\\\"text-align: center; \\\">求参数</p>\",\"auditStatus\":\"A\",\"id\":107,\"courseId\":107,\"questionType\":\"B\"}', '{\"msg\":\"配置信息插入成功！\",\"status\":200}', 1, '操作成功', 'com.swing.sky.system.api.tiku.TiQuestionController.addSave()', 'A', '127.0.0.1', '-保留-', 'Windows 10', 'Chrome 8', '2020-08-09 12:30:00');
INSERT INTO `sys_log_operate` VALUES (190, 'swing', 'tikuQuestion', 'B', 'POST', 'http://localhost:8085/tiku/question/edit', '{\"reviewPoint\":\"\",\"use\":true,\"orderNum\":5,\"remark\":\"\",\"updateTime\":1596948317725,\"content\":\"求参数\",\"updateBy\":\"swing\",\"fullContent\":\"<p style=\\\"text-align: center; \\\"><img src=\\\"https://swing-durian.oss-cn-beijing.aliyuncs.com/85/34/8534120579244553a09d3f727b7aadc6.png\\\" data-filename=\\\"批注 2020-06-06 185815.png\\\" style=\\\"width: 146.071px; height: 135.8px;\\\"></p><p style=\\\"text-align: center; \\\">求参数</p>\",\"auditStatus\":\"A\",\"id\":107,\"questionType\":\"B\"}', '{\"msg\":\"题目信息更新成功！\",\"status\":200}', 1, '操作成功', 'com.swing.sky.system.api.tiku.TiQuestionController.editSave()', 'A', '127.0.0.1', '-保留-', 'Windows 10', 'Chrome 8', '2020-08-09 12:45:18');
INSERT INTO `sys_log_operate` VALUES (191, 'swing', 'tikuQuestion', 'B', 'POST', 'http://localhost:8085/tiku/question/edit', '{\"reviewPoint\":\"\",\"use\":true,\"orderNum\":5,\"remark\":\"\",\"updateTime\":1596948431635,\"content\":\"求参数\",\"updateBy\":\"swing\",\"fullContent\":\"<p style=\\\"text-align: center; \\\"><img src=\\\"https://swing-durian.oss-cn-beijing.aliyuncs.com/85/34/8534120579244553a09d3f727b7aadc6.png\\\" data-filename=\\\"批注 2020-06-06 185815.png\\\" style=\\\"width: 146.071px; height: 135.8px;\\\"></p><p style=\\\"text-align: center; \\\">求参数</p>\",\"auditStatus\":\"A\",\"id\":107,\"questionType\":\"B\"}', '{\"msg\":\"题目信息更新成功！\",\"status\":200}', 1, '操作成功', 'com.swing.sky.system.api.tiku.TiQuestionController.editSave()', 'A', '127.0.0.1', '-保留-', 'Windows 10', 'Chrome 8', '2020-08-09 12:47:12');
INSERT INTO `sys_log_operate` VALUES (192, 'swing', 'tikuQuestion', 'B', 'POST', 'http://localhost:8085/tiku/question/edit', '{\"reviewPoint\":\"微积分 高等代数 数学分析\",\"use\":true,\"orderNum\":2,\"remark\":\"这是好题目\",\"updateTime\":1596948587075,\"content\":\"合法考虑到房价阿萨的开发飞洒法你是个小猪\",\"updateBy\":\"swing\",\"fullContent\":\"<p style=\\\"text-align: center;\\\"><img src=\\\"https://swing-durian.oss-cn-beijing.aliyuncs.com/50/b5/50b56c2a1c3042bcbb0305e407787d2c.png\\\" data-filename=\\\"批注 2020-06-06 185919.png\\\" style=\\\"width: 151.938px; height: 148.958px;\\\"></p><p style=\\\"text-align: center;\\\">合法考虑到房价阿萨的开发飞洒法</p><p style=\\\"text-align: center;\\\">你是个小猪</p><p style=\\\"text-align: center;\\\"><img src=\\\"data:image/png;base64,iVBORw0KGgoAAAANSUhEUgAAAYkAAACGCAYAAAAo/HbcAAASRElEQVR4Ae2dTXPURhqA81/yA3KYrT3tIZe9c9hrfgGcuFP7ByBVPrqyFKc4LGUucAi1lVAUSTZVYTAfY2xsgmNjjA1eQ3k3Acfl8G51Sy21Wt2SZpgPfTxUTWZGo5Hk7kfv877d0uSjP//9nzKLx18ufCMzf3z9Ul4c/yG/j/T4Xf59qwZ/Qx3akWOYPcv0AX0wIQY+moUg1D5nLgjVoLdey/9k9H+by0iiFv04oZODvw2+YeAb6bYkFrdk8HbESuLoV/nXDU4iTiIYgIF2M9BtSZCB1qOiox/oBxioLQNIAjhrCycZarszVPq3Gf3bbUkw3IQgSBJgAAYKGei2JJi4LoSDTK8ZmR79RD9NkoFuS4JLYJEEWSQMwEAhA92WBHAUwjHJ7IRtk/3CQDMYQBKIAlHAAAzAQJCBbkvi4rrc2vtVNvdHebyWrxabkQmQsdFPMAADozLQbUkwcR3MHkYFiu8RjGCgXQx0WxJfv5SDkX+V4w8Z/NAuGDi56U8YgAGXgW5LgnFIKgkYgAEYKGQASQBIISBuVsF7Mk0Y6BYDSAJJIAkYgAEYCDKAJIAjCAcZY7cyRvqb/vYxgCSQBJKAARiAgSADSAI4gnD4sgqWkW3CQLcYQBJIAknAAAzAQJABJAEcQTjIGLuVMdLf9LePASSBJJAEDMAADAQZQBLAEYTDl1WwjGwTBrrFAJJAEkgCBmAABoIMIAngCMJBxtitjJH+pr99DCAJJIEkYAAGYCDIAJIAjiAcvqyCZWSbMNAtBpAEkkASMAADMBBkAEkARxAOMsZuZYz0N/3tYwBJIAkkAQMwAANBBpAEcATh8GUVLCPbhIFuMYAkkASSgAEYgIEgA0gCOIJwkDF2K2Okv+lvHwNIAkkgCRiAARgIMoAkgCMIhy+rYBnZJgx0iwEkgSSQBAzAAAwEGUASwBGEg4yxWxkj/U1/+xhAEkgCScAADMBAkIGPPvn0lMzisfvqP1KXx97+QW2OpS5twnHUh0/6gr6YJQMzk8TJyYm8f/9e6vLv3bt3cnR0JMfHxzw8bfD69Wt5dXDIoyNtoPqbc4FYoBiYmSTqJAglKnU8h4eHnBgeQShQkES3BIkkEIRJEmYmibpUEPZxvHnzBkkgCaqlg0OdFJggwXO3hYEkLEsgifDJQCVBJYEswudHm9sGSSCJStUTkkASbQ6E/G1hASIJJIEkOjIZPcyFB8xJhINm14SCJJAEkkASuXkYJIEkjAyRBJJAEkgCSQQu2DCBssvPSAJJIAkkgSSQRDAOIAkkEYTDzp6YuGbi2uaB190ZjkISSAJJUElQSVBJBOMAkkASQTjsbJFKgkrC5oHXVBIT/9E/KzbX5iU304XBRxJIAjGEz482tw2VhKUoJBE+CZAEkm', '{\"msg\":\"题目信息更新成功！\",\"status\":200}', 1, '操作成功', 'com.swing.sky.system.api.tiku.TiQuestionController.editSave()', 'A', '127.0.0.1', '-保留-', 'Windows 10', 'Chrome 8', '2020-08-09 12:49:47');
INSERT INTO `sys_log_operate` VALUES (193, 'swing', 'tikuQuestion', 'B', 'POST', 'http://localhost:8085/tiku/question/edit', '{\"reviewPoint\":\"坐标系\",\"use\":true,\"orderNum\":5,\"remark\":\"测试\",\"updateTime\":1596948611540,\"content\":\"如图，某飞行器在4千米高空水平飞行，从距着陆点的水平距离10千米处下降， 已知下降飞行轨迹为某三次函数图像的一部分，则函数的解析式为（&nbsp;&nbsp; ）ABCD\",\"updateBy\":\"swing\",\"fullContent\":\"<div class=\\\"que-stem\\\" style=\\\"margin: 0px; padding: 0px; font-size: 16px; color: rgb(51, 51, 51); font-family: 微软雅黑, &quot;Hiragino Sans GB&quot;, arial, helvetica, clean;\\\"><div class=\\\"questem-inner bdjson\\\" style=\\\"margin: 0px; padding: 0px;\\\"><p class=\\\"ext_text-align_left\\\" style=\\\"margin-bottom: 0px; padding: 0px; overflow-wrap: break-word; line-height: 1.5;\\\"><span style=\\\"vertical-align: middle;\\\">如图，某飞行器在4千米高空水平飞行，从距着陆点</span><img width=\\\"16px\\\" height=\\\"17px\\\" class=\\\"scale-img\\\" src=\\\"https://gss0.baidu.com/7LsWdDW5_xN3otqbppnN2DJv/baidu/pic/item/0824ab18972bd4078284c05c7f899e510eb309cb.jpg\\\" style=\\\"margin: 14px 0px; max-width: 640px;\\\"><span style=\\\"vertical-align: middle;\\\">的水平距离10千米处下降， 已知下降飞行轨迹为某三次函数图像的一部分，则函数的解析式为（&nbsp;&nbsp; ）</span></p><p class=\\\"ext_text-align_left\\\" style=\\\"margin-bottom: 0px; padding: 0px; overflow-wrap: break-word; line-height: 1.5;\\\"><img width=\\\"267px\\\" height=\\\"128px\\\" class=\\\"scale-img\\\" src=\\\"https://gss0.baidu.com/7LsWdDW5_xN3otqbppnN2DJv/baidu/pic/item/0ff41bd5ad6eddc4fcbea75a3ddbb6fd52663331.jpg\\\" style=\\\"margin: 14px 0px; max-width: 640px;\\\"></p></div></div><div class=\\\"que-options\\\" style=\\\"margin: 20px 0px 0px; padding: 0px; font-size: 16px; color: rgb(130, 131, 134); line-height: 1.5; font-family: 微软雅黑, &quot;Hiragino Sans GB&quot;, arial, helvetica, clean;\\\"><div class=\\\"queoptions-inner bdjson clearfix\\\" style=\\\"margin: 0px; padding: 0px;\\\"><div class=\\\"opt-item\\\" style=\\\"margin: 0px; padding: 0px 20px 0px 0px; display: inline-block; float: left; height: 69px; line-height: 69px;\\\"><p style=\\\"margin-bottom: 0px; padding: 0px; overflow-wrap: break-word; line-height: 1.5; display: inline-block;\\\"><span class=\\\"prefix\\\" style=\\\"vertical-align: middle; padding-right: 10px;\\\">A</span><img width=\\\"105px', '{\"msg\":\"题目信息更新成功！\",\"status\":200}', 1, '操作成功', 'com.swing.sky.system.api.tiku.TiQuestionController.editSave()', 'A', '127.0.0.1', '-保留-', 'Windows 10', 'Chrome 8', '2020-08-09 12:50:12');
INSERT INTO `sys_log_operate` VALUES (194, 'swing', 'tikuQuestion', 'B', 'POST', 'http://localhost:8085/tiku/question/edit', '{\"reviewPoint\":\"微积分 高等代数 数学分析\",\"use\":true,\"orderNum\":2,\"remark\":\"这是好题目\",\"updateTime\":1596956316998,\"content\":\"合法考虑到房价阿萨的开发飞洒法你是个小猪\",\"updateBy\":\"swing\",\"fullContent\":\"<p style=\\\"text-align: center;\\\"><img src=\\\"https://swing-durian.oss-cn-beijing.aliyuncs.com/50/b5/50b56c2a1c3042bcbb0305e407787d2c.png\\\" data-filename=\\\"批注 2020-06-06 185919.png\\\" style=\\\"width: 151.938px; height: 148.958px;\\\"></p><p style=\\\"text-align: center;\\\">合法考虑到房价阿萨的开发飞洒法</p><p style=\\\"text-align: center;\\\">你是个小猪</p><p style=\\\"text-align: center;\\\"><img src=\\\"data:image/png;base64,iVBORw0KGgoAAAANSUhEUgAAAYkAAACGCAYAAAAo/HbcAAASRElEQVR4Ae2dTXPURhqA81/yA3KYrT3tIZe9c9hrfgGcuFP7ByBVPrqyFKc4LGUucAi1lVAUSTZVYTAfY2xsgmNjjA1eQ3k3Acfl8G51Sy21Wt2SZpgPfTxUTWZGo5Hk7kfv877d0uSjP//9nzKLx18ufCMzf3z9Ul4c/yG/j/T4Xf59qwZ/Qx3akWOYPcv0AX0wIQY+moUg1D5nLgjVoLdey/9k9H+by0iiFv04oZODvw2+YeAb6bYkFrdk8HbESuLoV/nXDU4iTiIYgIF2M9BtSZCB1qOiox/oBxioLQNIAjhrCycZarszVPq3Gf3bbUkw3IQgSBJgAAYKGei2JJi4LoSDTK8ZmR79RD9NkoFuS4JLYJEEWSQMwEAhA92WBHAUwjHJ7IRtk/3CQDMYQBKIAlHAAAzAQJCBbkvi4rrc2vtVNvdHebyWrxabkQmQsdFPMAADozLQbUkwcR3MHkYFiu8RjGCgXQx0WxJfv5SDkX+V4w8Z/NAuGDi56U8YgAGXgW5LgnFIKgkYgAEYKGQASQBIISBuVsF7Mk0Y6BYDSAJJIAkYgAEYCDKAJIAjCAcZY7cyRvqb/vYxgCSQBJKAARiAgSADSAI4gnD4sgqWkW3CQLcYQBJIAknAAAzAQJABJAEcQTjIGLuVMdLf9LePASSBJJAEDMAADAQZQBLAEYTDl1WwjGwTBrrFAJJAEkgCBmAABoIMIAngCMJBxtitjJH+pr99DCAJJIEkYAAGYCDIAJIAjiAcvqyCZWSbMNAtBpAEkkASMAADMBBkAEkARxAOMsZuZYz0N/3tYwBJIAkkAQMwAANBBpAEcATh8GUVLCPbhIFuMYAkkASSgAEYgIEgA0gCOIJwkDF2K2Okv+lvHwNIAkkgCRiAARgIMoAkgCMIhy+rYBnZJgx0iwEkgSSQBAzAAAwEGUASwBGEg4yxWxkj/U1/+xhAEkgCScAADMBAkIGPPvn0lMzisfvqP1KXx97+QW2OpS5twnHUh0/6gr6YJQMzk8TJyYm8f/9e6vLv3bt3cnR0JMfHxzw8bfD69Wt5dXDIoyNtoPqbc4FYoBiYmSTqJAglKnU8h4eHnBgeQShQkES3BIkkEIRJEmYmibpUEPZxvHnzBkkgCaqlg0OdFJggwXO3hYEkLEsgifDJQCVBJYEswudHm9sGSSCJStUTkkASbQ6E/G1hASIJJIEkOjIZPcyFB8xJhINm14SCJJAEkkASuXkYJIEkjAyRBJJAEkgCSQQu2DCBssvPSAJJIAkkgSSQRDAOIAkkEYTDzp6YuGbi2uaB190ZjkISSAJJUElQSVBJBOMAkkASQTjsbJFKgkrC5oHXVBIT/9E/KzbX5iU304XBRxJIAjGEz482tw2VhKUoJBE+CZAEkm', '{\"msg\":\"题目信息更新成功！\",\"status\":200}', 1, '操作成功', 'com.swing.sky.system.api.tiku.TiQuestionController.editSave()', 'A', '127.0.0.1', '-保留-', 'Windows 10', 'Chrome 8', '2020-08-09 14:58:37');
INSERT INTO `sys_log_operate` VALUES (195, 'swing', 'tikuQuestion', 'B', 'POST', 'http://localhost:8085/tiku/question/edit', '{\"reviewPoint\":\"\",\"use\":true,\"orderNum\":5,\"remark\":\"\",\"updateTime\":1596965779814,\"content\":\"求参数\",\"updateBy\":\"swing\",\"fullContent\":\"<p style=\\\"text-align: center; \\\"><img src=\\\"https://swing-durian.oss-cn-beijing.aliyuncs.com/85/34/8534120579244553a09d3f727b7aadc6.png\\\" data-filename=\\\"批注 2020-06-06 185815.png\\\" style=\\\"width: 146.071px; height: 135.8px;\\\"></p><p style=\\\"text-align: center; \\\">求参数</p>\",\"auditStatus\":\"A\",\"id\":107,\"courseId\":106,\"questionType\":\"B\"}', '{\"msg\":\"题目信息更新成功！\",\"status\":200}', 1, '操作成功', 'com.swing.sky.system.api.tiku.TiQuestionController.editSave()', 'A', '127.0.0.1', '-保留-', 'Windows 10', 'Chrome 8', '2020-08-09 17:36:20');
INSERT INTO `sys_log_operate` VALUES (196, 'swing', 'menu', 'A', 'POST', 'http://localhost:8085/system/menu/add', '{\"use\":true,\"icon\":\"fa fa-briefcase\",\"orderNum\":1,\"menuName\":\"课程管理\",\"remark\":\"课程管理\",\"updateTime\":1596966620952,\"parentId\":1127,\"authoritySign\":\"\",\"openWay\":\"menuItem\",\"path\":\"\",\"createBy\":\"swing\",\"createTime\":1596966620952,\"updateBy\":\"swing\",\"menuType\":\"D\"}', 'null', 0, '新增菜单\'课程管理\'失败，菜单名称已存在', 'com.swing.sky.system.api.system.MenuController.addSave()', 'A', '127.0.0.1', '-保留-', 'Windows 10', 'Chrome 8', '2020-08-09 17:50:21');
INSERT INTO `sys_log_operate` VALUES (197, 'swing', 'menu', 'A', 'POST', 'http://localhost:8085/system/menu/add', '{\"use\":true,\"icon\":\"fa fa-briefcase\",\"orderNum\":1,\"menuName\":\"课程操作\",\"remark\":\"课程管理\",\"updateTime\":1596966652288,\"parentId\":1127,\"authoritySign\":\"\",\"openWay\":\"menuItem\",\"path\":\"\",\"createBy\":\"swing\",\"createTime\":1596966652288,\"updateBy\":\"swing\",\"menuType\":\"D\",\"id\":1132}', '{\"msg\":\"新增菜单信息成功！\",\"status\":200}', 1, '操作成功', 'com.swing.sky.system.api.system.MenuController.addSave()', 'A', '127.0.0.1', '-保留-', 'Windows 10', 'Chrome 8', '2020-08-09 17:50:52');
INSERT INTO `sys_log_operate` VALUES (198, 'swing', 'menu', 'B', 'POST', 'http://localhost:8085/system/menu/edit', '{\"use\":true,\"icon\":\"fa fa-bank\",\"orderNum\":3,\"menuName\":\"课程管理\",\"remark\":\"全校课程管理\",\"updateTime\":1596966669402,\"parentId\":1132,\"authoritySign\":\"tiku:course:view\",\"openWay\":\"menuItem\",\"path\":\"/tiku/course\",\"updateBy\":\"swing\",\"menuType\":\"M\",\"id\":1130}', '{\"msg\":\"更新菜单信息成功！\",\"status\":200}', 1, '操作成功', 'com.swing.sky.system.api.system.MenuController.editSave()', 'A', '127.0.0.1', '-保留-', 'Windows 10', 'Chrome 8', '2020-08-09 17:51:10');
INSERT INTO `sys_log_operate` VALUES (199, 'swing', 'menu', 'B', 'POST', 'http://localhost:8085/system/menu/edit', '{\"use\":true,\"icon\":\"fa fa-database\",\"orderNum\":4,\"menuName\":\"课程分配\",\"remark\":\"课程分配\",\"updateTime\":1596966679648,\"parentId\":1131,\"authoritySign\":\"tiku:allocation:view\",\"openWay\":\"menuItem\",\"path\":\"/tiku/allocation\",\"updateBy\":\"swing\",\"menuType\":\"M\",\"id\":1131}', 'null', 0, '修改修改\'课程分配\'失败，上级菜单不能是自己', 'com.swing.sky.system.api.system.MenuController.editSave()', 'A', '127.0.0.1', '-保留-', 'Windows 10', 'Chrome 8', '2020-08-09 17:51:20');
INSERT INTO `sys_log_operate` VALUES (200, 'swing', 'menu', 'B', 'POST', 'http://localhost:8085/system/menu/edit', '{\"use\":true,\"icon\":\"fa fa-database\",\"orderNum\":4,\"menuName\":\"课程分配\",\"remark\":\"课程分配\",\"updateTime\":1596966690610,\"parentId\":1132,\"authoritySign\":\"tiku:allocation:view\",\"openWay\":\"menuItem\",\"path\":\"/tiku/allocation\",\"updateBy\":\"swing\",\"menuType\":\"M\",\"id\":1131}', '{\"msg\":\"更新菜单信息成功！\",\"status\":200}', 1, '操作成功', 'com.swing.sky.system.api.system.MenuController.editSave()', 'A', '127.0.0.1', '-保留-', 'Windows 10', 'Chrome 8', '2020-08-09 17:51:31');
INSERT INTO `sys_log_operate` VALUES (201, 'swing', 'menu', 'A', 'POST', 'http://localhost:8085/system/menu/add', '{\"use\":true,\"icon\":\"fa fa-barcode\",\"orderNum\":1,\"menuName\":\"题库管理\",\"remark\":\"题库管理\",\"updateTime\":1596966723100,\"parentId\":1127,\"authoritySign\":\"\",\"openWay\":\"menuItem\",\"path\":\"\",\"createBy\":\"swing\",\"createTime\":1596966723100,\"updateBy\":\"swing\",\"menuType\":\"D\",\"id\":1133}', '{\"msg\":\"新增菜单信息成功！\",\"status\":200}', 1, '操作成功', 'com.swing.sky.system.api.system.MenuController.addSave()', 'A', '127.0.0.1', '-保留-', 'Windows 10', 'Chrome 8', '2020-08-09 17:52:03');
INSERT INTO `sys_log_operate` VALUES (202, 'swing', 'menu', 'B', 'POST', 'http://localhost:8085/system/menu/edit', '{\"use\":true,\"icon\":\"fa fa-cubes\",\"orderNum\":1,\"menuName\":\"题库列表\",\"remark\":\"题库列表\",\"updateTime\":1596966733394,\"parentId\":1133,\"authoritySign\":\"tiku:question:view\",\"openWay\":\"menuItem\",\"path\":\"/tiku/question\",\"updateBy\":\"swing\",\"menuType\":\"M\",\"id\":1128}', '{\"msg\":\"更新菜单信息成功！\",\"status\":200}', 1, '操作成功', 'com.swing.sky.system.api.system.MenuController.editSave()', 'A', '127.0.0.1', '-保留-', 'Windows 10', 'Chrome 8', '2020-08-09 17:52:14');
INSERT INTO `sys_log_operate` VALUES (203, 'swing', 'menu', 'B', 'POST', 'http://localhost:8085/system/menu/edit', '{\"use\":true,\"icon\":\"fa fa-calendar-check-o\",\"orderNum\":2,\"menuName\":\"题目审核\",\"remark\":\"题目审核\",\"updateTime\":1596966746910,\"parentId\":1133,\"authoritySign\":\"tiku:question:audit:view\",\"openWay\":\"menuItem\",\"path\":\"/tiku/question/audit\",\"updateBy\":\"swing\",\"menuType\":\"M\",\"id\":1129}', '{\"msg\":\"更新菜单信息成功！\",\"status\":200}', 1, '操作成功', 'com.swing.sky.system.api.system.MenuController.editSave()', 'A', '127.0.0.1', '-保留-', 'Windows 10', 'Chrome 8', '2020-08-09 17:52:27');
INSERT INTO `sys_log_operate` VALUES (204, 'swing', 'menu', 'B', 'POST', 'http://localhost:8085/system/menu/edit', '{\"use\":true,\"icon\":\"fa fa-barcode\",\"orderNum\":2,\"menuName\":\"题库管理\",\"remark\":\"题库管理\",\"updateTime\":1596966760722,\"parentId\":1127,\"authoritySign\":\"\",\"openWay\":\"menuItem\",\"path\":\"\",\"updateBy\":\"swing\",\"menuType\":\"D\",\"id\":1133}', '{\"msg\":\"更新菜单信息成功！\",\"status\":200}', 1, '操作成功', 'com.swing.sky.system.api.system.MenuController.editSave()', 'A', '127.0.0.1', '-保留-', 'Windows 10', 'Chrome 8', '2020-08-09 17:52:41');
INSERT INTO `sys_log_operate` VALUES (205, 'swing', 'role', 'D', 'POST', 'http://localhost:8085/system/role/updateMenuLink', '131 1127,1133,1129', '{\"msg\":\"角色菜单关联信息插入成功！\",\"status\":200}', 1, '操作成功', 'com.swing.sky.system.api.system.RoleController.authMenuSave()', 'A', '127.0.0.1', '-保留-', 'Windows 10', 'Chrome 8', '2020-08-09 17:55:36');
INSERT INTO `sys_log_operate` VALUES (206, 'swing', 'menu', 'A', 'POST', 'http://localhost:8085/system/menu/add', '{\"use\":true,\"icon\":\"\",\"orderNum\":1,\"menuName\":\"审核列表\",\"remark\":\"审核列表\",\"updateTime\":1596967142869,\"parentId\":1129,\"authoritySign\":\"tiku:question:audit:list\",\"openWay\":\"menuItem\",\"path\":\"\",\"createBy\":\"swing\",\"createTime\":1596967142869,\"updateBy\":\"swing\",\"menuType\":\"B\",\"id\":1134}', '{\"msg\":\"新增菜单信息成功！\",\"status\":200}', 1, '操作成功', 'com.swing.sky.system.api.system.MenuController.addSave()', 'A', '127.0.0.1', '-保留-', 'Windows 10', 'Chrome 8', '2020-08-09 17:59:03');
INSERT INTO `sys_log_operate` VALUES (207, 'swing', 'role', 'D', 'POST', 'http://localhost:8085/system/role/updateMenuLink', '131 1127,1133,1129,1134', '{\"msg\":\"角色菜单关联信息插入成功！\",\"status\":200}', 1, '操作成功', 'com.swing.sky.system.api.system.RoleController.authMenuSave()', 'A', '127.0.0.1', '-保留-', 'Windows 10', 'Chrome 8', '2020-08-09 17:59:30');
INSERT INTO `sys_log_operate` VALUES (208, 'swing', 'user', 'B', 'POST', 'http://localhost:8085/system/user/edit', '{\"gender\":\"W\",\"nickName\":\"money\",\"use\":true,\"deptId\":103,\"orderNum\":3,\"remark\":\"我是money\",\"updateTime\":1596967188842,\"phone\":\"18845224514\",\"updateBy\":\"swing\",\"id\":103,\"email\":\"1885622435@173.com\",\"username\":\"qian\"}', '{\"msg\":\"用户信息更新成功！\",\"status\":200}', 1, '操作成功', 'com.swing.sky.system.api.system.UserController.editSave()', 'A', '127.0.0.1', '-保留-', 'Windows 10', 'Chrome 8', '2020-08-09 17:59:49');
INSERT INTO `sys_log_operate` VALUES (209, 'swing', 'menu', 'A', 'POST', 'http://localhost:8085/system/menu/add', '{\"use\":true,\"icon\":\"\",\"orderNum\":2,\"menuName\":\"更新题目\",\"remark\":\"更新题目\",\"updateTime\":1596967264163,\"parentId\":1129,\"authoritySign\":\"tiku:question:audit:edit\",\"openWay\":\"menuItem\",\"path\":\"\",\"createBy\":\"swing\",\"createTime\":1596967264163,\"updateBy\":\"swing\",\"menuType\":\"B\",\"id\":1135}', '{\"msg\":\"新增菜单信息成功！\",\"status\":200}', 1, '操作成功', 'com.swing.sky.system.api.system.MenuController.addSave()', 'A', '127.0.0.1', '-保留-', 'Windows 10', 'Chrome 8', '2020-08-09 18:01:04');
INSERT INTO `sys_log_operate` VALUES (210, 'swing', 'menu', 'A', 'POST', 'http://localhost:8085/system/menu/add', '{\"use\":true,\"icon\":\"\",\"orderNum\":3,\"menuName\":\"pass权限\",\"remark\":\"pass权限\",\"updateTime\":1596967542789,\"parentId\":1129,\"authoritySign\":\"tiku:question:audit:pass\",\"openWay\":\"menuItem\",\"path\":\"\",\"createBy\":\"swing\",\"createTime\":1596967542789,\"updateBy\":\"swing\",\"menuType\":\"B\",\"id\":1136}', '{\"msg\":\"新增菜单信息成功！\",\"status\":200}', 1, '操作成功', 'com.swing.sky.system.api.system.MenuController.addSave()', 'A', '127.0.0.1', '-保留-', 'Windows 10', 'Chrome 8', '2020-08-09 18:05:43');
INSERT INTO `sys_log_operate` VALUES (211, 'swing', 'menu', 'A', 'POST', 'http://localhost:8085/system/menu/add', '{\"use\":true,\"icon\":\"\",\"orderNum\":4,\"menuName\":\"unPass权限\",\"remark\":\"unPass权限\",\"updateTime\":1596967575890,\"parentId\":1129,\"authoritySign\":\"tiku:question:audit:unPass\",\"openWay\":\"menuItem\",\"path\":\"\",\"createBy\":\"swing\",\"createTime\":1596967575890,\"updateBy\":\"swing\",\"menuType\":\"B\",\"id\":1137}', '{\"msg\":\"新增菜单信息成功！\",\"status\":200}', 1, '操作成功', 'com.swing.sky.system.api.system.MenuController.addSave()', 'A', '127.0.0.1', '-保留-', 'Windows 10', 'Chrome 8', '2020-08-09 18:06:16');
INSERT INTO `sys_log_operate` VALUES (212, 'swing', 'menu', 'A', 'POST', 'http://localhost:8085/system/menu/add', '{\"use\":true,\"icon\":\"\",\"orderNum\":1,\"menuName\":\"查看列表\",\"remark\":\"查看列表\",\"updateTime\":1596967616980,\"parentId\":1128,\"authoritySign\":\"tiku:question:list\",\"openWay\":\"menuItem\",\"path\":\"\",\"createBy\":\"swing\",\"createTime\":1596967616980,\"updateBy\":\"swing\",\"menuType\":\"B\",\"id\":1138}', '{\"msg\":\"新增菜单信息成功！\",\"status\":200}', 1, '操作成功', 'com.swing.sky.system.api.system.MenuController.addSave()', 'A', '127.0.0.1', '-保留-', 'Windows 10', 'Chrome 8', '2020-08-09 18:06:57');
INSERT INTO `sys_log_operate` VALUES (213, 'swing', 'menu', 'A', 'POST', 'http://localhost:8085/system/menu/add', '{\"use\":true,\"icon\":\"\",\"orderNum\":2,\"menuName\":\"新增题目\",\"remark\":\"新增题目\",\"updateTime\":1596967652925,\"parentId\":1128,\"authoritySign\":\"tiku:question:add\",\"openWay\":\"menuItem\",\"path\":\"\",\"createBy\":\"swing\",\"createTime\":1596967652925,\"updateBy\":\"swing\",\"menuType\":\"B\",\"id\":1139}', '{\"msg\":\"新增菜单信息成功！\",\"status\":200}', 1, '操作成功', 'com.swing.sky.system.api.system.MenuController.addSave()', 'A', '127.0.0.1', '-保留-', 'Windows 10', 'Chrome 8', '2020-08-09 18:07:33');
INSERT INTO `sys_log_operate` VALUES (214, 'swing', 'menu', 'A', 'POST', 'http://localhost:8085/system/menu/add', '{\"use\":true,\"icon\":\"\",\"orderNum\":3,\"menuName\":\"编辑题目\",\"remark\":\"编辑题目\",\"updateTime\":1596967686877,\"parentId\":1128,\"authoritySign\":\"tiku:question:edit\",\"openWay\":\"menuItem\",\"path\":\"\",\"createBy\":\"swing\",\"createTime\":1596967686877,\"updateBy\":\"swing\",\"menuType\":\"B\",\"id\":1140}', '{\"msg\":\"新增菜单信息成功！\",\"status\":200}', 1, '操作成功', 'com.swing.sky.system.api.system.MenuController.addSave()', 'A', '127.0.0.1', '-保留-', 'Windows 10', 'Chrome 8', '2020-08-09 18:08:07');
INSERT INTO `sys_log_operate` VALUES (215, 'swing', 'menu', 'A', 'POST', 'http://localhost:8085/system/menu/add', '{\"use\":true,\"icon\":\"\",\"orderNum\":4,\"menuName\":\"删除题目\",\"remark\":\"删除题目\",\"updateTime\":1596967727735,\"parentId\":1128,\"authoritySign\":\"tiku:question:remove\",\"openWay\":\"menuItem\",\"path\":\"\",\"createBy\":\"swing\",\"createTime\":1596967727735,\"updateBy\":\"swing\",\"menuType\":\"B\",\"id\":1141}', '{\"msg\":\"新增菜单信息成功！\",\"status\":200}', 1, '操作成功', 'com.swing.sky.system.api.system.MenuController.addSave()', 'A', '127.0.0.1', '-保留-', 'Windows 10', 'Chrome 8', '2020-08-09 18:08:48');
INSERT INTO `sys_log_operate` VALUES (216, 'swing', 'menu', 'A', 'POST', 'http://localhost:8085/system/menu/add', '{\"use\":true,\"icon\":\"\",\"orderNum\":5,\"menuName\":\"复审题目\",\"remark\":\"复审题目\",\"updateTime\":1596967894019,\"parentId\":1128,\"authoritySign\":\"tiku:question:reAudit\",\"openWay\":\"menuItem\",\"path\":\"\",\"createBy\":\"swing\",\"createTime\":1596967894019,\"updateBy\":\"swing\",\"menuType\":\"B\",\"id\":1142}', '{\"msg\":\"新增菜单信息成功！\",\"status\":200}', 1, '操作成功', 'com.swing.sky.system.api.system.MenuController.addSave()', 'A', '127.0.0.1', '-保留-', 'Windows 10', 'Chrome 8', '2020-08-09 18:11:34');
INSERT INTO `sys_log_operate` VALUES (217, 'swing', 'menu', 'A', 'POST', 'http://localhost:8085/system/menu/add', '{\"use\":true,\"icon\":\"\",\"orderNum\":1,\"menuName\":\"课程列表\",\"remark\":\"课程列表\",\"updateTime\":1596967991747,\"parentId\":1130,\"authoritySign\":\"tiku:course:list\",\"openWay\":\"menuItem\",\"path\":\"\",\"createBy\":\"swing\",\"createTime\":1596967991747,\"updateBy\":\"swing\",\"menuType\":\"B\",\"id\":1143}', '{\"msg\":\"新增菜单信息成功！\",\"status\":200}', 1, '操作成功', 'com.swing.sky.system.api.system.MenuController.addSave()', 'A', '127.0.0.1', '-保留-', 'Windows 10', 'Chrome 8', '2020-08-09 18:13:12');
INSERT INTO `sys_log_operate` VALUES (218, 'swing', 'menu', 'A', 'POST', 'http://localhost:8085/system/menu/add', '{\"use\":true,\"icon\":\"\",\"orderNum\":2,\"menuName\":\"添加课程\",\"remark\":\"\",\"updateTime\":1596968017093,\"parentId\":1130,\"authoritySign\":\"tiku:course:add\",\"openWay\":\"menuItem\",\"path\":\"\",\"createBy\":\"swing\",\"createTime\":1596968017093,\"updateBy\":\"swing\",\"menuType\":\"B\",\"id\":1144}', '{\"msg\":\"新增菜单信息成功！\",\"status\":200}', 1, '操作成功', 'com.swing.sky.system.api.system.MenuController.addSave()', 'A', '127.0.0.1', '-保留-', 'Windows 10', 'Chrome 8', '2020-08-09 18:13:37');
INSERT INTO `sys_log_operate` VALUES (219, 'swing', 'menu', 'A', 'POST', 'http://localhost:8085/system/menu/add', '{\"use\":true,\"icon\":\"\",\"orderNum\":3,\"menuName\":\"编辑课程\",\"remark\":\"\",\"updateTime\":1596968041362,\"parentId\":1130,\"authoritySign\":\"tiku:course:edit\",\"openWay\":\"menuItem\",\"path\":\"\",\"createBy\":\"swing\",\"createTime\":1596968041362,\"updateBy\":\"swing\",\"menuType\":\"B\",\"id\":1145}', '{\"msg\":\"新增菜单信息成功！\",\"status\":200}', 1, '操作成功', 'com.swing.sky.system.api.system.MenuController.addSave()', 'A', '127.0.0.1', '-保留-', 'Windows 10', 'Chrome 8', '2020-08-09 18:14:01');
INSERT INTO `sys_log_operate` VALUES (220, 'swing', 'menu', 'A', 'POST', 'http://localhost:8085/system/menu/add', '{\"use\":true,\"icon\":\"\",\"orderNum\":4,\"menuName\":\"删除课程\",\"remark\":\"删除课程\",\"updateTime\":1596968076583,\"parentId\":1130,\"authoritySign\":\"tiku:course:remove\",\"openWay\":\"menuItem\",\"path\":\"\",\"createBy\":\"swing\",\"createTime\":1596968076583,\"updateBy\":\"swing\",\"menuType\":\"B\",\"id\":1146}', '{\"msg\":\"新增菜单信息成功！\",\"status\":200}', 1, '操作成功', 'com.swing.sky.system.api.system.MenuController.addSave()', 'A', '127.0.0.1', '-保留-', 'Windows 10', 'Chrome 8', '2020-08-09 18:14:37');
INSERT INTO `sys_log_operate` VALUES (221, 'swing', 'menu', 'A', 'POST', 'http://localhost:8085/system/menu/add', '{\"use\":true,\"icon\":\"\",\"orderNum\":1,\"menuName\":\"分配列表\",\"remark\":\"分配列表\",\"updateTime\":1596968153455,\"parentId\":1131,\"authoritySign\":\"tiku:allocation:list\",\"openWay\":\"menuItem\",\"path\":\"\",\"createBy\":\"swing\",\"createTime\":1596968153455,\"updateBy\":\"swing\",\"menuType\":\"B\",\"id\":1147}', '{\"msg\":\"新增菜单信息成功！\",\"status\":200}', 1, '操作成功', 'com.swing.sky.system.api.system.MenuController.addSave()', 'A', '127.0.0.1', '-保留-', 'Windows 10', 'Chrome 8', '2020-08-09 18:15:54');
INSERT INTO `sys_log_operate` VALUES (222, 'swing', 'menu', 'A', 'POST', 'http://localhost:8085/system/menu/add', '{\"use\":true,\"icon\":\"\",\"orderNum\":2,\"menuName\":\"添加关联\",\"remark\":\"添加关联\",\"updateTime\":1596968229376,\"parentId\":1131,\"authoritySign\":\"tiku:course:updateDeptCourseLink\",\"openWay\":\"menuItem\",\"path\":\"\",\"createBy\":\"swing\",\"createTime\":1596968229376,\"updateBy\":\"swing\",\"menuType\":\"B\",\"id\":1148}', '{\"msg\":\"新增菜单信息成功！\",\"status\":200}', 1, '操作成功', 'com.swing.sky.system.api.system.MenuController.addSave()', 'A', '127.0.0.1', '-保留-', 'Windows 10', 'Chrome 8', '2020-08-09 18:17:09');
INSERT INTO `sys_log_operate` VALUES (223, 'swing', 'menu', 'A', 'POST', 'http://localhost:8085/system/menu/add', '{\"use\":true,\"icon\":\"\",\"orderNum\":3,\"menuName\":\"删除关联\",\"remark\":\"删除关联\",\"updateTime\":1596968257028,\"parentId\":1131,\"authoritySign\":\"tiku:course:removeDeptCourseLink\",\"openWay\":\"menuItem\",\"path\":\"\",\"createBy\":\"swing\",\"createTime\":1596968257028,\"updateBy\":\"swing\",\"menuType\":\"B\",\"id\":1149}', '{\"msg\":\"新增菜单信息成功！\",\"status\":200}', 1, '操作成功', 'com.swing.sky.system.api.system.MenuController.addSave()', 'A', '127.0.0.1', '-保留-', 'Windows 10', 'Chrome 8', '2020-08-09 18:17:37');
INSERT INTO `sys_log_operate` VALUES (224, 'swing', 'role', 'D', 'POST', 'http://localhost:8085/system/role/updateMenuLink', '131 1127,1133,1129,1134,1135', '{\"msg\":\"角色菜单关联信息插入成功！\",\"status\":200}', 1, '操作成功', 'com.swing.sky.system.api.system.RoleController.authMenuSave()', 'A', '127.0.0.1', '-保留-', 'Windows 10', 'Chrome 8', '2020-08-09 18:18:40');
INSERT INTO `sys_log_operate` VALUES (225, 'swing', 'role', 'D', 'POST', 'http://localhost:8085/system/role/updateMenuLink', '131 1127,1133,1129,1134,1135,1136', '{\"msg\":\"角色菜单关联信息插入成功！\",\"status\":200}', 1, '操作成功', 'com.swing.sky.system.api.system.RoleController.authMenuSave()', 'A', '127.0.0.1', '-保留-', 'Windows 10', 'Chrome 8', '2020-08-09 18:29:13');

-- ----------------------------
-- Table structure for sys_menu
-- ----------------------------
DROP TABLE IF EXISTS `sys_menu`;
CREATE TABLE `sys_menu`  (
  `id` bigint(20) NOT NULL AUTO_INCREMENT COMMENT '菜单ID',
  `parent_id` bigint(20) NULL DEFAULT 0 COMMENT '父菜单ID',
  `menu_name` varchar(50) CHARACTER SET utf8mb4 COLLATE utf8mb4_general_ci NOT NULL COMMENT '菜单名称',
  `menu_type` char(1) CHARACTER SET utf8mb4 COLLATE utf8mb4_general_ci NULL DEFAULT '' COMMENT '菜单类型（M目录 C菜单 F按钮）',
  `authority_sign` varchar(100) CHARACTER SET utf8mb4 COLLATE utf8mb4_general_ci NULL DEFAULT NULL COMMENT '权限标识',
  `path` varchar(200) CHARACTER SET utf8mb4 COLLATE utf8mb4_general_ci NULL DEFAULT '#' COMMENT '请求地址',
  `component` varchar(255) CHARACTER SET utf8mb4 COLLATE utf8mb4_general_ci NULL DEFAULT NULL COMMENT '组件地址（为兼容vue)',
  `open_way` varchar(20) CHARACTER SET utf8mb4 COLLATE utf8mb4_general_ci NULL DEFAULT '' COMMENT '打开方式（A：内部标签页 B：浏览器标签页 C：新浏览器窗口）',
  `is_external_link` tinyint(1) NULL DEFAULT NULL COMMENT '是否为外链接',
  `icon` varchar(100) CHARACTER SET utf8mb4 COLLATE utf8mb4_general_ci NULL DEFAULT '#' COMMENT '菜单图标',
  `is_use` tinyint(1) NULL DEFAULT 0 COMMENT '是否使用（1 使用，0 停用）',
  `order_num` int(4) NULL DEFAULT 0 COMMENT '显示顺序',
  `create_by` varchar(64) CHARACTER SET utf8mb4 COLLATE utf8mb4_general_ci NULL DEFAULT '' COMMENT '创建者',
  `create_time` datetime(0) NULL DEFAULT NULL COMMENT '创建时间',
  `update_by` varchar(64) CHARACTER SET utf8mb4 COLLATE utf8mb4_general_ci NULL DEFAULT '' COMMENT '更新者',
  `update_time` datetime(0) NULL DEFAULT NULL COMMENT '更新时间',
  `remark` varchar(500) CHARACTER SET utf8mb4 COLLATE utf8mb4_general_ci NULL DEFAULT '' COMMENT '备注',
  PRIMARY KEY (`id`) USING BTREE,
  UNIQUE INDEX `uk_parent_id_menu_name`(`parent_id`, `menu_name`) USING BTREE
) ENGINE = InnoDB AUTO_INCREMENT = 1150 CHARACTER SET = utf8mb4 COLLATE = utf8mb4_general_ci COMMENT = '菜单权限表' ROW_FORMAT = DYNAMIC;

-- ----------------------------
-- Records of sys_menu
-- ----------------------------
INSERT INTO `sys_menu` VALUES (1, 0, '系统管理', 'D', '', '#', NULL, 'menuItem', NULL, 'fa fa-gear', 1, 1, 'admin', '2018-03-16 11:33:00', 'swing', '2020-07-11 11:05:25', '系统管理目录');
INSERT INTO `sys_menu` VALUES (2, 0, '系统监控', 'D', '', '#', NULL, 'menuItem', NULL, 'fa fa-video-camera', 1, 5, 'admin', '2018-03-16 11:33:00', 'swing', '2020-08-08 19:46:06', '系统监控目录');
INSERT INTO `sys_menu` VALUES (3, 0, '系统工具', 'D', '', '#', NULL, 'menuItem', NULL, 'fa fa-bars', 0, 3, 'admin', '2018-03-16 11:33:00', 'swing', '2020-07-18 14:12:05', '系统工具目录');
INSERT INTO `sys_menu` VALUES (100, 1, '用户管理', 'M', 'system:user:view', '/system/user', NULL, 'menuItem', NULL, 'fa fa-address-card', 1, 1, 'admin', '2018-03-16 11:33:00', 'swing', '2020-07-11 11:05:34', '用户管理菜单');
INSERT INTO `sys_menu` VALUES (101, 1, '角色管理', 'M', 'system:role:view', '/system/role', NULL, 'menuItem', NULL, 'fa fa-users', 1, 2, 'admin', '2018-03-16 11:33:00', 'swing', '2020-07-11 16:44:31', '角色管理菜单');
INSERT INTO `sys_menu` VALUES (102, 1, '菜单管理', 'M', 'system:menu:view', '/system/menu', NULL, 'menuItem', NULL, 'fa fa-location-arrow', 1, 3, 'admin', '2018-03-16 11:33:00', 'swing', '2020-07-11 16:45:30', '菜单管理菜单');
INSERT INTO `sys_menu` VALUES (103, 1, '专业管理', 'M', 'system:dept:view', '/system/dept', NULL, 'menuItem', NULL, 'fa fa-building-o', 1, 4, 'admin', '2018-03-16 11:33:00', 'swing', '2020-08-05 12:03:58', '部门管理菜单');
INSERT INTO `sys_menu` VALUES (104, 1, '岗位管理', 'M', 'system:post:view', '/system/post', NULL, 'menuItem', NULL, 'fa fa-universal-access', 1, 5, 'admin', '2018-03-16 11:33:00', 'swing', '2020-07-14 20:33:24', '岗位管理菜单');
INSERT INTO `sys_menu` VALUES (105, 1126, '字典管理', 'M', 'system:dict:view', '/system/dict/type', NULL, 'menuItem', NULL, '#', 1, 6, 'admin', '2018-03-16 11:33:00', 'swing', '2020-07-11 15:28:49', '字典管理菜单');
INSERT INTO `sys_menu` VALUES (106, 1126, '参数设置', 'M', 'system:config:view', '/system/config', NULL, 'menuItem', NULL, '#', 1, 7, 'admin', '2018-03-16 11:33:00', 'swing', '2020-07-11 16:43:00', '参数设置菜单');
INSERT INTO `sys_menu` VALUES (107, 0, '通知公告', 'M', 'system:notice:view', '/system/notice', NULL, 'menuItem', NULL, '#', 1, 8, 'admin', '2018-03-16 11:33:00', 'swing', '2020-08-07 18:36:02', '通知公告菜单');
INSERT INTO `sys_menu` VALUES (108, 0, '日志管理', 'D', '', '#', NULL, 'menuItem', NULL, '#', 1, 9, 'admin', '2018-03-16 11:33:00', 'swing', '2020-08-04 17:19:32', '日志管理');
INSERT INTO `sys_menu` VALUES (109, 2, '在线用户', 'M', 'monitor:online:view', '/monitor/online', NULL, 'menuItem', NULL, '#', 1, 5, 'admin', '2018-03-16 11:33:00', 'swing', '2020-07-16 17:56:30', '在线用户菜单');
INSERT INTO `sys_menu` VALUES (110, 3, '定时任务', 'M', 'monitor:job:view', '/monitor/job', NULL, 'menuItem', NULL, '#', 0, 2, 'admin', '2018-03-16 11:33:00', 'swing', '2020-07-16 17:52:09', '定时任务菜单');
INSERT INTO `sys_menu` VALUES (111, 2, '数据库监控', 'M', 'monitor:database:view', '/monitor/database', NULL, 'menuItem', NULL, '#', 1, 2, 'admin', '2018-03-16 11:33:00', 'swing', '2020-07-16 18:34:57', '数据监控菜单');
INSERT INTO `sys_menu` VALUES (112, 2, '服务监控', 'M', 'monitor:server:view', '/monitor/server', NULL, '', NULL, '#', 1, 3, 'admin', '2018-03-16 11:33:00', 'ry', '2018-03-16 11:33:00', '服务监控菜单');
INSERT INTO `sys_menu` VALUES (113, 3, '表单构建', 'M', 'tool:build:view', '/tool/build', NULL, 'menuItem', NULL, '#', 0, 1, 'admin', '2018-03-16 11:33:00', 'swing', '2020-07-18 14:11:41', '表单构建菜单');
INSERT INTO `sys_menu` VALUES (114, 3, '代码生成', 'M', 'tool:gen:view', '/tool/gen', NULL, 'menuItem', NULL, '#', 0, 2, 'admin', '2018-03-16 11:33:00', 'swing', '2020-07-08 17:58:13', '代码生成菜单');
INSERT INTO `sys_menu` VALUES (115, 2, '系统接口', 'M', 'monitor:swagger:view', '/monitor/swagger', NULL, 'menuItem', NULL, '#', 1, 1, 'admin', '2018-03-16 11:33:00', 'swing', '2020-07-16 18:09:02', '系统接口菜单');
INSERT INTO `sys_menu` VALUES (500, 108, '操作日志', 'M', 'system:log:operate:view', '/system/log/operate', NULL, 'menuItem', NULL, '#', 1, 2, 'admin', '2018-03-16 11:33:00', 'swing', '2020-07-16 12:19:12', '操作日志菜单');
INSERT INTO `sys_menu` VALUES (501, 108, '登录日志', 'M', 'system:log:login:view', '/system/log/login', NULL, 'menuItem', NULL, '#', 1, 1, 'admin', '2018-03-16 11:33:00', 'swing', '2020-07-16 12:19:43', '登录日志菜单');
INSERT INTO `sys_menu` VALUES (1000, 100, '用户查询', 'B', 'system:user:list', '#', NULL, 'menuItem', NULL, '#', 1, 1, 'admin', '2018-03-16 11:33:00', 'swing', '2020-07-11 11:05:42', '');
INSERT INTO `sys_menu` VALUES (1001, 100, '用户新增', 'B', 'system:user:add', '#', NULL, '', NULL, '#', 1, 2, 'admin', '2018-03-16 11:33:00', 'ry', '2018-03-16 11:33:00', '');
INSERT INTO `sys_menu` VALUES (1002, 100, '用户修改', 'B', 'system:user:edit', '#', NULL, '', NULL, '#', 1, 3, 'admin', '2018-03-16 11:33:00', 'ry', '2018-03-16 11:33:00', '');
INSERT INTO `sys_menu` VALUES (1003, 100, '用户删除', 'B', 'system:user:remove', '#', NULL, '', NULL, '#', 1, 4, 'admin', '2018-03-16 11:33:00', 'ry', '2018-03-16 11:33:00', '');
INSERT INTO `sys_menu` VALUES (1004, 100, '用户导出', 'B', 'system:user:export', '#', NULL, '', NULL, '#', 1, 5, 'admin', '2018-03-16 11:33:00', 'ry', '2018-03-16 11:33:00', '');
INSERT INTO `sys_menu` VALUES (1005, 100, '用户导入', 'B', 'system:user:import', '#', NULL, '', NULL, '#', 1, 6, 'admin', '2018-03-16 11:33:00', 'ry', '2018-03-16 11:33:00', '');
INSERT INTO `sys_menu` VALUES (1006, 100, '重置密码', 'B', 'system:user:resetPassword', '#', NULL, 'menuItem', NULL, '#', 1, 7, 'admin', '2018-03-16 11:33:00', 'swing', '2020-07-16 10:51:04', '');
INSERT INTO `sys_menu` VALUES (1007, 101, '角色查询', 'B', 'system:role:list', '#', NULL, '', NULL, '#', 1, 1, 'admin', '2018-03-16 11:33:00', 'ry', '2018-03-16 11:33:00', '');
INSERT INTO `sys_menu` VALUES (1008, 101, '角色新增', 'B', 'system:role:add', '#', NULL, '', NULL, '#', 1, 2, 'admin', '2018-03-16 11:33:00', 'ry', '2018-03-16 11:33:00', '');
INSERT INTO `sys_menu` VALUES (1009, 101, '角色修改', 'B', 'system:role:edit', '#', NULL, '', NULL, '#', 1, 3, 'admin', '2018-03-16 11:33:00', 'ry', '2018-03-16 11:33:00', '');
INSERT INTO `sys_menu` VALUES (1010, 101, '角色删除', 'B', 'system:role:remove', '#', NULL, '', NULL, '#', 1, 4, 'admin', '2018-03-16 11:33:00', 'ry', '2018-03-16 11:33:00', '');
INSERT INTO `sys_menu` VALUES (1011, 101, '角色导出', 'B', 'system:role:export', '#', NULL, '', NULL, '#', 1, 5, 'admin', '2018-03-16 11:33:00', 'ry', '2018-03-16 11:33:00', '');
INSERT INTO `sys_menu` VALUES (1012, 102, '菜单查询', 'B', 'system:menu:list', '#', NULL, '', NULL, '#', 1, 1, 'admin', '2018-03-16 11:33:00', 'ry', '2018-03-16 11:33:00', '');
INSERT INTO `sys_menu` VALUES (1013, 102, '菜单新增', 'B', 'system:menu:add', '#', NULL, '', NULL, '#', 1, 2, 'admin', '2018-03-16 11:33:00', 'ry', '2018-03-16 11:33:00', '');
INSERT INTO `sys_menu` VALUES (1014, 102, '菜单修改', 'B', 'system:menu:edit', '#', NULL, '', NULL, '#', 1, 3, 'admin', '2018-03-16 11:33:00', 'ry', '2018-03-16 11:33:00', '');
INSERT INTO `sys_menu` VALUES (1015, 102, '菜单删除', 'B', 'system:menu:remove', '#', NULL, '', NULL, '#', 1, 4, 'admin', '2018-03-16 11:33:00', 'ry', '2018-03-16 11:33:00', '');
INSERT INTO `sys_menu` VALUES (1016, 103, '部门查询', 'B', 'system:dept:list', '#', NULL, '', NULL, '#', 1, 1, 'admin', '2018-03-16 11:33:00', 'ry', '2018-03-16 11:33:00', '');
INSERT INTO `sys_menu` VALUES (1017, 103, '部门新增', 'B', 'system:dept:add', '#', NULL, '', NULL, '#', 1, 2, 'admin', '2018-03-16 11:33:00', 'ry', '2018-03-16 11:33:00', '');
INSERT INTO `sys_menu` VALUES (1018, 103, '部门修改', 'B', 'system:dept:edit', '#', NULL, '', NULL, '#', 1, 3, 'admin', '2018-03-16 11:33:00', 'ry', '2018-03-16 11:33:00', '');
INSERT INTO `sys_menu` VALUES (1019, 103, '部门删除', 'B', 'system:dept:remove', '#', NULL, '', NULL, '#', 1, 4, 'admin', '2018-03-16 11:33:00', 'ry', '2018-03-16 11:33:00', '');
INSERT INTO `sys_menu` VALUES (1020, 104, '岗位查询', 'B', 'system:post:list', '#', NULL, '', NULL, '#', 1, 1, 'admin', '2018-03-16 11:33:00', 'ry', '2018-03-16 11:33:00', '');
INSERT INTO `sys_menu` VALUES (1021, 104, '岗位新增', 'B', 'system:post:add', '#', NULL, '', NULL, '#', 1, 2, 'admin', '2018-03-16 11:33:00', 'ry', '2018-03-16 11:33:00', '');
INSERT INTO `sys_menu` VALUES (1022, 104, '岗位修改', 'B', 'system:post:edit', '#', NULL, '', NULL, '#', 1, 3, 'admin', '2018-03-16 11:33:00', 'ry', '2018-03-16 11:33:00', '');
INSERT INTO `sys_menu` VALUES (1023, 104, '岗位删除', 'B', 'system:post:remove', '#', NULL, '', NULL, '#', 1, 4, 'admin', '2018-03-16 11:33:00', 'ry', '2018-03-16 11:33:00', '');
INSERT INTO `sys_menu` VALUES (1024, 104, '岗位导出', 'B', 'system:post:export', '#', NULL, '', NULL, '#', 1, 5, 'admin', '2018-03-16 11:33:00', 'ry', '2018-03-16 11:33:00', '');
INSERT INTO `sys_menu` VALUES (1025, 105, '字典查询', 'B', 'system:dict:list', '#', NULL, '', NULL, '#', 1, 1, 'admin', '2018-03-16 11:33:00', 'ry', '2018-03-16 11:33:00', '');
INSERT INTO `sys_menu` VALUES (1026, 105, '字典新增', 'B', 'system:dict:add', '#', NULL, '', NULL, '#', 1, 2, 'admin', '2018-03-16 11:33:00', 'ry', '2018-03-16 11:33:00', '');
INSERT INTO `sys_menu` VALUES (1027, 105, '字典修改', 'B', 'system:dict:edit', '#', NULL, '', NULL, '#', 1, 3, 'admin', '2018-03-16 11:33:00', 'ry', '2018-03-16 11:33:00', '');
INSERT INTO `sys_menu` VALUES (1028, 105, '字典删除', 'B', 'system:dict:remove', '#', NULL, '', NULL, '#', 1, 4, 'admin', '2018-03-16 11:33:00', 'ry', '2018-03-16 11:33:00', '');
INSERT INTO `sys_menu` VALUES (1029, 105, '字典导出', 'B', 'system:dict:export', '#', NULL, '', NULL, '#', 1, 5, 'admin', '2018-03-16 11:33:00', 'ry', '2018-03-16 11:33:00', '');
INSERT INTO `sys_menu` VALUES (1030, 106, '参数查询', 'B', 'system:config:list', '#', NULL, '', NULL, '#', 1, 1, 'admin', '2018-03-16 11:33:00', 'ry', '2018-03-16 11:33:00', '');
INSERT INTO `sys_menu` VALUES (1031, 106, '参数新增', 'B', 'system:config:add', '#', NULL, '', NULL, '#', 1, 2, 'admin', '2018-03-16 11:33:00', 'ry', '2018-03-16 11:33:00', '');
INSERT INTO `sys_menu` VALUES (1032, 106, '参数修改', 'B', 'system:config:edit', '#', NULL, '', NULL, '#', 1, 3, 'admin', '2018-03-16 11:33:00', 'ry', '2018-03-16 11:33:00', '');
INSERT INTO `sys_menu` VALUES (1033, 106, '参数删除', 'B', 'system:config:remove', '#', NULL, '', NULL, '#', 1, 4, 'admin', '2018-03-16 11:33:00', 'ry', '2018-03-16 11:33:00', '');
INSERT INTO `sys_menu` VALUES (1034, 106, '参数导出', 'B', 'system:config:export', '#', NULL, '', NULL, '#', 1, 5, 'admin', '2018-03-16 11:33:00', 'ry', '2018-03-16 11:33:00', '');
INSERT INTO `sys_menu` VALUES (1035, 107, '公告查询', 'B', 'system:notice:list', '#', NULL, '', NULL, '#', 1, 1, 'admin', '2018-03-16 11:33:00', 'ry', '2018-03-16 11:33:00', '');
INSERT INTO `sys_menu` VALUES (1036, 107, '公告新增', 'B', 'system:notice:add', '#', NULL, '', NULL, '#', 1, 2, 'admin', '2018-03-16 11:33:00', 'ry', '2018-03-16 11:33:00', '');
INSERT INTO `sys_menu` VALUES (1037, 107, '公告修改', 'B', 'system:notice:edit', '#', NULL, '', NULL, '#', 1, 3, 'admin', '2018-03-16 11:33:00', 'ry', '2018-03-16 11:33:00', '');
INSERT INTO `sys_menu` VALUES (1038, 107, '公告删除', 'B', 'system:notice:remove', '#', NULL, '', NULL, '#', 1, 4, 'admin', '2018-03-16 11:33:00', 'ry', '2018-03-16 11:33:00', '');
INSERT INTO `sys_menu` VALUES (1039, 500, '操作查询', 'B', 'system:log:operate:list', '#', NULL, 'menuItem', NULL, '#', 1, 1, 'admin', '2018-03-16 11:33:00', 'swing', '2020-07-16 12:16:43', '');
INSERT INTO `sys_menu` VALUES (1040, 500, '操作删除', 'B', 'system:log:operate:remove', '#', NULL, '', NULL, '#', 1, 2, 'admin', '2018-03-16 11:33:00', 'ry', '2018-03-16 11:33:00', '');
INSERT INTO `sys_menu` VALUES (1041, 500, '详细信息', 'B', 'system:log:operate:detail', '#', NULL, '', NULL, '#', 1, 3, 'admin', '2018-03-16 11:33:00', 'ry', '2018-03-16 11:33:00', '');
INSERT INTO `sys_menu` VALUES (1042, 500, '日志导出', 'B', 'system:log:operate:export', '#', NULL, '', NULL, '#', 1, 4, 'admin', '2018-03-16 11:33:00', 'ry', '2018-03-16 11:33:00', '');
INSERT INTO `sys_menu` VALUES (1043, 501, '登录查询', 'B', 'system:log:login:list', '#', NULL, '', NULL, '#', 1, 1, 'admin', '2018-03-16 11:33:00', 'ry', '2018-03-16 11:33:00', '');
INSERT INTO `sys_menu` VALUES (1044, 501, '登录删除', 'B', 'system:log:login:remove', '#', NULL, '', NULL, '#', 1, 2, 'admin', '2018-03-16 11:33:00', 'ry', '2018-03-16 11:33:00', '');
INSERT INTO `sys_menu` VALUES (1045, 501, '日志导出', 'B', 'system:log:login:export', '#', NULL, '', NULL, '#', 1, 3, 'admin', '2018-03-16 11:33:00', 'ry', '2018-03-16 11:33:00', '');
INSERT INTO `sys_menu` VALUES (1046, 501, '账户解锁', 'B', 'system:log:login:unlock', '#', NULL, '', NULL, '#', 1, 4, 'admin', '2018-03-16 11:33:00', 'ry', '2018-03-16 11:33:00', '');
INSERT INTO `sys_menu` VALUES (1047, 109, '在线查询', 'B', 'monitor:online:list', '#', NULL, '', NULL, '#', 1, 1, 'admin', '2018-03-16 11:33:00', 'ry', '2018-03-16 11:33:00', '');
INSERT INTO `sys_menu` VALUES (1048, 109, '批量强退', 'B', 'monitor:online:batchForceLogout', '#', NULL, '', NULL, '#', 1, 2, 'admin', '2018-03-16 11:33:00', 'ry', '2018-03-16 11:33:00', '');
INSERT INTO `sys_menu` VALUES (1049, 109, '单条强退', 'B', 'monitor:online:forceLogout', '#', NULL, '', NULL, '#', 1, 3, 'admin', '2018-03-16 11:33:00', 'ry', '2018-03-16 11:33:00', '');
INSERT INTO `sys_menu` VALUES (1050, 110, '任务查询', 'B', 'monitor:job:list', '#', NULL, '', NULL, '#', 0, 1, 'admin', '2018-03-16 11:33:00', 'swing', '2018-03-16 11:33:00', '');
INSERT INTO `sys_menu` VALUES (1051, 110, '任务新增', 'B', 'monitor:job:add', '#', NULL, '', NULL, '#', 0, 2, 'admin', '2018-03-16 11:33:00', 'swing', '2018-03-16 11:33:00', '');
INSERT INTO `sys_menu` VALUES (1052, 110, '任务修改', 'B', 'monitor:job:edit', '#', NULL, '', NULL, '#', 0, 3, 'admin', '2018-03-16 11:33:00', 'swing', '2018-03-16 11:33:00', '');
INSERT INTO `sys_menu` VALUES (1053, 110, '任务删除', 'B', 'monitor:job:remove', '#', NULL, '', NULL, '#', 0, 4, 'admin', '2018-03-16 11:33:00', 'swing', '2018-03-16 11:33:00', '');
INSERT INTO `sys_menu` VALUES (1054, 110, '状态修改', 'B', 'monitor:job:changeStatus', '#', NULL, '', NULL, '#', 0, 5, 'admin', '2018-03-16 11:33:00', 'swing', '2018-03-16 11:33:00', '');
INSERT INTO `sys_menu` VALUES (1055, 110, '任务详细', 'B', 'monitor:job:detail', '#', NULL, '', NULL, '#', 0, 6, 'admin', '2018-03-16 11:33:00', 'swing', '2018-03-16 11:33:00', '');
INSERT INTO `sys_menu` VALUES (1056, 110, '任务导出', 'B', 'monitor:job:export', '#', NULL, '', NULL, '#', 0, 7, 'admin', '2018-03-16 11:33:00', 'swing', '2018-03-16 11:33:00', '');
INSERT INTO `sys_menu` VALUES (1057, 114, '生成查询', 'B', 'tool:gen:list', '#', NULL, '', NULL, '#', 0, 1, 'admin', '2018-03-16 11:33:00', 'swing', '2018-03-16 11:33:00', '');
INSERT INTO `sys_menu` VALUES (1058, 114, '生成修改', 'B', 'tool:gen:edit', '#', NULL, '', NULL, '#', 0, 2, 'admin', '2018-03-16 11:33:00', 'swing', '2018-03-16 11:33:00', '');
INSERT INTO `sys_menu` VALUES (1059, 114, '生成删除', 'B', 'tool:gen:remove', '#', NULL, '', NULL, '#', 0, 3, 'admin', '2018-03-16 11:33:00', 'swing', '2018-03-16 11:33:00', '');
INSERT INTO `sys_menu` VALUES (1060, 114, '预览代码', 'B', 'tool:gen:preview', '#', NULL, '', NULL, '#', 0, 4, 'admin', '2018-03-16 11:33:00', 'swing', '2018-03-16 11:33:00', '');
INSERT INTO `sys_menu` VALUES (1061, 114, '生成代码', 'B', 'tool:gen:code', '#', NULL, '', NULL, '#', 0, 5, 'admin', '2018-03-16 11:33:00', 'swing', '2018-03-16 11:33:00', '');
INSERT INTO `sys_menu` VALUES (1126, 1, '基本设置', 'D', '', '#', NULL, 'menuItem', NULL, 'fa fa-gear', 1, 6, 'swing', '2020-07-11 14:59:30', 'swing', '2020-07-11 16:53:42', '');
INSERT INTO `sys_menu` VALUES (1127, 0, '榴莲题库', 'D', '', '', NULL, 'menuItem', NULL, 'fa fa-certificate', 1, 4, 'swing', '2020-08-08 13:13:24', 'swing', '2020-08-08 13:13:24', '榴莲题库');
INSERT INTO `sys_menu` VALUES (1128, 1133, '题库列表', 'M', 'tiku:question:view', '/tiku/question', NULL, 'menuItem', NULL, 'fa fa-cubes', 1, 1, 'swing', '2020-08-08 13:14:53', 'swing', '2020-08-09 17:52:13', '题库列表');
INSERT INTO `sys_menu` VALUES (1129, 1133, '题目审核', 'M', 'tiku:question:audit:view', '/tiku/question/audit', NULL, 'menuItem', NULL, 'fa fa-calendar-check-o', 1, 2, 'swing', '2020-08-08 14:51:22', 'swing', '2020-08-09 17:52:27', '题目审核');
INSERT INTO `sys_menu` VALUES (1130, 1132, '课程管理', 'M', 'tiku:course:view', '/tiku/course', NULL, 'menuItem', NULL, 'fa fa-bank', 1, 3, 'swing', '2020-08-08 16:05:40', 'swing', '2020-08-09 17:51:09', '全校课程管理');
INSERT INTO `sys_menu` VALUES (1131, 1132, '课程分配', 'M', 'tiku:allocation:view', '/tiku/allocation', NULL, 'menuItem', NULL, 'fa fa-database', 1, 4, 'swing', '2020-08-08 20:54:15', 'swing', '2020-08-09 17:51:31', '课程分配');
INSERT INTO `sys_menu` VALUES (1132, 1127, '课程操作', 'D', '', '', NULL, 'menuItem', NULL, 'fa fa-briefcase', 1, 1, 'swing', '2020-08-09 17:50:52', 'swing', '2020-08-09 17:50:52', '课程管理');
INSERT INTO `sys_menu` VALUES (1133, 1127, '题库管理', 'D', '', '', NULL, 'menuItem', NULL, 'fa fa-barcode', 1, 2, 'swing', '2020-08-09 17:52:03', 'swing', '2020-08-09 17:52:41', '题库管理');
INSERT INTO `sys_menu` VALUES (1134, 1129, '审核列表', 'B', 'tiku:question:audit:list', '', NULL, 'menuItem', NULL, '', 1, 1, 'swing', '2020-08-09 17:59:03', 'swing', '2020-08-09 17:59:03', '审核列表');
INSERT INTO `sys_menu` VALUES (1135, 1129, '更新题目', 'B', 'tiku:question:audit:edit', '', NULL, 'menuItem', NULL, '', 1, 2, 'swing', '2020-08-09 18:01:04', 'swing', '2020-08-09 18:01:04', '更新题目');
INSERT INTO `sys_menu` VALUES (1136, 1129, 'pass权限', 'B', 'tiku:question:audit:pass', '', NULL, 'menuItem', NULL, '', 1, 3, 'swing', '2020-08-09 18:05:43', 'swing', '2020-08-09 18:05:43', 'pass权限');
INSERT INTO `sys_menu` VALUES (1137, 1129, 'unPass权限', 'B', 'tiku:question:audit:unPass', '', NULL, 'menuItem', NULL, '', 1, 4, 'swing', '2020-08-09 18:06:16', 'swing', '2020-08-09 18:06:16', 'unPass权限');
INSERT INTO `sys_menu` VALUES (1138, 1128, '查看列表', 'B', 'tiku:question:list', '', NULL, 'menuItem', NULL, '', 1, 1, 'swing', '2020-08-09 18:06:57', 'swing', '2020-08-09 18:06:57', '查看列表');
INSERT INTO `sys_menu` VALUES (1139, 1128, '新增题目', 'B', 'tiku:question:add', '', NULL, 'menuItem', NULL, '', 1, 2, 'swing', '2020-08-09 18:07:33', 'swing', '2020-08-09 18:07:33', '新增题目');
INSERT INTO `sys_menu` VALUES (1140, 1128, '编辑题目', 'B', 'tiku:question:edit', '', NULL, 'menuItem', NULL, '', 1, 3, 'swing', '2020-08-09 18:08:07', 'swing', '2020-08-09 18:08:07', '编辑题目');
INSERT INTO `sys_menu` VALUES (1141, 1128, '删除题目', 'B', 'tiku:question:remove', '', NULL, 'menuItem', NULL, '', 1, 4, 'swing', '2020-08-09 18:08:48', 'swing', '2020-08-09 18:08:48', '删除题目');
INSERT INTO `sys_menu` VALUES (1142, 1128, '复审题目', 'B', 'tiku:question:reAudit', '', NULL, 'menuItem', NULL, '', 1, 5, 'swing', '2020-08-09 18:11:34', 'swing', '2020-08-09 18:11:34', '复审题目');
INSERT INTO `sys_menu` VALUES (1143, 1130, '课程列表', 'B', 'tiku:course:list', '', NULL, 'menuItem', NULL, '', 1, 1, 'swing', '2020-08-09 18:13:12', 'swing', '2020-08-09 18:13:12', '课程列表');
INSERT INTO `sys_menu` VALUES (1144, 1130, '添加课程', 'B', 'tiku:course:add', '', NULL, 'menuItem', NULL, '', 1, 2, 'swing', '2020-08-09 18:13:37', 'swing', '2020-08-09 18:13:37', '');
INSERT INTO `sys_menu` VALUES (1145, 1130, '编辑课程', 'B', 'tiku:course:edit', '', NULL, 'menuItem', NULL, '', 1, 3, 'swing', '2020-08-09 18:14:01', 'swing', '2020-08-09 18:14:01', '');
INSERT INTO `sys_menu` VALUES (1146, 1130, '删除课程', 'B', 'tiku:course:remove', '', NULL, 'menuItem', NULL, '', 1, 4, 'swing', '2020-08-09 18:14:37', 'swing', '2020-08-09 18:14:37', '删除课程');
INSERT INTO `sys_menu` VALUES (1147, 1131, '分配列表', 'B', 'tiku:allocation:list', '', NULL, 'menuItem', NULL, '', 1, 1, 'swing', '2020-08-09 18:15:53', 'swing', '2020-08-09 18:15:53', '分配列表');
INSERT INTO `sys_menu` VALUES (1148, 1131, '添加关联', 'B', 'tiku:course:updateDeptCourseLink', '', NULL, 'menuItem', NULL, '', 1, 2, 'swing', '2020-08-09 18:17:09', 'swing', '2020-08-09 18:17:09', '添加关联');
INSERT INTO `sys_menu` VALUES (1149, 1131, '删除关联', 'B', 'tiku:course:removeDeptCourseLink', '', NULL, 'menuItem', NULL, '', 1, 3, 'swing', '2020-08-09 18:17:37', 'swing', '2020-08-09 18:17:37', '删除关联');

-- ----------------------------
-- Table structure for sys_notice
-- ----------------------------
DROP TABLE IF EXISTS `sys_notice`;
CREATE TABLE `sys_notice`  (
  `id` bigint(20) NOT NULL AUTO_INCREMENT COMMENT '公告ID',
  `notice_title` varchar(50) CHARACTER SET utf8mb4 COLLATE utf8mb4_general_ci NOT NULL COMMENT '公告标题',
  `notice_type` char(1) CHARACTER SET utf8mb4 COLLATE utf8mb4_general_ci NOT NULL COMMENT '公告类型（A通知 B公告 C 通告）',
  `notice_content` text CHARACTER SET utf8mb4 COLLATE utf8mb4_general_ci NULL COMMENT '公告内容',
  `is_use` tinyint(1) NULL DEFAULT 0 COMMENT '公告状态（1正常 0关闭）',
  `order_num` int(4) NULL DEFAULT NULL COMMENT '显示顺序',
  `create_by` varchar(64) CHARACTER SET utf8mb4 COLLATE utf8mb4_general_ci NULL DEFAULT '' COMMENT '创建者',
  `create_time` datetime(0) NULL DEFAULT NULL COMMENT '创建时间',
  `update_by` varchar(64) CHARACTER SET utf8mb4 COLLATE utf8mb4_general_ci NULL DEFAULT '' COMMENT '更新者',
  `update_time` datetime(0) NULL DEFAULT NULL COMMENT '更新时间',
  `remark` varchar(255) CHARACTER SET utf8mb4 COLLATE utf8mb4_general_ci NULL DEFAULT NULL COMMENT '备注',
  PRIMARY KEY (`id`) USING BTREE
) ENGINE = InnoDB AUTO_INCREMENT = 2 CHARACTER SET = utf8mb4 COLLATE = utf8mb4_general_ci COMMENT = '通知公告表' ROW_FORMAT = DYNAMIC;

-- ----------------------------
-- Records of sys_notice
-- ----------------------------
INSERT INTO `sys_notice` VALUES (1, '测试公告', '2', '<p style=\"text-align: center;\"><img src=\"data:image/png;base64,iVBORw0KGgoAAAANSUhEUgAAAjAAAACWCAYAAADAK7K1AAAgAElEQVR4Ae3dB5Q0RfU28NesiBExRxRzRAwgAmIOoKAoqGBOmFDErKCIYo4oAgYwK2YFUQwomBADZjHnjAmz1v/86vtqT9N29/TM9GzP7nvrnDmzOzMd6qmqe5+bqjeklNJ///vfldd//vOf9O9//zv961//Sv/85z/T3//+9/S3v/0t/fWvf01nnnlm+stf/pJff/7zn5PXn/70p3gFBjEHYg7EHIg5EHMg5sCqzoENVQJTJS//+Mc/VogL0oKs/PGPf0x/+MMf0hlnnJF+//vfn+X1u9/9LsUrMIg5EHMg5kDMgZgDMQdWYw5sKN6XJvJSPC48MX4XLRAIBAKBQCAQCAQCgWVAIBOYJvJSQkW+ixYIBAKBQCAQCAQCgcAyIXAWAsPTIt+F50XIKMjLMg1V3EsgEAgEAoFAIBAIFAQ21L0vknWRFzkw0QKBQCAQCAQCgUAgEFhGBFYITPG+CB1J1A3vyzIOV9xTIBAIBAKBQCAQCEAgExgl0zwuxfuiwihaIBAIBAKBQCAQCAQCy4rAhrLni/1e5L4olVb+FC0QCAQCgUAgEAgEAoFlRSATmLJhXQkf/eY3v1nW+437CgQCgUAgEAgEAoFAIK0QGNVHCIxN6n79618HNIFAIBAIBAKBQCAQCCwtAmchMKqPgsAs7VjFjQUCgUAgEAgEAoHA/0cgE5jy2AAERgLvr371qwAoEAgEAoFAIBAIBAKBpUVghcBUK5CCwCzteMWNBQKBQCAQCAQC6w4BjyuSj/ve9743fe5zn+vVvw3VEmpPluaB+eUvf9nr4PhRIBAIBAKBQCAQCAQCQyCgGvrFL35xet/73tfrdEFgesE0zI+UqH/+85/Pg2OA5n194hOfSJ/5zGfSaaedln70ox/lDQgR0njw5jDjNeksCP83vvGNXuN4/PHHpy996Us5Ub5rk0jbGthI8rOf/Ww67rjjGs99wgknpK997WvZWomxnjRK8X0gEAisFQTmJjD2gAkPzGKGm9LZa6+90kUucpF0nvOcJ23YsCGd7WxnS+c85znz/z7zOte5zpXOfvaz5+/9pv7y3aabbppufOMbpzvc4Q7pAQ94QHrBC16QFd73vve9rAC54qItFoFvfetb6ZnPfGa62MUuls53vvN1jtnmm2+e7nGPe2SyqeKvrQnlfvWrX0177LFHuvzlL5/Ofe5zr4y/ubLJJpuk613veulpT3taTrhHeKIFAoFAILAeEAgCs8SjKFma0jv00EPTjjvumBUTxXfVq141bbvttmmHHXbIr+tf//rpohe96IriqhMYCvPhD394es5znpP22WefdLOb3Sxd6lKXSpTk9ttvn573vOdlJRjW+WInA5L405/+NHtJdtttt3Txi1+8dcyQzs022yyP/Y9//OPWGzNm5sm3v/3t9MIXvjBts802+ZyFvOy+++7prW99a/rZz34Wj/toRTG+CAQCgbWIQBCYJR81A/TNb34zx/kufelLpytf+cpp//33Tx/84AdzOEhI6CUveUm60Y1ulK5ylaukRzziESthhHe9613p1a9+dXrsYx+bbnvb26anP/3pyWcf+chH0pFHHpnuf//7p2td61r55e8PfehDyfWCyCxuUgjZ2fjxbW97Wyahl7nMZdKd73zn9KY3vSm95z3vyWP30pe+NH/Gm7LLLrsk4SQVf10Nifn617+eDjjggHSlK10pneMc58hz4rWvfW0mTa4bLRAIBAKB9YRAEJg1MJpyJ+QxCAHxtvDIVMN2xx57bLrlLW+ZbnjDG6bDDz98hYAIFwjxITlPfvKT073vfe/0ile8Iis6SvTkk09OT33qU7Oi23LLLdP97ne/dMopp+S8izUAy5q9RWRCeFCICCHlJfnKV76y8kR3HpfDDjsse9qucIUrZFLi95OIpVwYhGWrrbbKYcW73e1u6cQTT1w575oFLG48EAgEAoEGBILANIDS9hEFIgyg8kruiCTLk046KXs0+ibYvv/970+nn356fo5U23Xqn8uBkMzLi7L11lv3JjDlPPIkKEh5Ene/+93T6173umzR6497ecYznpHzJCjLgw8+OH3/+99PG0uuhARZydKSmiU3f/rTn04f/ehHs4er75iaB0hm3wZb8+fBD35wutzlLpeue93rZk8ZUul+LMpTTz01PeQhD8mhwVvd6lbpjW98Y77Prmvw0hx11FGZkPLePOhBD0pf+MIXInTUBVp8FwgEAmsWgSAwPYeO1UzRUfhICFc9MiB0IwxQzztp+59r/9nPfnb67ne/2/PKKc1LYBAVIQahplvf+tZZcQpL+dyLshR6kix885vfPCvwSSGL3je/pD9EIvTxJz/5SSagkpr33nvvHNZB5M573vP2HtP73ve+2avVt6tVAiMXSf6SMBKS6vEcGpL8gQ98IF3nOtdJQocPfehD05e//OVOL0yVwEjufvSjH51zm/reV/wuEAgEAoG1hEAQmB6jxSqm8CVJUvCSYi94wQvmCg+WLlLSRljqn49BYHQRUbHhj1CT5F/5FqU8V5jp6KOPziEqfROG+MUvftEDmbX5EwSCx4W34ja3uU1CWC584Qun85///LmqS5WXJNj62LX9Py+BkbCLxCC2PDMawvzzn/88PeYxj0lbbLFFDg+af0hKGbc6+kFg6ojE/4FAILCeEQgC0zG6xXPx8Y9/PFfxXPva106XvOQlcxhn3333zfkkb3nLW9K73/3ulcTZSWGHMUJIpYv2Ctl5551zyII3hmdHH00CYZO73vWuuQxXtdI0HqJy/rXwLgQoz0dZMe/GhS50oZxXJInZhkiSaSU6I3uTxrJ8P08IiQcGMUKEd9ppp3xNuSzGxfhIuOadkZjrXT6Tz5taEJgmVOKzQCAQWK8IBIHpGFkKgbKTS0CBXPGKV8yJlyx3SssjFCiTNou449RTfeUa8+TAlIvJg9l1113T1a9+9XTQQQetbJLm/vXzgQ98YPYmCY8p315vTT+FYSQuI6PIy+1ud7tMXCQ083jIF+KhQSAW1eohJF65C1zgArms+glPeEL64he/mO/B/XrS+yGHHJITc1WZHXjggdl71LRvTxCYRY1YnDcQCASWEYEgMC2jQkEIG7HUL3vZy+Y9U1SN2O1UPskiFVz9loYmMFe72tVy4i6FV8gXxW6vGMp0PRIYpEGSrFwXVTpCgPbAOeaYYzIRXc3xrBMY4SP3colLXCLd4ha3SEcccUTOgTEPjI9KImEquTA3uclNcoKxsF+9yZ/hEbTPT+TA1NGJ/wOBQGC9IbD0BIZiQRhUeVBAcjOUEEtyrHo//E7ewJlnnpl/Oy/JYPlSBte4xjVyQif3vkoQ51/tNhSBQVKKB8aOsIXAwI7V/7CHPSwTGFVJ3/nOdxbaTdeknBFF/aN8hU6Mq7Gm5OvN701YvzM+ZR70GWueFWEyFT28HTww9luRmO1eVrPVCYxQln15hPd4WZSzezhZIZdnnHFGzktCXiQX77fffrliqo4RHIQo73jHOwaBWc0BjWsFAoHAKAgsPYGhzFTJ2C1WDoDwxw1ucINcSWMzNwqIoKcA7UZqgzC/pZAJ9Fma88kXUcZqm37JnY9//ONH2612KAIj7HWXu9wlY/isZz1rJYSERHhOkv1IJJS+/OUvz9U5s2DX9xh9QkI8G6hsrPeUpzwlj+tzn/vcHCYpCtw5/W2sP/nJTya/Qyjti6MUmbJHxtoaRW8nWmMoDChRec8998yl5U2hmLbzDPV5ncCoZLPPz4te9KKcn6SsWh5Smdv6buxsSMhDhnxJtK4/Bd58tyYQofDADDVacZ5AIBBYVgSWksCwiBESik2+gmf3PP/5z8/ufomTyksRFeGAj33sY5ng2KDNPimUGgVn46+qApxmAChD269z61PoFMrrX//69Nvf/naa0wz226EIDA8EjIRQ7NBLecOaR0N/hS9slAdfny2iUbLya5BMidC8Da5LKSMXqrx8J0RSPCPmghwgOwlvt912+Xe8KB6rIDeJR8J4t5ERxyOkSshVG9l9GIHj7Zl1jsyDTZ3AwNy8lqALD14Y9yp5nOdIg4dk8Zve9Kb5EQPWhNASr2NpQWAKEvEeCAQCGwMCS0dg3NAPf/jDbGHKyZBYyiKngCgcAtvL/h2qRV72spfl/U2ERlid9jLhQeh6fsykgWWtu6ZNxpTUOjeiNKtHZ9L1Jn0/L4FBBChNJAxZuNOd7pTDKUV524IeURQus9+IhwMuqq9l7N75znfmMUZM7aejCkc1jhJvJd3l+rwQiCyPxOMe97j0xCc+MXsiKHieFCQG0fQYhLbN5Hh6EF5kh0cNBm9+85vPovwnjcGQ39cJjBCSXBwhMaEkJE5pNyKu3Bsxg5uwnuRrD230gEZl19V5HgRmyFGKcwUCgcCyI7BUBIa1SZkiIPbnsHMsVzlCUW+EOuFti3zlvxJT5Qdc85rXzMpM3sCsjTX/yEc+MhMiCs/fkzYRm/VafY6bl8DASu4QAqDqhmJEAIv35Q1veEMOLXkQ4Dve8Y5V9TR5uOErX/nKlT117nnPe2bPAnIl38hOxzxtcnY8Ewihoeh9ZqwRHwTAfTcltsIXIebV4bVBkswX3o2xWhOBcf88fyrFbECHwPC2yGkpnj/fI/KeKK6cHxH1vfE1lkFgxhrRuG4gEAiMgcDSEBgWpnwIioYngJX89re/fUV418Gh4CgsBMbzZCgmFrlKIdVDxYKvH9fnf3kWFGnZn2M1klq77mtWAkOpUW4UvvCDvBEl4TwaPkcYKXIVLjwaNkrjxSiema57Guo7+814fAFPiqczq/r6wQ9+kO+NMkdceI54IkrjibNni7ATr5uQmI352kireWVDOLlMxlR/EdKxWheBQdp4YxD4TTbZJO+QLJ/L+jAuCFzJlfFUcqTU+Po+CMxYIxrXDQQCgTEQWBoCIy9CjkN5OjKlxUvQpkybCAzXulAIgd52XB+QWbUSIQuBEU7yfKCx2qwExnHI3Kte9apcWiskh7wgKZS9XBdWvL4KxfF0zYPbtPhQuvI+9tprr+xJQUSEUCSnSsi2JwpiwtNG6ZeG4AgleYQDJa/q5lOf+lTjBm+u4XlASAuSZEyFJZGasVoXgUE69V2oSKk375JnV5WEXf3hIbTxnv57gCeMeGeCwIw1onHdQCAQGAOB0QkMhak8mvXPZS6BkVUp3u/m2loTgRFSkNvASp2n8Vbc/va3z8pOEi+PkC34Kfp5XyqpeJam2aq/L4GxMZuE40JK5O5ICuXVEIpTrSO/BXFB9DytGNYsfgSNclzNhkTBQnmwXCPYSGblHUG6hLZsrV/3pvGQ8bTxvuiz5zgJPTaRL54m/fYk7kJgEF0evnnHshxvV+NqLsokDLsIjGORETlXKsZ4pZAv/5dQkaRk4yn3RyhJtRwDwHFRhTQJ/fg+EAgE1gsCoxIY1iZhzOMhri/uz5pWLTNpvxXKlqdFfgqFJL8B6bCjLIU/T5McXAgMi33I1yKfhVS/TxufSZC1nw3C5EnLkmFhLAl0l112SZJp7UDbpPznwbDPsTwpvFtCf5499KhHPSoTGPNBHhRPRHUsS0iMR8JmbcglL8Rhhx2W+9B0zUJg7nWve60QmDpO8/6PYCBQfdskAmMseB9VisntMlbCbFWShIjyQm255ZY5F8geRcJsQWD6jkL8LhAIBNY6AqMSGBenpORlUERl/4s+5a2O5aWhoDfffPNcWiv5kaKe15NQJTCUJM/OWvPAUPCScoUaPNdH2OjYY4/N4RN76cCbB4HiG8P7gowgm2XzPOXNwiY8C8KH9qVBPqqN4pfQ+qQnPSkrbuEjZfPCR20VSHUCg0CqRlpmD4w+l4R2niME3VjxnBUvDIKP6PGyye2xHw4ceA/9NvaBqc6c+DsQCATWIwKjERgKDNlQMsvzooIIGREe6NOEiSg5YScCXP5E9QGFfc7R9ptqCIkiEN7iLRir9Q0hyYc4/PDDc76IsAmlJoeCp0WuCeXPcpcAi+AIqSA5r3nNa7I3y5isVkMy5W4Idxl7YSShLvuzmBMUeP1+hJJOO+20XEWkXJ6HyX4opdS46d7rBMa15AKN+aynSR6Y0g/jLiRqjvPECPdVCTriKaFXGMnmjjw2yJ/xDgJTUIz3QCAQWK8IjEZgKCMW+N57753DP7wc9gQRFurThD3kSXiar/CDLeIRj7rS63Ou+m94LIRZhBaU6aqMWmtJvAaWha5k2DN25MKo6hGyg7FQg0oX3iul1cJM1XBNHZOh/+dls5W/TdwKgeE5sCGhyqSmcZTjYcM9IRWeMVVIhx56aM79aPq9e0aUbIInURhhM1d4/CQ3j9X6EhihJCXgKqhU2iEp+l+8TcZY3+wqvNlmm+VcGQTQ9gNBYMYa3bhuIBAIrBYCoxEYBETFyRZbbLGyWRwXeT1hswmIIrjvc5/7ZPKz6aabZgWt3HSIprRYkigCYx8YW9BPk+MwxD1UzzGtB6Yoc8qPhY4c8laoNOJJKvlDQmWIn5CSUBNluFq5MKeffnrOeaF4hXWEkBALyaq8L/VG6Zsz9rDhsUNGEC9euK45AwtVOxJ9Sxk1hc8jNVbrS2Dcu7kuTwm5E0pCRM1Fc8L3yKgwIDKH4NgEj9ctCMxYoxvXDQQCgdVCYBQCQ/AiG57tQtB67b///jk80KfjkhklbqpYQjC8szy514doqmDsSOvcqmMoDSEZimeMNiuBcRwFz/vA8yBEp4waQUBi7FB7yCGH5PAbTwhPk8qg1egnkqjKBr68XEgUQmtju6bmnj0PSKWSpzd7QjhSgqRNul+VTOZH2chOwjiyPFbrS2DK/bl/u+7yPAklCfmVjQgtYLlgwoX2hUEE9TMITEEv3gOBQGC9IjAKgZGXIKFUAqJQgBCH0EHTjrt14CmyD3/4w9ltXqpHytbwFPYQTU6FzeuUsPIOqEg67rjjJlZGDXHtpnPMSmCcCyFADHhglIMjKSWfB5FEzHiyhCj0k2dCqGZRzTWRJ0pYbgdipQpJNZn8FnOjqcnfESJEdIScPACRR0lIzDm7Gi/FUUcdlROXEaZtt902Y1ISYruOXcR30xIYHiaVecKtysaFiHiqJPLqu/mhFN5GhRKbrYsgMIsYuThnIBAILBMCoxAYCpJCoUh4ObbeeuvsJp/0AEHhDdbmgQcemENPhcAokWXRT1JkfYF3HxJJKdhShXTEEUesbCbW9zxD/W4eAkP5CaGoZpHvwoMhNwaJ0ChB+61QfkiOnW8RnEWFkihv+S82qeM5o2hVn8nJ8Xlbk4Ok5JqCNia8N0hwnzGXM6JCR3iFd4Knwj449h9aVD/b+uHzaQmMY4TPlI/zwAglwYJnRv/1oYTX9C0ITBf68V0gEAisFwRGITAsYs+yIYyFD2zIxcPBmm5rhLRHB6ig8URlD1osBMZ+GEMmZVIwQi/lcQJI1j777JOTjtvub5Gfz0NgKDi4SdKVG0HBIQ/CcL7zsiutXZA9DVolkyTmtucKzdtPhMr1dt9995x4ahxVBQmJtHlfkK3iKUJ4hElU5PStJHJepMyGb0gaEiSM5LlCXfkz8/a17fhZCAwMVJCZh0Joqrd4pMr9+55nUtJ2EJg25OPzQCAQWE8IjEJghIpsqCaBF4HxBGJPE27bvA55kZuhRBTxkexJGQvvIEEsU/kcQzVKXW6FsJZcCwSGN0bVU5eXYKjr188zD4FxLkqOB0OehI3PeFs8nbmEUHjE4I9U2L5ebtKpp546MbfEuU0gRECiM++OZFOJw23kAknlbRECgivCJAm1hEPqffe/sfeww7Jjr3wdJcNIlrFCCLy3Nd8pu1fBw9tnzpk3vE3ItONXs81CYPRBf+1UbO8bRHTffffN3rVy79aVyq7yjCj7IiE90QKBQCAQWI8IjEpg5F1QYhQS5dJk9VO+rGcK11OLbT3Pg+BYiojCPOGEE3I4QL6H/JUSHmkaMDk0PACSgFmwft8URqBQWf2qc1j8qmVsve8YIYmmY5quN8Rn8xIYys9ACxXxdsFOzknxevgeDvaQEdbxGyEzyn1SQ0js57LddttlQsn6V8ElpFdvMPNMH+XyyKt8DonFErq7SISyakmscmWEj3gZEC6hPsSMki6lxfVrlv/NCfMIOdN/oSR74AgVwqHr+uUcQ73XCQzCYX5Pyj1CON2r+Y/AGCe5ROYqbK0VuAsXRg7MUKMV5wkEAoFlRWAUAiP3wFbxch9KEq+nSnvoHmVNoRLWvCo+s5kXBWaTO7kMlC8FJJmTlak6hcWvwoYy1Km2RknYUp/1KhyFzLQpL94Woa0dd9wxK1vhBwpXWatSVomlrrVoMkNBnXTSSdlTZcM+e59UyYVcEDsFI4JwpaxhWG/6qnIHSeFRUkatD4Xg6JMQBYXqgYcSR0uIon6u8n8TgUEqm6p8jKmdl1V1SdymhOWiIDVtGLo3icXuR8KvJFwVa+YF8qLvJ554Yi/PmHHWJ1v/S9BWiu0p3IibeeM+zD/30oRf6fO87+4DDu5DXpLkakSkzzO8YIiwCyHBT2KvHKcy542hnYqDwMw7SnF8IBAILDsCoxAYF5VnQQgLA7HakRmVP0IXrEyERGUFZWUjLwqGcqGAeEIcI5dBKIoyQ154GCjkNkIy7WBQZMgDKx2JsY+IV3HfIzI2h2PZc9/3fSFRXV6i6n26B+XhLHQVOPZ0QeaUepfrCcHwgAgPUV4IIkVXV8LIiPPIIeLNkPxM+cuHcS57syA1kl2FdpDK8jDF+rnKPTYRGNVMPFX1pt/VZFr3THEX5Vv/vf+NpaRju8siu/AXRkRCeRvMEWPUdn/1c5pDyBUvERJs/vEGIVVwNM8QI968gu+kdyGuvuPpPgshNf/tYWRfG1gbh6Zxq/bB8Yg1L5Z9X4y5HajlgLlPuVueKRUEpopa/B0IBALrEYFRCAwhTFkq6bWTLiUilCSkwDLn6bA9OgEv1COEQPk6DmmggBEYHhghHsTH5/JW2iz5WQfPNYUnWPq2rZcTwwtA+SEB7lMf3HOfl6RV5b/udVJzbV4ofdttt90yRgUn1y3XE96isHgUeGGQAiEhyrDanE8Vl9wP94wM8ESU8/hMn5xLeI5y5LGh1BGVptZEYOTCyHOpN14jJNM4IyO8WZOqxyh7OU4q1ow5L4wEXEnH8kGQh2nGvIwnr85+++2X+w43WEiONf+mGU/YIdg8KpNauTbCLaFYNZH+uDbPmrAdwlgft/p59Vd403w0D4U4y3wwnkhREJg6avF/IBAIrDcERiEwQJSLwt1NmSMklAbFJj/BNv6UrDwHirgaxrBbrDCHhxGynOUDCPOwXrsseUrB71SvCHHw4vA+TCrddq8UD6tXqEo1j7CHPAxhGNYzTxDl2ueFrPGgIGWTGmXmWpSbUMOk8yMFlJcQEIz0j8eh2hCO448/PhMiv+86J4IIYzkVJ598cmOORhOBsXEeD0m1wdB4qxijXJEuY9eW7FuONW48JsbL/ICFhz4iPkqHpyEv5ZzuhTeI1wI5tMmdPvIISe6FYfEMduFTvuv7NGqkFUlxHfMXDs7hWmXc5OgIlU4iMfLFPPjSHCz3UX0PAlNGO94DgUBgvSIwGoEBqIsjHsJJqid4ZFSXsN4p76bQgPCIMJJcD0m9lLTchUlhIy5+lq+Qk2cAqWJynj55B2XwXcPvS76NxGP3gJAccMABvV68RRRUn2omoSP5P33PXf2dzevkRlTJn35Q3hQ/jN1L9Zimvyl3fdTnOhlyPgQQqRNyQoh4JJxXGKbaynWFgxAQD8jsQyAdJ0QnUdj84MFBJHlefDdPc7w5Zq65FwniCIbdiftgU/Byb32q4MxTpc7luKZ34UpEb9J89j1vWtv8gDHC7prRAoFAIBBYjwiMSmBWG1DWOhJDuMt5EMaaZOmu9j2utevJV5KDwRMlvMV7RqG3hZzWWv/ifgOBQCAQCASWE4GNisDwIPD22DhNBVJT2fZyDtNy3hVCKKTnuVHyguRhSC7tEx5bzh7FXQUCgUAgEAisFQQ2KgIjJMNboAJFyED4INrsCAjjCC/ZWE3yr5wWpdr1sNXsV4gjA4FAIBAIBAKBZgQ2KgKjmkbeAY9BKVlthiU+7UKA50WISP6FZxLZIVdFj4cx+nze3JSua8d3gUAgEAgEAoEABDYaAiOJ1x4nvAQehKcKKhTtbIsAgSnlzaqdlDSfcsopK6Xus501jgoEAoFAIBAIBPojsFEQGERFtYwqFp4CeTDR5kNAFYyEaJVcqp2QmmiBQCAQCAQCgcBqIbBREBjK1kZjNg9DYOxiax+QSaWqqzUIcZ1AIBAIBAKBQCAQmA6BjYLAKJW2k+6ee+6ZCYy/PWlaUm+QmOkmTPw6EAgEAoFAIBBYBgQ2CgKjk7bX9/Rhr4MPPjhvhta0Ud4yDErcQyAQCAQCgUAgEAh0I7BREBgJvPYrUfKrjNojCiKJt3tixLeBQCAQCAQCgcAyI7BREJhlHoC4t0AgEAgEAoFAIBCYHoEgMNNjFkcEAoFAIBAIBAKBwMgIBIEZeQDi8oFAIBAIBAKBQCAwPQJBYKbHLI4IBAKBQCAQCAQCgZERCAIz8gDE5QOBQCAQCAQCgUBgegSCwEyPWRwRCAQCgUAgEAgEAiMjEARm5AGIywcCgUAgEAgEAoHA9AgEgZkeszgiEAgEAoFAIBAIBEZGIAjMyAMQlw8EAoFAIBAIBAKB6REIAjM9ZnFEIBAIBAKBQCAQCIyMQBCYkQcgLh8IBAKBQCAQCAQC0yMQBGZ6zOKIQCAQCAQCgUAgEBgZgSAwIw9AXD4QCAQCgUAgEAgEpkcgCMz0mMURgUAgEAgEAoFAIDAyAkFgRh6AuHwgEAgEAoFAIBAITI9AEJjpMYsjAoFAIBAIBAKBQGBkBILAjDwAcflAIBAIBAKBQCAQmB6BIDDTYxZHBAKBQCAQCAQCgcDICASBGXkA4tRlKwIAACAASURBVPKBQCAQCAQCgUAgMD0CQWCmxyyOCAQCgUAgEAgEAoGREQgCM/IAxOUDgUAgEAgEAoFAYHoEgsBMj1kcEQgEAoFAIBAIBAIjIxAEZuQBiMsHAoFAIBAIBAKBwPQIBIGZHrM4IhAIBAKBQCAQCARGRiAIzMgDEJcPBAKBQCAQCAQCgekRCAIzPWZxRCAQCAQCgUAgEAiMjEAQmJEHIC4fCAQCgUAgEAgEAtMjEARmesziiEAgEAgEAoFAIBAYGYEgMCMPQFw+EAgEAoFAIBAIBKZHIAjM9JjFEYFAIBAIBAKBQCAwMgJBYEYegLh8IBAIBAKBQCAQCEyPQBCY6TGLIwKBQCAQCAQCgUBgZASCwIw8AHH5QCAQCAQCgUAgEJgegSAw02MWRwQCgcCMCPzjH/9IP/7xj9O73/3udMwxx6Tvf//7M54pDgsEAoGNHYEgMBv7DIj+BwKrgMB///vfdMYZZ6Rvfetb6Z3vfGe6+93vnp761KemL33pS6tw9bhEIBAIrEcEgsCsx1GNPgUCS4bAf/7zn/TLX/4ynXrqqenII49MW221Vdpvv/3SF7/4xSW707idQCAQWCsIBIFZKyMV9xkIrAME/vnPf6avfvWrae+9905PecpTgsCsgzGNLgQCYyEQBGYs5OO6gcBGiMC//vWv9M1vfjM9+MEPTk972tOCwGyEcyC6HAgMhUAQmKGQjPOcBYEf/vCH6dWvfnXadddd084775xe8IIXpG984xuJAvvZz36W/7/3ve+d8yC++93vJiGGaOMi8Oc//zl99rOfTY94xCPSbrvtlt/f8573pDPPPDP9+9//Tscdd1x61KMelR7+8Iend7zjHUlCrtyWaZrxlwfzkIc8JAjMNMDFbwOBQOB/EAgC8z+QxAdDIPCrX/0qvf/970/77rtvutGNbpSe+MQnps9//vNZeb3hDW9IL3vZyxICc8973jNRkkIL0cZF4K9//Wv2jrziFa9Id77zndM97nGPdNRRR6Wf/OQneSzf/OY3pyc/+clpjz32yERGTgtCMk0LAjMNWvHbQCAQ6EIgCEwXOvHdXAhQiKecckpWdrwxCIzy2Ve+8pXpK1/5SnrVq16VHvawh6XXvOY1yUSMNj4CPCp/+ctf0nOe85x0yCGHpPe9733p5JNPTs9//vPT5z73ufSxj30se82Qzx/84AfZCzPNXQeBmQat+G0gEAh0IRAEpgud+G4uBJTNHn300ekJT3hCeu1rX5tDEG9961uzt8X+H0960pPSnnvumY499tjwwMyF9HAH84TZp+V+97tfevnLX573annjG9+Yvve976W//e1v+f+HPvSh6TGPeUz6/e9/n8dN6InHTWiwvIx9k1ctCMxwYxVnCgQ2dgSCwGzsM2BB/Zcz8aMf/Sg97nGPSwcddFB63vOel5UfpcfK//jHP54TOeVCfPvb3845Fgu6lTjtFAj86U9/SieddFIO7yGewkZf+MIXcqjoD3/4Q3ruc5+byQ2PmrylP/7xjzkcuMMOO6RLX/rSK6/999+/cY+XIDBTDEb8NBAIBDoRCALTCU98OSsCwhASQm9729um3XffPR1++OHZikdsJH/6XyUKYkMxTpsMOut9xXHdCPz85z9PL33pS9M1r3nNnKz7iU98IpMU4yP59l73ulfOjfnkJz+ZT8TT8uxnPztd4xrXSBs2bFh5PehBD8ohw/rVgsDUEYn/A4FAYFYEgsDMilwc14mABE+hhytc4Qppn332SZ/61KcycaHAfGcTM9Us73rXu6ZOBO28cHw5MwLGxh4tD3jAA9J2222XDj300JzA64SIp6Tsu971rjkxm3dNE1ZCZiT+HnDAASsvuTM//elP/+degsD8DyTxQSAQCMyIQBCYGYGLw9oREFpQMv2MZzwjXfva184lt7/97W/zARSexF5byatMmnUnVh4B4Sg7u37wgx/MSlTuBgUZbTYEhIM+/OEPp5122imXOH/5y1/OeMJaKbWkXrkxvGf+n6UtgsDItUGWPvrRj+akY8nG+hKtGwFJ9rYwQDa9vv71rwdu3ZAt/bcMjdNPPz2H6K1la5iSX68e7iAwSz8l194NmlRyXOS3qGZBLEoTLlJGrUxXZQtL3qKbtlFan/nMZ3IZ9nnPe9609dZb52omORzRZkPAOKkIu9nNbpaEjgqWsFZKvddee+W9YSRdI6KzNOeiKHl5JHEjs/MKV0T2TW96U7ryla+cQ1h3vOMdc/7NvOedpX9r6RhrT05TCf3xiqoOjLY2EWA4IqVkLsNRTpp19otf/GLdGnZBYNbmXF3qu/7Nb36TXv/616c73OEOufJInoSGqFCSEnsf+MAHZuH5kY98JJOYaTeyCwIz/BRAJoSB5Cax4oo3C5ERJrr61a+eS+JVkh1//PEz3YDcKOe69a1vvVKBRujO04LAzIZeEJjZcFvWo4LATB6ZDYSaJExCh2D73e9+l3MaJh961l9QQAQPQanq4W1ve1tO6MQe7TXRJdRYVljl29/+9ryPiF1e7THivtZS00cuXArBBmE2dbO/xrOe9aws5LnBTUosk4scLqpCvva1rzWWqE7Td2RC+atyZgqFV0SIwPbuFJnvmpp7cc9yHuzhIgkX9lUCQjCqUlEiLfGzWOvGxzbyPmchKMflqRGOmNZaHovA6Kc5/+lPfzq9+MUvzn3QH3k+RxxxRCZj+ul3xs9YwfbEE0/Mc7YJ076fwcj6s27giPy55oEHHpjzVXxWSEf9nMZTuO3ggw9Oj3zkI/MePMa+NMcJwag8kvuChJYxEf4zRy9/+cunW9ziFvl7ZdXTNqEdBGnbbbdNF7vYxdKlLnWpdOMb3ziHGqv3Mu15g8BMi9j/+/1YBMZckwd3wgknZJnDmCH3eIDMs7JBYpnrnlj+ute9LntcizE0W48Xd5S1Qs65d2EbITmbdT7zmc/MMtvnbU2fhME9nd0u2J7Wbs2V9dd2XP1zModOWW0PjPskj8l64yc1gEz0KroMV/A7Y8qIZQDpJ5k1iwe+9H0UD8yvf/3rnLxpwrL2VKmIu1NqQgEe8mY/ibaOmSgqXDwQ7pKXvGS6znWuk0t15xGCBZDVeAf6aaedlnc5JdBNOCSMcvG3KhAvffzOd76TJ/djH/vYvC0/tztFYCLM2ihgIQLnQiLudre7pe233z5XnmyxxRZ50UnmrONPCQrbIDnGiRKigISCjGlZcBYkEmSHXRO3kBvns1/IW97ylux9OeaYY7LCn6UfYxAYQghpeMlLXpIxQt6QPmPmb6TOzrXKwgmxww47LLtw7WiLoKvwmbXBEGm36JFdrmFhuJve9KZpyy23zOOBNAr1VJsxMTbCPve///3zGF/iEpfI3jH3hGz5jbFhTIibG3tztDQEkxJ50YtelDchRN6q35ffTXqHCwJeTfb1t/mgb7O2IDCzIbfaBMYc9ogRyt16odzJPWvI64UvfGFeQza7NBfJOd/f5z73yS9KfhkJjPVDTssNe/SjH5310u1vf/v8xPWrXvWqWb+9973vzTK7yEgjRoaTh8iZnECyV9iHvCD7p80zG4PA0AmMNIYUOVhkYfmbkec7xhH5CQcERziaHhFOnkeXjUJgMDDs9E53ulMSr6Y8WXfnO9/50oUvfOFcestabBtASvFDH/pQuvnNb56PEcN1Loy+3ghowLEYLYohXjwQLFTnnqZREhYgjwdmqiSVIlKJQ/E4H8Vsh1OLwcCb3CwUeR7nOte5svDHdOdpxXtFAcLfHh7CA5tuummOhxsPSqWaCInZU1yPf/zj0xWveMV0trOdLf92s802y4mdmHQhKvPcW99jV4vAEDjGxfwRFuNpMW4WKJImp8e4eueJ4g3xnCCkbptttknnPve5M74f+MAHVnJK+vax+jvXMC+QJwKOgOTJMBbnPOc583i4L4KiKhBYchSG76yvMm7GG3moEszq9dbS30FgZhut1SIw1hD5QVnx7pF5PC42SvSZsKL5ba6av8ryrSFFAAiANcTIIjenlbmzITPdUfpHFjAI6SFbR9zkJjdJF7/4xfO9W6OIDbJS1ib5Rear1Nxxxx2z3qPH9PVKV7rSWQof+t7NahIY19If40WO0CWMbAYW/W48vTgVGHXkFgJKdm2++eZ5XHmcGFfz6I1RCIwb1jnvJiRvBNeZgTOAV7nKVRKBTzA1NTeNoXomCzAIcJOA0q03ALH0sX2W6xAvzNGD7Qxg36a/SA8L14PyeJwoO4Sq3kxuJMM9s5otBn3k8TDhp7lu/dz1/y0o5IP1c4Mb3CAruItc5CJ5MbKYNQvUb0w4v+H1QlwoRPirTEGq5pmI9fua9P9qEBj95u1DXghTz3RSRmw+mYO+rzZCmuC1oBFD1hSM7nvf+2YBV4RX9ZhZ/0buEUobxhmDc5zjHHlsKAVkSnM9pJ7CuNzlLpfHjYFwnvOcJ3ti9CkIzKwjsPaPWw0CY40gKKx0uzff8IY3zNY3xUcmVpvfmtceNYIM3PKWt8zrxxpiOKlsXPZGBvJw6x/Sxdvp/hkztpLgsdBPeomnid6i96zhC17wgun85z9/9sSQIwjdNM21VyOE5P7pZikcPEf2jEI66bImGWcjTARGtMVvN9lkk2x8MdKb5Og0fR6FwFRvEBiUETAk9rEQCVlbz7e5lQuAJgnhjPBgvizNeuOyRBTsR2KCDPGivLnTWcR9Gy+Q+CCXP0LCtdY24CaiiY7AXO9618uk7gIXuEBe0JRWm2eq773Uf2fSCRsgZojS2c9+9jwxhUvci+tRjEJ72LTfGi+Y77LLLjlUQhEal9Vqq0FgXENVBsErX0OOEiuiCKF6X5FxITbzmNBCKsw33hjzcMgGa+Pieoi86yC4nhbNnW3cXBOZktcihMTaNW952IRt9cXv1noLD8xsI7gaBMYcJbOEgShqhipPSsmLq9+5NcSK5xXmdSaPeDIYbmToWmjWlP6RkfZTotN4YYSYGZ/6CAOhFLpJqIwuQ9p4VSl6Mtbvpmmuu2gCQ+64hugA8oWQCvMZG/KyqTEARRx4+EUR4IHc6fO8OmN0AlM6XEpiudEoayEmrqi2RukSXDwxdv3kvuLCrzcLiPdAyAnBGeLFOySM5Nx9mgTcI488Mt3mNrfJZIvlK6cA+E3NRHRuBKbscGoR2/gN6albLk3nmPYzWOoXD0uVIbMCCCCKT/xSbpKFxZuEWXsVl+G015zn94smMM7vIYbICze2sSOQLNS2RecYrmShTfOYp0OoRi7QtNZUH2zch/GQa8PSIxx23nnn7B00fyQPe2Cm5G+hS/dnrKw1IVpjuB7aogmMUCo5g8DbGoBskuPUh/zBWMIiYmn9KlNHMNvmUBkPa1yIgdHDg0e+CTW3GXXluGneF01geF70nReZAckAIIe78ljIFuuFoVd0gbJ+Cp/hsJaacTbul7nMZbKHBTHhqaaPjCsj1v/WKgOQbCdreavajKSu/i+awJiT5J9cO0aQMUK69LPJ81LulaFPlxlPLw4AlahwmLctDYHhHrTAWa7caG3hlWqHDVixMrmo6gmM1d+O9beJKVlSjNAiFgOkGH3e1poIjBwh8WMMfpLwaztv1+cEBwtdbJolb08N4QmCW0Ixq0g8cxHX7rqvtu8WTWAIEQpLgjgSyXqyELvIY53ACMUJJXXlc7X1r+/n5hHXtGRqxFOYSzgQQWYZCSEtgjz1vb/V+N0iCQwBiZRaC9YE4QtjCfcMk671QAkhj7wPPHiMkNvd7naZxAjzdR1rnSPM8il41yhBeUyMCPfUdWxfzBdJYKwTRJkCR+JZ6hK4EbCue68TGMRciFo42/paS83aJDfMF94Hhg2vp3GV26j6tg8J7tvnRRMYc5Ie4FWScMxxoBhk0rjUCYxiHbgMYUAtDYHRSQrDhCWI991336xQ2wbPInDzwhwy2MUTubaWqWGl3IMsEC5Ei1iejhhp1yI2EU1+eKgwYcmr+lFy3EV85um7a7LmEcfLXvay6UIXulAWnoghYY1gwns1WhlbApani2VSf2Hv4sRCWPBBNMwDlnH9t+V/rkyKo8tagIPfWGBCfWUzKP1vc3sXTAhfZILFyNKQd8KDg1h3EZ9y/CzvxgRGiKfcJIJFhr/7F+7TZ31ay816MRfKONbfEUTWLAMB7kq9PfaAZVj/bflfRRgPwaTGW0DxWn9Cq87P04WIMES6xhXBsX6Ql3KsXAfywJh1HWseq9IURimJ12QBmdAn8ZFSQVyNf+lz/Z1XQ3hRn7wUC/DC1n9X/nfPCMgkOWC+wZfVfd3rXjfPSbmHjM1Jys4aYvBR+u7JfFaxtCjDbdL4z/O98eU1sx+WOUOWwEF/6KtpZbnzUfoMyTIm1XfzneGFbPMa06VyVBBJnp7qb8vfZUzh3tXoVltBqPwthQnCeoyHSc21pCeUeQaPQsQnHTvpe3PR2m9KH2k6drB9YOonpzwpIFYOL4w9RuQftAlfSsikFltTHWKAlqmZbAZXuIgFgsDYf4MA6FKg+uB7Qoq7GpmgmCglQnzSRJsHA/cLS5Of0HRdCwBJLImh85y/77H6bz7wOCFUTYnX4sdc6wSkODkLVfjE4m36PcFvrggzdrmikRRuXOe66EUvmj0biFKfcKFFTmAhqvC71rWulUOH0wqqvjj5XRFqFBFhL/zKwqEkJccvG6mfpm/lt4g7ItA0rj6j6CVXGy9CkqLnrm/7vc8JXwJ/UrMOhX954QoJMbasUNZ011qmHJ7+9Kfn+VmEt7woXhWP0Og6FhHmuSnkxfEUILk4yROoT8iLdUv+tOHAO3KrW91qRbGU/Iu238unmrQdAOPDWqGgeRx4IV2Dt2GSAeC+zVf5duYwvIW05W/1IZuTxnKM7/Wb0i9zp+SMzKKv4CoEpwKyaYyEcyQ7wxt54bnbaqutsjOAvGw6hnwVzjLP24xqn5vLEnWRcfqZPEWW2o6pYm2uy30yh81nkRapB32OrZ6n6e+lITAWHKuRJc3qYFF27XdC2aroEUvjxuqjYJoAWNRn4uYECEvCgLMKLWoKZ9LAWcSSuDBVCc0IkIlmEbcRuiH6AUMhI/FNXjBJd5SDuGeXsB3i2tVzIGk8LDZC6kq+Fmpk2VgYFAOcKXALt/4qrn8VRCz6pqaPrGZCQN8pQoTIZ8atqxlTYy5sc7WrXW3FSukruLvOPek7ikFGv4RvAsL15b5YU5Pm2qRzL8P33O2SOutjWv435sa+KAmE1two3ze9Izjm+qSGuFPavHHmmLnG4yeBHRnumhe8ECpqGC/l3hBtApw3omstC+dSONZhITFIFEJC9nUdq0/mrGszgJr67zNhDbJWn0q/fNb2e8qr5Dy04UahsLiRL4SLPKf4rI1J9wxLitSas/6sWQYU7+ciDbe2vgzxOQ8Y4lfINc8db8EshAyGiLxwcdsYWQvG1Fw153hL2mSiczBWyXjzsU1W0EciB4oTnEt1GN3rfiY1Yy4PStKu+7Eu5VMyxodoS0NggCGzGWM0ADrMCmmauAQ2VmcxES5c9JMWxxBg9T0HRShmyyq26ClhRAuL7dMoWFa/kjPCWLKUcEAf8tPn/G2/4d6V5Mmz4b4JXiEQirBLULedb9bPjSUvidyDtuRrZFB1D8WGxKhEY1GaD02J2lzjLHmenaY55V6FC1wP6bTQLFQL1+/bFnfpI+xYxuLCBDfvldg9d++iyZ/z6xvLCxaIFwLTlSxZ7nstvBN2wh1N4+ozIR5C2JyliIV75G1xU7cdI0cIEZjUYMtalleEICIgPCgIo+O75gXhytIs3jF5bEi5uUspdB2LOMlfQgTkpBlT8xsOfeaT85t7tntow0Clp7VeCMxd7nKXnKDc9vtSydblwWTs8G4h0ciQLSMYcn3kRzHc5AsiL9Y07IRN+hw/aSzH+J4shzNPMZyRAOFNfZ22GXc6xFpvGiPznYFmztA5SJPr0R3mXNMxZePKLgcAY9I+NmSauciriKT2GZOi1+kwZAqhlUfTZ+31wWdpCAwACSJuRx3FVC3gutvRogee38rNQBTqv6l2nBBXruWhZZjwEC+xXZZ12yD43GQhSIv3RUVI1yQp90wR6hPCI+kPmSNYCK5FNxOS4EQMCcwSuiII25T+ou+p7fxwKpVrMIK1Co9ZwzX6TlFZnISnXAUhv74PtzPmBLz7QH6Ejw466KCM56LJtXtnsavy4LEjvHjshCsXfe228VnNz2G/yIc5WrfmBkUgvEFR9M0tIsDl6CCUQqKsUd6RSc24UdzyDpAnhEnOTZvMmXS+pu8RwyEf5khG6CvvFkudAWQ9se4nNXId+SEneZp4uXga4NbHgJh0/rG+R1TMF0SikGt9HHIcS9/MGdcTYhKCY0jZZqRP2kI5R/XdmJCzjDjGHI+NEJjQad/7F2ZCvIW0EFqhXiF6xGOItjQExo0on7PDKCtSIiSmWmf7FCyrghuqT+iId4aljgFaGEO8sGmlZE1uMIMuto5cIS/6YhIZNN9NarwdJnypKjEJeUFY94tuJisPBWtWLpIJh1C69/o4LPpeJp1/aAJDSbEUWdeEp9g7F3xbuKl6fywjbm4uf8nPBJWQIZLdx1qunmuWv2EhHILAIF6ILyuM0l024jlL/yYds2gCM+n6a/X7oQlM8RyXvavKGujjbSD/eavISoqS3JSgj/Ct5caA5hWGBbnAS4hg9CF10/Z7aALDMEKihdR5w4pBi7xPIiB0HccCb5yUBH3nEZI7wwExlGG1NASGoEVYxJaFTYSSDHyV6ek0hi/UJLHOwphEChxvEbBg5NgM8aLYhLealJtB952kW4NmMfLY9CEgjhUaQ1gc61WskFliptMsADgih7wI3L4mq5gltzcGjlgtUxuawLBSzCuxd/Fj5c+IZB8CYB5w3Qo9IT+OV/LatC/R0BhaE4Qk614IiZAw5wgNXsJlI55D99/5gsDMhurQBIZio5x5IOXtyGNkZE6S0b7nlSLTGU7Ii1CFSlTKbq02a5MHV94Sjyy5ABfPn6PHhm6uN6QHBjmQiymkJxlbvgzPLj3hWl2NfBbuUtkm7EqXyMei05GiodrSEBiTWGyPFYnAyP84+uijVzoLMEqUC5dbUZhl0sIAkuMwQQSAMB/qBbimQTSBeJIoE5OVK08MtM+gcaHalKzESxGYssNw07WGmgTOoz9inWLOCNquu+6aFSHXn1DIsu2xMzSBMZ+qFSPyV7jsJ80x4+J33OZCn8Zc+bSywUVYWfUxF6JwfcnDwqNc1dYPoYFU9Zl39XOutf+DwMw2YkMTGDlrnhVmDZBdwuBCCJMa2cOrLu/R3C1yU3ls1YCddJ5l+56i54GQxKwCkmdU/xiI+jtJtkzbH7JoSAJDV8oJvP71r58JCK80I894dTX9oqs5C+hxxI1RxQulMGdIo8q9LEUZNUDkefBcFLaGqMjkNzAmAyIgdCOkYaCWsRk4g8yNqh+qF2xcNCk3w/fK2RA4XoDigVFKzbW6yAZfbNliYwUJRyi7cx8seompcixWIxzSt59DExh9RkIK7pLWJHp2NQtVqTLhZJwtUmPOa2YOmLOLbBYvC4mA5GXkwVSySQEI/8md6OP5W+Q9rsa5g8DMhvKQBIZskBCKhJQ1xPPAK9PVigFA3lCU5Vg7Xytk6OMB7Tr/GN+RC7zpSIptKaxLRQTy41SVKTyQT9WVuznLfQ9NYKwrBrXwkXEh4xhFZG9Xs72J7SSEAHnweaUZVLwxjLohx3SpCEyVwXNDyl1RFcPKRFrklchTWGarUijCVuPcbZSZXB5Z120hIJPdIFj8FI7cBe5GE0b+i02P+ng/TCqTw0LBSIUUnLNPhRbSBVclehQyT5DjhUQoQsIEuSx9cM+uJ3TSJzG5a7LP+t3QBEaypLBPEaDygGDR1ghsCkBCnt/CqJS8EuIsl0kLvZzb+Ms9IvBcsw/xMQaUg7ml4sa9yMORgI10EhqS56pb3juG9WM9ueZ6aUFgZhvJIQkMpaRwQei1rCHEvssLaQ0xjCTfm6slV8LxjCZGhTk7ZmMo80zzcvZN6Le2rE3RAuRFEYTUAAmsQjHku1BbVY8hPNamuTxrn4cmMPQC/SMZ25jYJ8gYd8k1OoEs5bVX4cYIFhKUe0qfk23uc6gG66XxwLAmJQyVBcAlTqD73GRQaWDRzTrAQ4HWdR4EhkJRxcMSlsvDs9FU0mrSGnDVNI6xkIUelJo51sOyKCi/cbwJ1eQF8ZmETUmjQkBIkGQ4T4/m/WGFt00aBMTiZClg1yYEYeRvlWDCIuLS1dil7y1KCxrbHqMNTWDE6qsEhitcDkvTXGM5wZSFyEtoYcLcmCEO5jBsYCu2D9Om8xShRdgpcyTgeG66hH7BmvBDklhI7tM92UOD25aAJDRUr6nAK9c3bgSpJHMkZr20IDCzjeSiCYyETaHZerMWGENkljQBcs8mpsLW1pBEeP+TMX5nDVnvTWuofu6h/idTyVz3SPeQq7wmk5r7ZHQzbHizhdB8Zo17npWQvER7GxJWN1K0nhElr1n7uQgCo0qtEBgGLR1DjtSbe9YHhq5ICVLBM0x3CJspBkHmyCk6A7bk37xtqQgMNs6VWAgMVk5JmOQqPEyMJgU+LwhDHk+JUGqUiMXIdcYSsZDLgBlswPN0UJzCFVxukn/lYbCgHUspIhe8KN593xQ/NHEQIBtkmTwWfVFmEsYoNccVEoQFW1TuxwJzrCRnRKksHixaOM99GA8T2SJ0HJImsVeZO8/BGM19DFlGLeFV3kvpL0sSqUBCCibwgi0hQ5gZK+Nijtq5V6yX1wypQEIIKKTbgm2atxYzIc1rxnMicZGXsUpg9JOCRl6NoXswd2Bvnrm2z9wjaxHx3GmnnfK9iFm7vmNdy/pxb3BrmkdjjOMQ1wwCMxuKQxIY81QBANJc5Df54VlQReGZo9YB+cMzyFNN0fG0MKB4qyk7IViGF+JCCTnEHwAADJlJREFUJwitG+M2I2y23rcf5T6tD/con9Hz6+QiIlqllfVGZpK/1p6+kY3KjBlAjJiS6kAGIEJCKmSMakcytpAO8se1JoWty/Wb3su5hiqj1je6AQlxz6IKnAp0i77CwDXJI+PDg6w62MaTZKQcKIm7tnaw/xFdQweRd6ItZNK8bakIjAXFmi0LACM3EQh3luMQHZ4XsEnHm7DcbCaoflBqSrhNBMreoMt3QUYQGzkuJSxGGfKcCD2ZMBSkRUThIBjFEqneg/NZMIgKjwvlVyaWY004O/oSJHDcfffdcymb79yPrHILy2KrCgjK1/mERfTDBHSfwhQIpXCXvBmCa4w2NIHRX9ViJQzE1bv33ntnD4Z5Z8EWy0rIiJBASpFQYyO+zVtlrFkaFqu8FB40wtCY1JvPnJcAREjEmAn0QmB8R6AhpnYkNYfkhEmEk18gH8z/pRk/88p9GzP3Q4gQFs7Du0dIlnlYjlvr70FgZhvBIQmMuayypmwZb/5JZmecyeEzl61ZHg3E2x5LhejzZpL7ci3MWZ5Ihh0ZZf1Q9AyJ1Wz6g3hR4pQyj0mVwJDhFLEwCWPHmlcxpXLRTsKUOWVd1r3fk8FyI3lHFWqQoTyh5DdMvM+j44YmMIw1aQgIpXu235aiFDiQhfDRR/qJnKFf9IFMIv+Moz21POKEY8Ix5BMjy/cFm3nGdakIDE+DQTX5vTA+EwcowKwq2Hk6vchj3SMlLwbIVciikNwpBqgyCZMXmmHtqxwxqS0SC1xIQIa6viMwkp5YKbwzCJzBqg46y9sCQHScT/ihutAxZR4ZZIoHy6Jh5YtLyghHStxDU2a4Y7lAPcYAobJ/gee/IEquo49V78QiMW06t75bECw13iHKnKCE0SytCBK5LKUUWp+RCgSQkEIiCCchQRYGYcPiInzNVYucgEIueKgsfqTT2HY1c9sY8JwY70Jg9IUrWuzZuBkLc8cYGFfWaZ1AUhDmQ1lDxtoxSBdvDaU1K0ZdfRjzO0YDgiZvi9uaxb7eSNoi8KV8WP4w8yJ/qoR42mvyMggx2OzMGkJGeBzIDevHa4899sgGFGJinlOCFL/wCuPBGlJJJ4RkbSMy5KP1Pkazxsk7W1tUCYx1xAC13QQPgz5LWqXIrbN6uN+aYyQVpW6jPxU6jHS6gnFIllTl+7T9dSx5gPAhh3IaeZGRp1l0J7lFfpEdxQtjjJAYG9sZT/fvuWv0tvCROUCWylmVAkH3IbKKU8hNYyolxG+GaHBdmhwYA2iyKDezCRyFT1CzctdSM2G4RSk7FjnlY+DFP+XEGEzWNKVFeZWGyVJOfu/F+yRUQTg3ufwNHi+IRcFdi+hUJyrBzjLgdSE4kBa7tLqPbbbZJudq8PoQZPVm4WLLPEJYtFAY5c7zwNKapJTr5xv6f4tV/whcghCZmSdBjIBEoIVckEgL1piZhyxDQlVuC4yrOUWsf0QPyZDwzA1O+PKoCA9Vx6MNA3OAl8Q1eMMKgSGMeHEkBXPFehEcFiwh0GStEfaEFuIlFKkfiBcvEaFbJzxt97SWPjd2xt74GRtypAmbtdSn1bhXc8H8hZkXT+A8uBUyYhsGG5IiL4ox5LR4tIAwK48w74QxKo2SJFdY6hQexYjII1eIaFOz/t0745YRZs0xGijQspZ5Q3hVC3GfhQSRsYgLglUlMK5DVyEu+ijnkUEoFEYW1ZtrU9oUPZ3AuEUEGKm8ouTYPOSlXM85kCf3QI7Amaye5dyOMUcQEzlAPDE804xrxM3/PFBSFBjY9J5jzCG5q/AQUmfc6WcxxOHQdj/mIJknlG6uIDz6QY4W2cZgxAvMGzpgaQiMG5QsqpyOoqfk5V20dbYM2jK+G0SWBdcgL5IEUW5TCkrSZdW9WO7fJNZ/JMYxrO+uME2x3Ckrm0Zh8dVGoEjiLG5OVhYLobhvndsCbWuIo3CYigAs3L2ZTGtxPNr6WP3cIrG4LCBeDETTy0IqxKWOF+GAfBDAfktgWvDmct/WRmDcD0FZKp2MAe+CcWkjkASlMeKRUhauHyxrwj5aILBoBMxLClSYgNIjl3iHeSvMQ4SkPnd5cnkNhDgZYhQUb2qT0VbunwyyDshXng9EgpzjgSTXkCThcd4fBon8nKp3upxn0nsbgaHYeUApb/fsWowWCrituWfGKI+xsLB3/1v/yyxT9RUh4dVBROAtP5WMKUZ49f7JLXOA8U2X8V7xvjCgJpFIRghiiADzHkux4M1BxOg38owRJ5JBTpPXS0NgysTnesKoudyAEa0ZgRJXZd0QErw+1Wbi2RxQMrC9B7hjLZZoy4VAG4FZrruMuwkElg8BipOnmJHBu4G88JRQrjzaSJMQqs+ExadtbQRm2vPE7/sjQG9JUbATM4MfyUNAEVyECRkqzgCG4tIQmJLTIPSCvNSt3f4QbBy/NHjcplyvXQSGhaAihbu1KVy0caC1vL0MArO8YxN3ttwIWDvybniseUCEFuSe8UIK4fI62wqfB7XLo9PWyyAwbcgs7nOeMmE1HjzheVGEkkpiXIWXhMWFBoWOl4LAcL3J1xD7xLLGTBBd3NAMe2aDJxNejkYXgeGBkZthIsyyiIe96zhbHYEgMHVE4v9AoB8CwhJ0hlCV8l2KT9oBOSdXT1hXZRTvtHwJlj1LXl6gnBwvYQohLOuw3oLA1BFZ7P8lbC6xWVhOBZiEb+kYwk+4Ac8MnSbvxjiPSmC4AJEVrj5uvlJxVI2pLRaytXt2g8d9Kl9Isq2kt2qTA8MqUVarksYinidJr3ru+Hs4BILADIdlnGnjQoD8U+wg7YC1Xqoj5XzJw1G5R8HxxpB9ihYky0u4L5V6kkx5spu800FgVnc+GSMl1vbeUd2EnJYyfLlTxklejS0+5AeOmsSLpLhhSZBKIFVPzBKnXF2Il+dqsJNIJmtfoq0kpyrxQwx5tcpk8Nt6At3y9GbjvZMgMBvv2EfPZ0dAroSqHwmdKiTl+JF5mlwYycBKeBUiIDQMuvDAzI73ahwpLUJUwZYf9JaxQ1J4ZhBMW1QgMBKEjSeCOYoHppAXE427iJuoqfxsNUBbq9dARgy4zaIQGFVCVYLiO5vOWeAy3ttKEtdq/9fLfQeBWS8jGf1YLQToD2kHqlKU60r2ZND53Is3WvWLLSZY9JTdLC08MLOgNvsxyvmVxduDi1Oj7EuErNp7SzRBBVSJNoxGYNyQ0iyuIGVTiExV+c4OwcZzpIUqLsgKEUJSuYW0lCYRWsITl6nSXlVL0ZYPgSAwyzcmcUfLjQC5Z6deWwVI9rQrNnmoWU9CDfa+YrErty7fTdurIDDTIjb77+l/W4wgKLb7QDxL2TXPmn19lMRzeMh90hZOYLh+TC4kRaIpjwAmJTdDgo4NtihabqJosyFg7wMJTwae+421wTqR1CaBzYD7PwjibPgu+qjiNvUQTwtX8uGsAnfR9xrnDwSWAQEGsE0nldPSIfYDKY1y45mxP5Y9lORVzuJ9tgbJTXs8CWfYy0beYWztUZAe9l2ISCRGYjUCKsdFg7fUEvjb60dlmdwn3pmF58DY24UitQusXRY9lZKipVSRGnkZs7r3hoVv7Z7NINrvRSzQwuV1Ef+FsY2eKMTCZNduL9ffnZv3MumNm6oIu1x6ppIN62zSZFyDyKy/cY8ezYeANcHLwuPMcFM2XZVv9g0RUrcTMHmoQKQow75XRojIVPvL2ENLoi/dVZ7L5/rRhkUAyVQubaM8ibsFY4a30JJN9LbffvtMWuV7MvwWTmDktWBOtjT3MCiTyrN5eF8kVIWAHmYScLFRhp5/oXRQ/Nf+CMrPwmIYBuOhz2LxWYjGqpR0erdQVeSFtTc04nG+9YAAeUa52dBM2bT0g2qjV2xqJzeGEUf58dhM03heeHjsoVVdm/aUsR1FU8XSNOeP3/4vAkgmw00OjL9LxMC7xwYgrHa05xHzKBVt4SEkQljsSvKNcl8ucu4fe5hECwQCgUAgEAgEAoFAYBYEFk5geFhYmtw9kqkwVxcNr8AswxXHBAKBQCAQCAQCgQAEFk5gAuZAIBAIBAKBQCAQCASGRiAIzNCIxvkCgUAgEAgEAoFAYOEIBIFZOMRxgUAgEAgEAoFAIBAYGoFRCIwMcrkw8QoMYg7EHIg5EHMg5kDMgVnmgLxaW4Z4ZE6ftkFJk/0rJOba2bUk5/Y5uPzGvjCqkeIVGMQciDkQcyDmQMyBmAOzzAF7ZtlX7rjjjiv0ovN9EAKjLt820PEKDGIOxByIORBzIOZAzIFZ54BHEvXdqHAQAtNJkeLLQCAQCAQCgUAgEAgEBkbg/wBtNialr9d9PwAAAABJRU5ErkJggg==\" alt=\"\" style=\"width: 341.938px; height: 91.5904px;\"></p><p style=\"text-align: center;\">这个公式懂鸭？</p><p style=\"text-align: center;\"><img src=\"https://swing-durian.oss-cn-beijing.aliyuncs.com/c5/dd/c5ddfdf542974eac8ce2733348564258.png\" data-filename=\"批注 2020-06-06 185919.png\" style=\"width: 193.201px; height: 189.413px;\"><br></p>', 1, 5, 'swing', '2020-08-08 12:04:45', 'swing', '2020-08-08 20:55:15', '');

-- ----------------------------
-- Table structure for sys_post
-- ----------------------------
DROP TABLE IF EXISTS `sys_post`;
CREATE TABLE `sys_post`  (
  `id` bigint(20) NOT NULL AUTO_INCREMENT COMMENT '岗位ID',
  `post_name` varchar(50) CHARACTER SET utf8mb4 COLLATE utf8mb4_general_ci NOT NULL COMMENT '岗位名称',
  `is_use` tinyint(1) NOT NULL DEFAULT 1 COMMENT '是否使用（1 使用，0 停用）',
  `order_num` int(4) NULL DEFAULT NULL COMMENT '显示顺序',
  `create_by` varchar(64) CHARACTER SET utf8mb4 COLLATE utf8mb4_general_ci NULL DEFAULT '' COMMENT '创建者',
  `create_time` datetime(0) NULL DEFAULT NULL COMMENT '创建时间',
  `update_by` varchar(64) CHARACTER SET utf8mb4 COLLATE utf8mb4_general_ci NULL DEFAULT '' COMMENT '更新者',
  `update_time` datetime(0) NULL DEFAULT NULL COMMENT '更新时间',
  `remark` varchar(500) CHARACTER SET utf8mb4 COLLATE utf8mb4_general_ci NULL DEFAULT NULL COMMENT '备注',
  PRIMARY KEY (`id`) USING BTREE,
  UNIQUE INDEX `uk_post_name`(`post_name`) USING BTREE
) ENGINE = InnoDB AUTO_INCREMENT = 120 CHARACTER SET = utf8mb4 COLLATE = utf8mb4_general_ci COMMENT = '岗位信息表' ROW_FORMAT = DYNAMIC;

-- ----------------------------
-- Records of sys_post
-- ----------------------------
INSERT INTO `sys_post` VALUES (3, 'test1', 1, 1, 'swing', '2020-05-06 20:39:08', 'swing', '2020-05-07 08:37:18', NULL);
INSERT INTO `sys_post` VALUES (4, 'test11', 1, 1, 'swing', '2020-05-06 20:39:57', 'swing', '2020-05-09 17:35:40', NULL);
INSERT INTO `sys_post` VALUES (5, 'test2', 1, 1, 'swing', '2020-05-06 20:39:21', 'swing', '2020-05-08 11:13:11', NULL);
INSERT INTO `sys_post` VALUES (8, '产品经理1', 1, 32, 'swing', '2020-04-30 17:54:39', 'swing', '2020-07-10 10:36:06', '这个糟老头子坏得很212');
INSERT INTO `sys_post` VALUES (10, '人力资源', 1, 1, 'swing', '2018-03-16 11:33:00', 'swing', '2020-05-06 19:42:11', '');
INSERT INTO `sys_post` VALUES (11, '程序员', 1, 1, 'swing', '2020-04-15 19:07:49', 'swing', '2020-05-06 19:30:51', NULL);
INSERT INTO `sys_post` VALUES (12, '董事长', 1, 1, 'swing', '2018-03-16 11:33:00', 'swing', '2018-03-16 11:33:00', '');
INSERT INTO `sys_post` VALUES (13, '销售总监2', 1, 2, 'swing', '2020-05-08 11:30:48', 'swing', '2020-07-11 14:29:15', '销售总监是一个还不错的岗位\r\n但是非头发');
INSERT INTO `sys_post` VALUES (14, '项目经理', 1, 1, 'swing', '2018-03-16 11:33:00', 'swing', '2020-07-16 12:37:36', '');
INSERT INTO `sys_post` VALUES (117, '划水工程师', 1, 1, 'swing', '2020-07-10 10:37:26', 'swing', '2020-07-10 10:37:26', '每天来公司划划水');
INSERT INTO `sys_post` VALUES (118, '拍马屁员', 1, 18, 'swing', '2020-07-10 11:57:43', 'swing', '2020-07-10 11:57:43', '逗你开心');
INSERT INTO `sys_post` VALUES (119, 'java开发工程师', 1, 1, 'swing', '2020-07-11 10:57:55', 'swing', '2020-07-11 10:57:55', '我的职位');

-- ----------------------------
-- Table structure for sys_post_dept
-- ----------------------------
DROP TABLE IF EXISTS `sys_post_dept`;
CREATE TABLE `sys_post_dept`  (
  `post_id` bigint(20) NOT NULL COMMENT '岗位id',
  `dept_id` bigint(20) NOT NULL COMMENT '部门id',
  PRIMARY KEY (`post_id`, `dept_id`) USING BTREE
) ENGINE = InnoDB CHARACTER SET = utf8mb4 COLLATE = utf8mb4_general_ci ROW_FORMAT = DYNAMIC;

-- ----------------------------
-- Records of sys_post_dept
-- ----------------------------
INSERT INTO `sys_post_dept` VALUES (2, 103);
INSERT INTO `sys_post_dept` VALUES (2, 104);
INSERT INTO `sys_post_dept` VALUES (3, 101);
INSERT INTO `sys_post_dept` VALUES (3, 102);
INSERT INTO `sys_post_dept` VALUES (3, 112);
INSERT INTO `sys_post_dept` VALUES (4, 108);
INSERT INTO `sys_post_dept` VALUES (6, 112);
INSERT INTO `sys_post_dept` VALUES (10, 101);
INSERT INTO `sys_post_dept` VALUES (10, 102);
INSERT INTO `sys_post_dept` VALUES (10, 112);
INSERT INTO `sys_post_dept` VALUES (10, 258);
INSERT INTO `sys_post_dept` VALUES (11, 112);
INSERT INTO `sys_post_dept` VALUES (11, 258);
INSERT INTO `sys_post_dept` VALUES (12, 102);
INSERT INTO `sys_post_dept` VALUES (12, 258);
INSERT INTO `sys_post_dept` VALUES (13, 101);
INSERT INTO `sys_post_dept` VALUES (13, 258);
INSERT INTO `sys_post_dept` VALUES (14, 101);
INSERT INTO `sys_post_dept` VALUES (14, 112);
INSERT INTO `sys_post_dept` VALUES (14, 258);
INSERT INTO `sys_post_dept` VALUES (117, 101);
INSERT INTO `sys_post_dept` VALUES (117, 102);
INSERT INTO `sys_post_dept` VALUES (117, 258);

-- ----------------------------
-- Table structure for sys_role
-- ----------------------------
DROP TABLE IF EXISTS `sys_role`;
CREATE TABLE `sys_role`  (
  `id` bigint(20) NOT NULL AUTO_INCREMENT COMMENT '角色ID',
  `role_name` varchar(30) CHARACTER SET utf8mb4 COLLATE utf8mb4_general_ci NOT NULL COMMENT '角色名称',
  `is_deleted` tinyint(1) NOT NULL DEFAULT 0 COMMENT '是否删除（1 是 0：否）',
  `is_use` tinyint(1) NOT NULL DEFAULT 1 COMMENT '是否使用（1 使用，0 停用）',
  `order_num` int(4) NOT NULL COMMENT '显示顺序',
  `create_by` varchar(64) CHARACTER SET utf8mb4 COLLATE utf8mb4_general_ci NULL DEFAULT '' COMMENT '创建者',
  `create_time` datetime(0) NULL DEFAULT NULL COMMENT '创建时间',
  `update_by` varchar(64) CHARACTER SET utf8mb4 COLLATE utf8mb4_general_ci NULL DEFAULT '' COMMENT '更新者',
  `update_time` datetime(0) NULL DEFAULT NULL COMMENT '更新时间',
  `remark` varchar(500) CHARACTER SET utf8mb4 COLLATE utf8mb4_general_ci NULL DEFAULT NULL COMMENT '备注',
  PRIMARY KEY (`id`) USING BTREE,
  UNIQUE INDEX `uk_role_name`(`role_name`) USING BTREE
) ENGINE = InnoDB AUTO_INCREMENT = 132 CHARACTER SET = utf8mb4 COLLATE = utf8mb4_general_ci COMMENT = '角色信息表' ROW_FORMAT = DYNAMIC;

-- ----------------------------
-- Records of sys_role
-- ----------------------------
INSERT INTO `sys_role` VALUES (1, 'admin', 0, 1, 2, 'swing', '2020-06-17 18:30:41', 'swing', '2020-06-17 18:30:41', '测试角色');
INSERT INTO `sys_role` VALUES (131, '审核员', 0, 1, 3, 'swing', '2020-07-11 11:07:46', 'swing', '2020-08-08 15:39:41', '题目审核员，负责审核本专业上传的题目');

-- ----------------------------
-- Table structure for sys_role_dept
-- ----------------------------
DROP TABLE IF EXISTS `sys_role_dept`;
CREATE TABLE `sys_role_dept`  (
  `role_id` bigint(20) NOT NULL COMMENT '角色ID',
  `dept_id` bigint(20) NOT NULL COMMENT '部门ID',
  PRIMARY KEY (`role_id`, `dept_id`) USING BTREE
) ENGINE = InnoDB CHARACTER SET = utf8mb4 COLLATE = utf8mb4_general_ci COMMENT = '角色和部门关联表' ROW_FORMAT = DYNAMIC;

-- ----------------------------
-- Records of sys_role_dept
-- ----------------------------
INSERT INTO `sys_role_dept` VALUES (39, 112);
INSERT INTO `sys_role_dept` VALUES (39, 113);
INSERT INTO `sys_role_dept` VALUES (40, 114);
INSERT INTO `sys_role_dept` VALUES (41, 101);
INSERT INTO `sys_role_dept` VALUES (41, 102);
INSERT INTO `sys_role_dept` VALUES (41, 112);
INSERT INTO `sys_role_dept` VALUES (41, 116);

-- ----------------------------
-- Table structure for sys_role_menu
-- ----------------------------
DROP TABLE IF EXISTS `sys_role_menu`;
CREATE TABLE `sys_role_menu`  (
  `role_id` bigint(20) NOT NULL COMMENT '角色ID',
  `menu_id` bigint(20) NOT NULL COMMENT '菜单ID',
  PRIMARY KEY (`role_id`, `menu_id`) USING BTREE
) ENGINE = InnoDB CHARACTER SET = utf8mb4 COLLATE = utf8mb4_general_ci COMMENT = '角色和菜单关联表' ROW_FORMAT = DYNAMIC;

-- ----------------------------
-- Records of sys_role_menu
-- ----------------------------
INSERT INTO `sys_role_menu` VALUES (1, 1);
INSERT INTO `sys_role_menu` VALUES (1, 2);
INSERT INTO `sys_role_menu` VALUES (1, 100);
INSERT INTO `sys_role_menu` VALUES (1, 101);
INSERT INTO `sys_role_menu` VALUES (1, 102);
INSERT INTO `sys_role_menu` VALUES (1, 103);
INSERT INTO `sys_role_menu` VALUES (1, 104);
INSERT INTO `sys_role_menu` VALUES (1, 105);
INSERT INTO `sys_role_menu` VALUES (1, 106);
INSERT INTO `sys_role_menu` VALUES (1, 107);
INSERT INTO `sys_role_menu` VALUES (1, 108);
INSERT INTO `sys_role_menu` VALUES (1, 112);
INSERT INTO `sys_role_menu` VALUES (1, 500);
INSERT INTO `sys_role_menu` VALUES (1, 501);
INSERT INTO `sys_role_menu` VALUES (1, 1000);
INSERT INTO `sys_role_menu` VALUES (1, 1001);
INSERT INTO `sys_role_menu` VALUES (1, 1002);
INSERT INTO `sys_role_menu` VALUES (1, 1003);
INSERT INTO `sys_role_menu` VALUES (1, 1004);
INSERT INTO `sys_role_menu` VALUES (1, 1005);
INSERT INTO `sys_role_menu` VALUES (1, 1006);
INSERT INTO `sys_role_menu` VALUES (1, 1007);
INSERT INTO `sys_role_menu` VALUES (1, 1008);
INSERT INTO `sys_role_menu` VALUES (1, 1009);
INSERT INTO `sys_role_menu` VALUES (1, 1010);
INSERT INTO `sys_role_menu` VALUES (1, 1011);
INSERT INTO `sys_role_menu` VALUES (1, 1012);
INSERT INTO `sys_role_menu` VALUES (1, 1013);
INSERT INTO `sys_role_menu` VALUES (1, 1014);
INSERT INTO `sys_role_menu` VALUES (1, 1015);
INSERT INTO `sys_role_menu` VALUES (1, 1016);
INSERT INTO `sys_role_menu` VALUES (1, 1017);
INSERT INTO `sys_role_menu` VALUES (1, 1018);
INSERT INTO `sys_role_menu` VALUES (1, 1019);
INSERT INTO `sys_role_menu` VALUES (1, 1020);
INSERT INTO `sys_role_menu` VALUES (1, 1021);
INSERT INTO `sys_role_menu` VALUES (1, 1022);
INSERT INTO `sys_role_menu` VALUES (1, 1023);
INSERT INTO `sys_role_menu` VALUES (1, 1024);
INSERT INTO `sys_role_menu` VALUES (1, 1025);
INSERT INTO `sys_role_menu` VALUES (1, 1026);
INSERT INTO `sys_role_menu` VALUES (1, 1027);
INSERT INTO `sys_role_menu` VALUES (1, 1028);
INSERT INTO `sys_role_menu` VALUES (1, 1029);
INSERT INTO `sys_role_menu` VALUES (1, 1030);
INSERT INTO `sys_role_menu` VALUES (1, 1031);
INSERT INTO `sys_role_menu` VALUES (1, 1032);
INSERT INTO `sys_role_menu` VALUES (1, 1033);
INSERT INTO `sys_role_menu` VALUES (1, 1034);
INSERT INTO `sys_role_menu` VALUES (1, 1035);
INSERT INTO `sys_role_menu` VALUES (1, 1036);
INSERT INTO `sys_role_menu` VALUES (1, 1037);
INSERT INTO `sys_role_menu` VALUES (1, 1038);
INSERT INTO `sys_role_menu` VALUES (1, 1039);
INSERT INTO `sys_role_menu` VALUES (1, 1040);
INSERT INTO `sys_role_menu` VALUES (1, 1041);
INSERT INTO `sys_role_menu` VALUES (1, 1042);
INSERT INTO `sys_role_menu` VALUES (1, 1043);
INSERT INTO `sys_role_menu` VALUES (1, 1044);
INSERT INTO `sys_role_menu` VALUES (1, 1045);
INSERT INTO `sys_role_menu` VALUES (1, 1046);
INSERT INTO `sys_role_menu` VALUES (1, 1126);
INSERT INTO `sys_role_menu` VALUES (131, 1127);
INSERT INTO `sys_role_menu` VALUES (131, 1129);
INSERT INTO `sys_role_menu` VALUES (131, 1133);
INSERT INTO `sys_role_menu` VALUES (131, 1134);
INSERT INTO `sys_role_menu` VALUES (131, 1135);
INSERT INTO `sys_role_menu` VALUES (131, 1136);

-- ----------------------------
-- Table structure for sys_user
-- ----------------------------
DROP TABLE IF EXISTS `sys_user`;
CREATE TABLE `sys_user`  (
  `id` bigint(20) NOT NULL AUTO_INCREMENT COMMENT '用户ID',
  `dept_id` bigint(20) NOT NULL COMMENT '部门id',
  `username` varchar(30) CHARACTER SET utf8mb4 COLLATE utf8mb4_general_ci NOT NULL COMMENT '用户账号',
  `password` varchar(100) CHARACTER SET utf8mb4 COLLATE utf8mb4_general_ci NOT NULL DEFAULT '' COMMENT '密码',
  `nick_name` varchar(30) CHARACTER SET utf8mb4 COLLATE utf8mb4_general_ci NOT NULL COMMENT '用户昵称',
  `email` varchar(50) CHARACTER SET utf8mb4 COLLATE utf8mb4_general_ci NOT NULL DEFAULT '' COMMENT '用户邮箱',
  `phone` varchar(11) CHARACTER SET utf8mb4 COLLATE utf8mb4_general_ci NOT NULL DEFAULT '' COMMENT '手机号码',
  `gender` char(1) CHARACTER SET utf8mb4 COLLATE utf8mb4_general_ci NOT NULL DEFAULT '0' COMMENT '用户性别（M男 W女 N未知）',
  `avatar` varchar(100) CHARACTER SET utf8mb4 COLLATE utf8mb4_general_ci NULL DEFAULT '' COMMENT '头像地址',
  `is_deleted` tinyint(1) NOT NULL DEFAULT 0 COMMENT '是否删除 (1 删除，0 未删除）',
  `is_use` tinyint(1) NOT NULL DEFAULT 1 COMMENT '是否使用（1 使用，0 停用）',
  `order_num` int(4) NULL DEFAULT NULL COMMENT '显示顺序',
  `create_by` varchar(64) CHARACTER SET utf8mb4 COLLATE utf8mb4_general_ci NULL DEFAULT '' COMMENT '创建者',
  `create_time` datetime(0) NULL DEFAULT NULL COMMENT '创建时间',
  `update_by` varchar(64) CHARACTER SET utf8mb4 COLLATE utf8mb4_general_ci NULL DEFAULT '' COMMENT '更新者',
  `update_time` datetime(0) NULL DEFAULT NULL COMMENT '更新时间',
  `remark` varchar(500) CHARACTER SET utf8mb4 COLLATE utf8mb4_general_ci NULL DEFAULT NULL COMMENT '备注',
  PRIMARY KEY (`id`) USING BTREE,
  UNIQUE INDEX `uk_username`(`username`) USING BTREE,
  UNIQUE INDEX `uk_email`(`email`) USING BTREE,
  UNIQUE INDEX `uk_phone`(`phone`) USING BTREE
) ENGINE = InnoDB AUTO_INCREMENT = 104 CHARACTER SET = utf8mb4 COLLATE = utf8mb4_general_ci COMMENT = '用户信息表' ROW_FORMAT = DYNAMIC;

-- ----------------------------
-- Records of sys_user
-- ----------------------------
INSERT INTO `sys_user` VALUES (1, 103, 'swing', '$2a$10$pWoKMOJgcIgbLQx8ZnrENetLq6S5hD1f4/T0p0pM2fyjN350iXJVi', 'swing', '312312312', '15994783844', 'M', '', 1, 1, 1, 'swing', '2020-06-16 11:20:17', 'swing', '2020-06-16 11:20:23', 'user');
INSERT INTO `sys_user` VALUES (103, 103, 'qian', '$2a$10$ODnfZMZEAgaGzEmaRa49N.ifadwFCA7.1mJdEasitAC1RcIkulEly', 'money', '1885622435@173.com', '18845224514', 'W', '', 0, 1, 3, 'swing', '2020-07-11 13:43:16', 'swing', '2020-08-09 17:59:49', '我是money');

-- ----------------------------
-- Table structure for sys_user_online
-- ----------------------------
DROP TABLE IF EXISTS `sys_user_online`;
CREATE TABLE `sys_user_online`  (
  `id` bigint(20) NOT NULL AUTO_INCREMENT COMMENT 'id',
  `session_id` varchar(50) CHARACTER SET utf8mb4 COLLATE utf8mb4_general_ci NOT NULL DEFAULT '' COMMENT '用户会话id',
  `username` varchar(50) CHARACTER SET utf8mb4 COLLATE utf8mb4_general_ci NULL DEFAULT '' COMMENT '登录账号',
  `client_type` char(1) CHARACTER SET utf8mb4 COLLATE utf8mb4_general_ci NULL DEFAULT NULL COMMENT '客户端类别',
  `ip` varchar(50) CHARACTER SET utf8mb4 COLLATE utf8mb4_general_ci NULL DEFAULT '' COMMENT '登录IP地址',
  `location` varchar(255) CHARACTER SET utf8mb4 COLLATE utf8mb4_general_ci NULL DEFAULT '' COMMENT '登录地点',
  `os` varchar(50) CHARACTER SET utf8mb4 COLLATE utf8mb4_general_ci NULL DEFAULT '' COMMENT '操作系统',
  `browser` varchar(50) CHARACTER SET utf8mb4 COLLATE utf8mb4_general_ci NULL DEFAULT '' COMMENT '浏览器类型',
  `is_online` tinyint(1) NULL DEFAULT NULL COMMENT '是否在线(1:在线，0:离线）',
  `create_time` datetime(0) NULL DEFAULT NULL COMMENT 'session创建时间',
  `last_access_time` datetime(0) NULL DEFAULT NULL COMMENT 'session最后访问时间',
  `expire_time` int(5) NULL DEFAULT 0 COMMENT '超时时间，单位为分钟',
  PRIMARY KEY (`id`) USING BTREE,
  UNIQUE INDEX `uk_session_id`(`session_id`) USING BTREE
) ENGINE = InnoDB AUTO_INCREMENT = 1 CHARACTER SET = utf8mb4 COLLATE = utf8mb4_general_ci COMMENT = '在线用户记录' ROW_FORMAT = DYNAMIC;

-- ----------------------------
-- Records of sys_user_online
-- ----------------------------

-- ----------------------------
-- Table structure for sys_user_post
-- ----------------------------
DROP TABLE IF EXISTS `sys_user_post`;
CREATE TABLE `sys_user_post`  (
  `user_id` bigint(20) NOT NULL COMMENT '用户ID',
  `post_id` bigint(20) NOT NULL COMMENT '岗位ID',
  PRIMARY KEY (`user_id`, `post_id`) USING BTREE
) ENGINE = InnoDB CHARACTER SET = utf8mb4 COLLATE = utf8mb4_general_ci COMMENT = '用户与岗位关联表' ROW_FORMAT = DYNAMIC;

-- ----------------------------
-- Records of sys_user_post
-- ----------------------------
INSERT INTO `sys_user_post` VALUES (40, 54);
INSERT INTO `sys_user_post` VALUES (40, 55);
INSERT INTO `sys_user_post` VALUES (40, 56);
INSERT INTO `sys_user_post` VALUES (41, 54);
INSERT INTO `sys_user_post` VALUES (41, 55);
INSERT INTO `sys_user_post` VALUES (41, 56);
INSERT INTO `sys_user_post` VALUES (42, 54);
INSERT INTO `sys_user_post` VALUES (42, 55);
INSERT INTO `sys_user_post` VALUES (42, 56);
INSERT INTO `sys_user_post` VALUES (103, 117);

-- ----------------------------
-- Table structure for sys_user_role
-- ----------------------------
DROP TABLE IF EXISTS `sys_user_role`;
CREATE TABLE `sys_user_role`  (
  `user_id` bigint(20) NOT NULL COMMENT '用户ID',
  `role_id` bigint(20) NOT NULL COMMENT '角色ID',
  PRIMARY KEY (`user_id`, `role_id`) USING BTREE
) ENGINE = InnoDB CHARACTER SET = utf8mb4 COLLATE = utf8mb4_general_ci COMMENT = '用户和角色关联表' ROW_FORMAT = DYNAMIC;

-- ----------------------------
-- Records of sys_user_role
-- ----------------------------
INSERT INTO `sys_user_role` VALUES (103, 131);

-- ----------------------------
-- Table structure for ti_answer
-- ----------------------------
DROP TABLE IF EXISTS `ti_answer`;
CREATE TABLE `ti_answer`  (
  `id` bigint(20) NOT NULL AUTO_INCREMENT COMMENT '答案id',
  `question_id` bigint(20) NULL DEFAULT NULL COMMENT '题目id',
  `answer` text CHARACTER SET utf8mb4 COLLATE utf8mb4_general_ci NULL COMMENT '答案',
  `analysis` text CHARACTER SET utf8mb4 COLLATE utf8mb4_general_ci NULL COMMENT '解析',
  `is_use` tinyint(1) NOT NULL DEFAULT 1 COMMENT '是否使用（1 使用，0 停用）',
  `order_num` int(4) NULL DEFAULT NULL COMMENT '显示顺序',
  `create_by` varchar(64) CHARACTER SET utf8mb4 COLLATE utf8mb4_general_ci NULL DEFAULT '' COMMENT '创建者',
  `create_time` datetime(0) NULL DEFAULT NULL COMMENT '创建时间',
  `update_by` varchar(64) CHARACTER SET utf8mb4 COLLATE utf8mb4_general_ci NULL DEFAULT '' COMMENT '更新者',
  `update_time` datetime(0) NULL DEFAULT NULL COMMENT '更新时间',
  `remark` varchar(500) CHARACTER SET utf8mb4 COLLATE utf8mb4_general_ci NULL DEFAULT NULL COMMENT '备注',
  PRIMARY KEY (`id`) USING BTREE
) ENGINE = InnoDB AUTO_INCREMENT = 104 CHARACTER SET = utf8mb4 COLLATE = utf8mb4_general_ci COMMENT = '用户信息表' ROW_FORMAT = DYNAMIC;

-- ----------------------------
-- Records of ti_answer
-- ----------------------------
INSERT INTO `ti_answer` VALUES (1, 2, '发射点发射点发就', '啊发射点发射点', 1, 3, 'swing', '2020-08-07 18:38:24', 'swing', '2020-08-07 18:38:20', '测试');

-- ----------------------------
-- Table structure for ti_course
-- ----------------------------
DROP TABLE IF EXISTS `ti_course`;
CREATE TABLE `ti_course`  (
  `id` bigint(20) NOT NULL AUTO_INCREMENT COMMENT '课程id',
  `course_code` varchar(20) CHARACTER SET utf8mb4 COLLATE utf8mb4_general_ci NOT NULL COMMENT '课程号',
  `dept_id` bigint(20) NULL DEFAULT NULL COMMENT '开课单位（学院）',
  `course_name` varchar(255) CHARACTER SET utf8mb4 COLLATE utf8mb4_general_ci NULL DEFAULT NULL COMMENT '课程名',
  `course_type` char(1) CHARACTER SET utf8mb4 COLLATE utf8mb4_general_ci NULL DEFAULT NULL COMMENT '课程类型（A 通识必修 B 通识选修 C 专业必修 D 专业选修）',
  `credit` int(3) NULL DEFAULT NULL COMMENT '课程学分',
  `teacher` varchar(20) CHARACTER SET utf8mb4 COLLATE utf8mb4_general_ci NULL DEFAULT NULL COMMENT '任课老师',
  `is_use` tinyint(1) NOT NULL DEFAULT 1 COMMENT '是否使用（1 使用，0 停用）',
  `order_num` int(4) NULL DEFAULT NULL COMMENT '显示顺序',
  `create_by` varchar(64) CHARACTER SET utf8mb4 COLLATE utf8mb4_general_ci NULL DEFAULT '' COMMENT '创建者',
  `create_time` datetime(0) NULL DEFAULT NULL COMMENT '创建时间',
  `update_by` varchar(64) CHARACTER SET utf8mb4 COLLATE utf8mb4_general_ci NULL DEFAULT '' COMMENT '更新者',
  `update_time` datetime(0) NULL DEFAULT NULL COMMENT '更新时间',
  `remark` varchar(500) CHARACTER SET utf8mb4 COLLATE utf8mb4_general_ci NULL DEFAULT NULL COMMENT '备注',
  PRIMARY KEY (`id`) USING BTREE,
  UNIQUE INDEX `uk_couse_code`(`course_code`) USING BTREE COMMENT '唯一课程号'
) ENGINE = InnoDB AUTO_INCREMENT = 109 CHARACTER SET = utf8mb4 COLLATE = utf8mb4_general_ci COMMENT = '用户信息表' ROW_FORMAT = DYNAMIC;

-- ----------------------------
-- Records of ti_course
-- ----------------------------
INSERT INTO `ti_course` VALUES (104, '3245643211', 101, '电力电子', 'D', 3, '王丁', 1, 1, 'swing', '2020-08-08 19:43:17', 'swing', '2020-08-08 20:18:50', '这科很难');
INSERT INTO `ti_course` VALUES (105, '4123123452', 101, '电工学', 'C', 3, '斗寅丰', 1, 2, 'swing', '2020-08-08 20:20:17', 'swing', '2020-08-08 20:20:17', '这科我挂过');
INSERT INTO `ti_course` VALUES (106, '3221675564', 101, '自控原理', 'C', 4, '高媛', 1, 1, 'swing', '2020-08-08 20:21:16', 'swing', '2020-08-08 20:21:16', '');
INSERT INTO `ti_course` VALUES (107, '2671726176', 265, '高等数学（上）', 'A', 5, '老王', 1, 2, 'swing', '2020-08-08 20:25:26', 'swing', '2020-08-08 20:25:46', '我过了');
INSERT INTO `ti_course` VALUES (108, '4232324443', 102, '期货管理学', 'B', 1, '小李', 1, 5, 'swing', '2020-08-08 20:42:21', 'swing', '2020-08-08 20:42:33', '这科儿老师特别好');

-- ----------------------------
-- Table structure for ti_dept_course
-- ----------------------------
DROP TABLE IF EXISTS `ti_dept_course`;
CREATE TABLE `ti_dept_course`  (
  `dept_id` bigint(20) NOT NULL COMMENT '专业id',
  `course_id` bigint(20) NOT NULL COMMENT '课程id',
  PRIMARY KEY (`dept_id`, `course_id`) USING BTREE
) ENGINE = InnoDB CHARACTER SET = utf8mb4 COLLATE = utf8mb4_general_ci COMMENT = '用户与岗位关联表' ROW_FORMAT = DYNAMIC;

-- ----------------------------
-- Records of ti_dept_course
-- ----------------------------
INSERT INTO `ti_dept_course` VALUES (103, 104);
INSERT INTO `ti_dept_course` VALUES (103, 106);
INSERT INTO `ti_dept_course` VALUES (103, 107);
INSERT INTO `ti_dept_course` VALUES (104, 105);
INSERT INTO `ti_dept_course` VALUES (104, 106);
INSERT INTO `ti_dept_course` VALUES (108, 108);
INSERT INTO `ti_dept_course` VALUES (109, 108);

-- ----------------------------
-- Table structure for ti_question
-- ----------------------------
DROP TABLE IF EXISTS `ti_question`;
CREATE TABLE `ti_question`  (
  `id` bigint(20) NOT NULL AUTO_INCREMENT COMMENT '题目ID',
  `question_type` char(1) CHARACTER SET utf8mb4 COLLATE utf8mb4_general_ci NULL DEFAULT 'A' COMMENT '题型（A 选择题，B 填空题 ,C 计算题）',
  `year` varchar(30) CHARACTER SET utf8mb4 COLLATE utf8mb4_general_ci NULL DEFAULT NULL COMMENT '题目年份',
  `term` tinyint(1) NULL DEFAULT NULL COMMENT '学期（1上学期 0 下学期）',
  `course_id` bigint(20) NULL DEFAULT NULL COMMENT '课程id',
  `chapter_id` bigint(20) NULL DEFAULT NULL COMMENT '章节id',
  `review_point` varchar(100) CHARACTER SET utf8mb4 COLLATE utf8mb4_general_ci NULL DEFAULT NULL COMMENT '知识点',
  `content` text CHARACTER SET utf8mb4 COLLATE utf8mb4_general_ci NULL COMMENT '简要内容（无标签），便于搜索引擎快速搜索',
  `full_content` text CHARACTER SET utf8mb4 COLLATE utf8mb4_general_ci NULL COMMENT '完整的内容，包含格式标签',
  `score` int(5) NULL DEFAULT NULL COMMENT '题目分值',
  `audit_status` char(1) CHARACTER SET utf8mb4 COLLATE utf8mb4_general_ci NOT NULL DEFAULT 'A' COMMENT '题目审核状态（A 审核中,B 通过，C 未通过）',
  `is_use` tinyint(1) NOT NULL DEFAULT 1 COMMENT '是否使用（1 使用，0 停用）',
  `order_num` int(4) NULL DEFAULT 1 COMMENT '显示顺序',
  `create_by` varchar(64) CHARACTER SET utf8mb4 COLLATE utf8mb4_general_ci NULL DEFAULT '' COMMENT '创建者',
  `create_time` datetime(0) NULL DEFAULT NULL COMMENT '创建时间',
  `update_by` varchar(64) CHARACTER SET utf8mb4 COLLATE utf8mb4_general_ci NULL DEFAULT '' COMMENT '更新者',
  `update_time` datetime(0) NULL DEFAULT NULL COMMENT '更新时间',
  `remark` varchar(500) CHARACTER SET utf8mb4 COLLATE utf8mb4_general_ci NULL DEFAULT NULL COMMENT '备注',
  PRIMARY KEY (`id`) USING BTREE
) ENGINE = InnoDB AUTO_INCREMENT = 108 CHARACTER SET = utf8mb4 COLLATE = utf8mb4_general_ci COMMENT = '用户信息表' ROW_FORMAT = DYNAMIC;

-- ----------------------------
-- Records of ti_question
-- ----------------------------
INSERT INTO `ti_question` VALUES (105, 'A', NULL, NULL, 108, NULL, '微积分 高等代数 数学分析', '合法考虑到房价阿萨的开发飞洒法你是个小猪', '<p style=\"text-align: center;\"><img src=\"https://swing-durian.oss-cn-beijing.aliyuncs.com/50/b5/50b56c2a1c3042bcbb0305e407787d2c.png\" data-filename=\"批注 2020-06-06 185919.png\" style=\"width: 151.938px; height: 148.958px;\"></p><p style=\"text-align: center;\">合法考虑到房价阿萨的开发飞洒法</p><p style=\"text-align: center;\">你是个小猪</p><p style=\"text-align: center;\"><img src=\"data:image/png;base64,iVBORw0KGgoAAAANSUhEUgAAAYkAAACGCAYAAAAo/HbcAAASRElEQVR4Ae2dTXPURhqA81/yA3KYrT3tIZe9c9hrfgGcuFP7ByBVPrqyFKc4LGUucAi1lVAUSTZVYTAfY2xsgmNjjA1eQ3k3Acfl8G51Sy21Wt2SZpgPfTxUTWZGo5Hk7kfv877d0uSjP//9nzKLx18ufCMzf3z9Ul4c/yG/j/T4Xf59qwZ/Qx3akWOYPcv0AX0wIQY+moUg1D5nLgjVoLdey/9k9H+by0iiFv04oZODvw2+YeAb6bYkFrdk8HbESuLoV/nXDU4iTiIYgIF2M9BtSZCB1qOiox/oBxioLQNIAjhrCycZarszVPq3Gf3bbUkw3IQgSBJgAAYKGei2JJi4LoSDTK8ZmR79RD9NkoFuS4JLYJEEWSQMwEAhA92WBHAUwjHJ7IRtk/3CQDMYQBKIAlHAAAzAQJCBbkvi4rrc2vtVNvdHebyWrxabkQmQsdFPMAADozLQbUkwcR3MHkYFiu8RjGCgXQx0WxJfv5SDkX+V4w8Z/NAuGDi56U8YgAGXgW5LgnFIKgkYgAEYKGQASQBIISBuVsF7Mk0Y6BYDSAJJIAkYgAEYCDKAJIAjCAcZY7cyRvqb/vYxgCSQBJKAARiAgSADSAI4gnD4sgqWkW3CQLcYQBJIAknAAAzAQJABJAEcQTjIGLuVMdLf9LePASSBJJAEDMAADAQZQBLAEYTDl1WwjGwTBrrFAJJAEkgCBmAABoIMIAngCMJBxtitjJH+pr99DCAJJIEkYAAGYCDIAJIAjiAcvqyCZWSbMNAtBpAEkkASMAADMBBkAEkARxAOMsZuZYz0N/3tYwBJIAkkAQMwAANBBpAEcATh8GUVLCPbhIFuMYAkkASSgAEYgIEgA0gCOIJwkDF2K2Okv+lvHwNIAkkgCRiAARgIMoAkgCMIhy+rYBnZJgx0iwEkgSSQBAzAAAwEGUASwBGEg4yxWxkj/U1/+xhAEkgCScAADMBAkIGPPvn0lMzisfvqP1KXx97+QW2OpS5twnHUh0/6gr6YJQMzk8TJyYm8f/9e6vLv3bt3cnR0JMfHxzw8bfD69Wt5dXDIoyNtoPqbc4FYoBiYmSTqJAglKnU8h4eHnBgeQShQkES3BIkkEIRJEmYmibpUEPZxvHnzBkkgCaqlg0OdFJggwXO3hYEkLEsgifDJQCVBJYEswudHm9sGSSCJStUTkkASbQ6E/G1hASIJJIEkOjIZPcyFB8xJhINm14SCJJAEkkASuXkYJIEkjAyRBJJAEkgCSQQu2DCBssvPSAJJIAkkgSSQRDAOIAkkEYTDzp6YuGbi2uaB190ZjkISSAJJUElQSVBJBOMAkkASQTjsbJFKgkrC5oHXVBIT/9E/KzbX5iU304XBRxJIAjGEz482tw2VhKUoJBE+CZAEkmhzIORvC5/7SAJJMNzEnARzEsxJBOMAkpiSJHZvL8j89WVPR+zK7S/n5dpy2OR1yHKoJKgk6sAhxzD9OIEkpiSJ4+NluTY/74giWrZwe9cjj3h99Z2hH9dkecyZUZMksXrlC/nsykYuOx7mZyl866rtfnz2hqyWVR7fXa62Xtl2zOf7+7Lx9GdZfTSQh4OBDFbW5efNfdkzn0/gWfU3AXn6AbmObd5sSRzvyJOn/7XCvPXytyfyZMd6X+HlWOckXtyWhaGDuxFCcZDXVcmXt2V3zCIoAnTskli7IZ+d+lw+dh6fXbkjF8/ml6frXZabZUEx3nahKFQgd/btvne/70ri5lzRcYY/c7frE1K07I1srg9k6W5f+n3P495A1rYm8z+DQhIIwsSD5krieEe+/2peFn7Yz4f/31bl+qV5ub6a/6hoyVglURDAl6/Pi796qAJmNDw1+ver7CO/zmQkkQ34KuhmA+iGFkZ2WTrso4N2SaB3A796f+67dBs6GGupZI8lCtLR/s36riSCwX0slcRrefronl8OGWEsyeDnl2OvmpBE/hwwQbNrz82URCwINQyTk0QsCPVZPSWhhpEW5PaLihAOWZFMam5jMpLIZ9tZIdyRc6e+kItrTlCPKwl/0Fbf8YigoPrIy8nsb3aS2H4ykLu2DELVhF7ngTx+YY55PM9IouL5WZAMtkUmzZOEJYicJCxB1EUSemio8rCTRx5aEsXDTxGMk50An4wkstl7EqwLhoJsiXglMXQWH0nFrTii/ZRIIjBk5m4r877KnMbBliwvpcNL91a2ZW9/W1buR8vM+9X7d5NK4+5gY6xzFEgCSRjJNUsSf+zpISYlAPNIKglHELWSRKX5g0CF4ZWEb90mSiJQSWhJZAXy6iA/9GQkcVNNKFccdrIlo4aL9Dbm7ljDNbYY7NfxulWC/NCicrL/p8tWFWFVCfvbsra+JbtxVbS9/jCRRL8/kPWCaik4NBb4DpJAEs2ThEcQSgRaEh5BIInxQj72SiIQnHQwsySRBvGwJMzVRkYa5n15YPQMZ2XmJ2Yjic0VZy5iaSDrznDS9saK3LOHo/pL8mjLkU1RG5d8hiTGe/6YgNvE52ZUEgFBaEl8+72epFav3Ucd5iQmM9zU8EqiZJjm3Jy68iiqJCpLQovFnr8on5tIhresgKmWfZxUFgWSKPkbCiubkmrkl5Ulq0KIh5hWd6xqZ0dW46Gn9KonJNHEANyEY26GJDa/lUseCSgp/OPSpZwcjCxqI4lxDzd5h6AaNtzkBObMMJBVSaRBO1BJxAFdr1dlyMkIIBkScuckbNEUSMI6frtiiaqZy3LurL2d4TL8nbUHGUnce5QOMSX7suYoIlE8kNXnw+0n2Zbnb6GSoJIwAmuGJERk785VrygWftiSrVsLXlHURhIBwRmZpc8VJ66Xr8l8TjwNk4Q1rJPL6BNJxAFcB/ZiSeQDXnElcXPODeLR+hlZxfMgVS+BjUQVz6UkEjKBOzr+tEoxyz3P24+toaR0TkIPMVlDT7tPBqlMllbkqSfY59vFsz/P95AEkmicJNT9DT5RRBPXv3lFURtJ5AK6D0DfENKxHOeqhkgGWiyZ7TZQEvGwS7YKiIOsGc45e0MuxjetZQP4oeTkkgl2xZLIBs84gOeGgapWErHMnMt1o6rii+SmQS2btY3yO7YP9mXtQXp1U//esjxeW07FsfRQVuz3/b7cf/zCGo6qJoJsG2S/gyR852g3lzWmkjA3wbmiSK5ukrwoWiEJ5zps+25rdVOeloX3N6HGC7QKGkVBZdjPdABVw0Nzd5xg7w+4+aubTACPA3yVoaZ4HVMZRMcc7y8niGzQVOtGQT/7sxyJ4OYue+/p0J+bIa6MxPLbz7Thi6fysPDeCFsij+WXYbZdYV0kMd7zx2TlTXxunCTciiKVhPokK4raSOJDhpssSURScO+ZSCuLSd1Ip8AeryRMgI+qATXJ61YJmYDpC2rWcJV/3QqVhB7W+rzy7yxpSZiAb75r3h+o/aVDWJEEraGnEf7Gvc01uW/dL5FOUqeCuHt/TTb2S4Tja7+SZUgCSRihNVIStiiyksiKojaSyAwLheALDDcdpxIo/CkOPSw175mrCO1vuOVjlYQK8JnM3VQP+fsm8lcJRYG4PEMvk0T0eZmckkrBW4XYwTmSxLm56J4N33aT6im+cssvN3ubh/Lq5XNZf/Qw//tNSw9ksP48uWei0rZKxGBvA0kMd36YgNrG58ZKwojiqu+3m+KK4uua/nZTJZBM0J8f7mfEdbVRSUrDnQRjlcQQwcoOXOnrKCCHfq4jWq9MEk4w/tBjiisLnxzS4/6wfe7tvZRnz1/KzgQqB/cYkcRw50elc9oaFWjS+o2WhBLFybH6r+/fScFnvvVFpvUDf00CxBxrvSTxYcHWDYi8z7cnkkAS5txvvCT84X60pUgifGIgiXwgbbNckET4XDDBsyvPSMLyCZIInxhIAkl0JSjyd2bjAJJAEpX+D2RIAkkQPLPBsyvtgSSQBJL40EnrFn6f4aZuCsEnPiSBJJBEC4P8h86XIAkkYYSBJJAEkkASubvpkQSSQBKWHMxLJq7DJwZzEsxJmKDBc/g8aWPbUEkYQwj3SRQBjiSQRBEffNZecSAJJMFwE8NNDDc19G7oacgZSSAJJIEkkASSCMYBJIEkgnDYWQrDTQw32Tzwur3DS27fIgkkgSSoJKgkqCSCcWAmkvjTX/9mheb6vOTqpnB2RCVBJeFmmLwPny9tapuZSOKTT0/J+/fv62MHEX08h4eHQZu2qdNH+VuQBJIYhRu+03yRzEwSJycntRLFu3fv5OjoCEkEym4kgSQI+M0P+KP04cwkMcrB8p1uQkq/0+8wMDsGkEQgcwbK2UFJ29P2MFAfBmYmiR9//FHevn2rh3jUMA8P2gAGYAAG6sfAzCSBIOoHAycofQIDMOAyMDNJuAfCe+CEARiAgfoxgCQY6mKoDwZgAAaCDCAJ4AjCQVZXv6yOPqFPps0AkkASSAIGYAAGggwgCeAIwjHtjIX9kSXDQP0YQBJIAknAAAzAQJABJAEcQTjI6uqX1dEn9Mm0GUASSAJJwAAMwECQASQBHEE4pp2xsD+yZBioHwNIAkkgCRiAARgIMoAkgCMIB1ld/bI6+oQ+mTYDSAJJIAkYgAEYCDKAJIAjCMe0Mxb2R5YMA/VjAEkgCSQBAzAAA0EGkARwBOEgq6tfVkef0CfTZqAzkti5ekZ6pxdlx5XCT+el1zsji88+DL7g9t398R4pwQAMNIiBjkhiRxZP9+TM1Z0cnP0L/uW2rbUAej3pOY90e+HtV9mOlpeWVX4f9j7P/2REFu3P/qz0tU+QDQLVbkdeGw54hoXJM9ANSTxblDO+aqEkMKdB2e0IRwqh7TtBWMvmQj8jKn8F4mzf2c7RUSwJZ1uhE0aJ0FtF5bbr/p28D7Upy2GjKwx0QxJKBjqT7sv5Xk+i4B+97vXOS98JljqoepanUGSDeLR+URUQ7aOyJEqlgyTSviBY0RYwMEkGOiEJHcR11p1KwizTz9ZQTDS0VDZHYUsi3Wamo3SVkhVQtG2PTOL9F8omUzUgiUxbO5LnM4ImDIyPgfZLQmflPenZkri6KGcsMRhR9NXkdlJpFDVyKgkT+NP5ieh7erm1DwWtXpYJ9vEyWxLO5/7vxZJw5kgK5yWcY+EkKupfPoMPGDAMtF4SJohnJJFMAMcgGJFUEoT6jpHEoh6+0sHZCe6mUjENrZ6HkYT6vhFP/ntUEna78pqABgOTY6DlkjDzDk4lYSSRyMEML7nrxw1fNMF9elGiCsQeWoq2Y4K8ATgRllsBeCoJJDE56E1/8Ewbw0A5A62WhA7KpxdlUV3d4w43qUCdGYKJsnNzRVMS0NX3cvMLppKIL6mNZWO+e6TfG/GUd4IB1a4+kET1djPtxzNtBgPjZ6DVkuhfiAJ1Gnz9k8xGCCrz33mWv5ciLwm3I7LDP3p/GQHFQ01uBWG/v9CX9DiP9GtTiejjywxnZfdXdmL4jqfsO3zu9jHvYaKbDLRaEgbqNPjakogDbS8d+9fr+6qAXCXhgSUekjqvJsUrzG2oYzISyB9ndGymMglKwpZM2WtHWmafPHv6kqulMvfywEi3GemsJHaunnd+isNIQ1UfqqKwwPBJQsnEl92rYJ1Z7mzHmn9wJZGcjPHwVXY4zNoON9MRxBAZDEyJgc5KIheQnTuyM9m7IwldmeRutjOSUfdB2JPYVnBX27EkYV+ymgoj2o56H+3HN7cR7yskIwcevR0qCYKKw0VyDrAcNgoY6JgknICtsn43eNpZvKooVOMZScSfmWGg5CTTn5sKwsgiH9yjuY9IICpwp2KIj8vs2wr+0XfMXeLm+JFE0vYFcLOO4YVnWBidge5KIhdczOWv+eAeSaJAKE4VooA0wd0eeooqg2g76oqrVBJhsWi4rQokgh1JcNKPftLTdrTdMAx0XhJJ4PYEetOQ+azfBHU3w3fhM+sp8SgJRQIyAkkl4X6v7L3ZrucnPkIT2G7FlJNk2T753PDAMyx0iYFuSsIM61S4CmlcMGgxOIE6FVS1YJ9KhUpiXP3Cdgj4MFDMQCckUQcIlCRycxlk80wYwgAM1JwBJFHzDqqD4DiG4kyL9qF92swAkkASZHIwAAMwEGQASQBHEI42Z0f8bWT/MFCNASSBJJAEDMAADAQZQBLAEYSDTKtapkU70U5tZgBJIAkkAQMwAANBBpAEcAThaHN2xN9G9g8D1RhAEkgCScAADMBAkAEkARxBOMi0qmVatBPt1GYGkASSQBIwAAMwEGQASQBHEI42Z0f8bWT/MFCNgf8DCVhRfnQ8IFwAAAAASUVORK5CYII=\" alt=\"\" style=\"width: 345.938px; height: 117.953px;\"><br></p>', NULL, 'A', 1, 2, 'swing', '2020-08-08 13:46:04', 'swing', '2020-08-09 14:58:37', '这是好题目');
INSERT INTO `ti_question` VALUES (106, 'A', NULL, NULL, 107, NULL, '坐标系', '如图，某飞行器在4千米高空水平飞行，从距着陆点的水平距离10千米处下降， 已知下降飞行轨迹为某三次函数图像的一部分，则函数的解析式为（&nbsp;&nbsp; ）ABCD', '<div class=\"que-stem\" style=\"margin: 0px; padding: 0px; font-size: 16px; color: rgb(51, 51, 51); font-family: 微软雅黑, &quot;Hiragino Sans GB&quot;, arial, helvetica, clean;\"><div class=\"questem-inner bdjson\" style=\"margin: 0px; padding: 0px;\"><p class=\"ext_text-align_left\" style=\"margin-bottom: 0px; padding: 0px; overflow-wrap: break-word; line-height: 1.5;\"><span style=\"vertical-align: middle;\">如图，某飞行器在4千米高空水平飞行，从距着陆点</span><img width=\"16px\" height=\"17px\" class=\"scale-img\" src=\"https://gss0.baidu.com/7LsWdDW5_xN3otqbppnN2DJv/baidu/pic/item/0824ab18972bd4078284c05c7f899e510eb309cb.jpg\" style=\"margin: 14px 0px; max-width: 640px;\"><span style=\"vertical-align: middle;\">的水平距离10千米处下降， 已知下降飞行轨迹为某三次函数图像的一部分，则函数的解析式为（&nbsp;&nbsp; ）</span></p><p class=\"ext_text-align_left\" style=\"margin-bottom: 0px; padding: 0px; overflow-wrap: break-word; line-height: 1.5;\"><img width=\"267px\" height=\"128px\" class=\"scale-img\" src=\"https://gss0.baidu.com/7LsWdDW5_xN3otqbppnN2DJv/baidu/pic/item/0ff41bd5ad6eddc4fcbea75a3ddbb6fd52663331.jpg\" style=\"margin: 14px 0px; max-width: 640px;\"></p></div></div><div class=\"que-options\" style=\"margin: 20px 0px 0px; padding: 0px; font-size: 16px; color: rgb(130, 131, 134); line-height: 1.5; font-family: 微软雅黑, &quot;Hiragino Sans GB&quot;, arial, helvetica, clean;\"><div class=\"queoptions-inner bdjson clearfix\" style=\"margin: 0px; padding: 0px;\"><div class=\"opt-item\" style=\"margin: 0px; padding: 0px 20px 0px 0px; display: inline-block; float: left; height: 69px; line-height: 69px;\"><p style=\"margin-bottom: 0px; padding: 0px; overflow-wrap: break-word; line-height: 1.5; display: inline-block;\"><span class=\"prefix\" style=\"vertical-align: middle; padding-right: 10px;\">A</span><img width=\"105px\" height=\"41px\" class=\"scale-img\" src=\"https://gss0.baidu.com/7LsWdDW5_xN3otqbppnN2DJv/baidu/pic/item/3b87e950352ac65c27dd76d2fff2b21192138ab2.jpg\" style=\"margin: 14px 0px; max-width: 640px;\"></p></div><div class=\"opt-item\" style=\"margin: 0px; padding: 0px 20px 0px 0px; display: inline-block; float: left; height: 69px; line-height: 69px;\"><p style=\"margin-bottom: 0px; padding: 0px; overflow-wrap: break-word; line-height: 1.5; display: inline-block;\"><span class=\"prefix\" style=\"vertical-align: middle; padding-right: 10px;\">B</span><img width=\"105px\" height=\"41px\" class=\"scale-img\" src=\"https://gss0.baidu.com/7LsWdDW5_xN3otqbppnN2DJv/baidu/pic/item/77094b36acaf2eddeef05a48891001e939019309.jpg\" style=\"margin: 14px 0px; max-width: 640px;\"></p></div><div class=\"opt-item\" style=\"margin: 0px; padding: 0px 20px 0px 0px; display: inline-block; float: left; height: 69px; line-height: 69px;\"><p style=\"margin-bottom: 0px; padding: 0px; overflow-wrap: break-word; line-height: 1.5; display: inline-block;\"><span class=\"prefix\" style=\"vertical-align: middle; padding-right: 10px;\">C</span><img width=\"93px\" height=\"41px\" class=\"scale-img\" src=\"https://gss0.baidu.com/7LsWdDW5_xN3otqbppnN2DJv/baidu/pic/item/faf2b2119313b07ef76540a908d7912396dd8cb2.jpg\" style=\"margin: 14px 0px; max-width: 640px;\"></p></div><div class=\"opt-item\" style=\"margin: 0px; padding: 0px 20px 0px 0px; display: inline-block; float: left; height: 69px; line-height: 69px;\"><p style=\"margin-bottom: 0px; padding: 0px; overflow-wrap: break-word; line-height: 1.5; display: inline-block;\"><span class=\"prefix\" style=\"vertical-align: middle; padding-right: 10px;\">D</span><img width=\"116px\" height=\"41px\" class=\"scale-img\" src=\"https://gss0.baidu.com/7LsWdDW5_xN3otqbppnN2DJv/baidu/pic/item/9f510fb30f2442a7674dee04d543ad4bd01302cb.jpg\" style=\"margin: 14px 0px; max-width: 640px;\"></p></div></div></div>', NULL, 'A', 1, 5, 'swing', '2020-08-08 14:21:58', 'swing', '2020-08-09 18:31:28', '测试');
INSERT INTO `ti_question` VALUES (107, 'B', NULL, NULL, 106, NULL, '', '求参数', '<p style=\"text-align: center; \"><img src=\"https://swing-durian.oss-cn-beijing.aliyuncs.com/85/34/8534120579244553a09d3f727b7aadc6.png\" data-filename=\"批注 2020-06-06 185815.png\" style=\"width: 146.071px; height: 135.8px;\"></p><p style=\"text-align: center; \">求参数</p>', NULL, 'B', 1, 5, 'swing', '2020-08-09 12:30:00', 'qian', '2020-08-09 18:29:22', '');

SET FOREIGN_KEY_CHECKS = 1;
